{"resourceType":"CodeSystem","id":"SistemasDeCodificacionCS","text":{"status":"generated","div":"<div xmlns=\"http://www.w3.org/1999/xhtml\"><p>This case-insensitive code system <code>https://paho.org/fhir/esavi/CodeSystem/SistemasDeCodificacionCS</code> defines the following codes:</p><table class=\"codes\"><tr><td style=\"white-space:nowrap\"><b>Code</b></td><td><b>Display</b></td></tr><tr><td style=\"white-space:nowrap\">1<a name=\"SistemasDeCodificacionCS-1\"> </a></td><td>SNOMED-CT</td></tr><tr><td style=\"white-space:nowrap\">2<a name=\"SistemasDeCodificacionCS-2\"> </a></td><td>WHODrug</td></tr><tr><td style=\"white-space:nowrap\">3<a name=\"SistemasDeCodificacionCS-3\"> </a></td><td>ATC</td></tr><tr><td style=\"white-space:nowrap\">4<a name=\"SistemasDeCodificacionCS-4\"> </a></td><td>CIE-11</td></tr></table></div>"},"url":"https://paho.org/fhir/esavi/CodeSystem/SistemasDeCodificacionCS","version":"0.1.43","name":"SistemasDeCodificacionCS","title":"Sistemas De Codificacion","status":"active","experimental":false,"date":"2021-03-11T00:00:00-03:00","publisher":"ESAVI -","contact":[{"name":"ESAVI -","telecom":[{"system":"url","value":"https://covid-19pharmacovigilance.paho.org/resources/updates-on-aefi"},{"system":"email","value":"rizzatodan@paho.org"}]}],"description":"Sistemas De Codificacion para Determinación de Códigos","jurisdiction":[{"coding":[{"system":"http://unstats.un.org/unsd/methods/m49/m49.htm","code":"001"}]}],"caseSensitive":false,"content":"complete","count":4,"concept":[{"code":"1","display":"SNOMED-CT"},{"code":"2","display":"WHODrug"},{"code":"3","display":"ATC"},{"code":"4","display":"CIE-11"}]}