{"resourceType":"ImplementationGuide","id":"uv.esavi","text":{"status":"extensions","div":"<div xmlns=\"http://www.w3.org/1999/xhtml\"><h2>ESAVI</h2><p>The official URL for this implementation guide is: </p><pre>https://paho.org/fhir/esavi/ImplementationGuide/uv.esavi</pre></div>"},"url":"https://paho.org/fhir/esavi/ImplementationGuide/uv.esavi","version":"0.1.41","name":"ESAVI","title":"Guía de Implementación FHIR de ESAVI","status":"draft","date":"2023-12-19T16:49:38-03:00","publisher":"ESAVI -","contact":[{"name":"ESAVI -","telecom":[{"system":"url","value":"https://covid-19pharmacovigilance.paho.org/resources/updates-on-aefi"},{"system":"email","value":"rizzatodan@paho.org"}]}],"jurisdiction":[{"coding":[{"system":"http://unstats.un.org/unsd/methods/m49/m49.htm","code":"001"}]}],"packageId":"uv.esavi","license":"CC0-1.0","fhirVersion":["4.0.1"],"dependsOn":[{"id":"hl7tx","extension":[{"url":"http://hl7.org/fhir/tools/StructureDefinition/implementationguide-dependency-comment","valueMarkdown":"Automatically added as a dependency - all IGs depend on HL7 Terminology"}],"uri":"http://terminology.hl7.org/ImplementationGuide/hl7.terminology","packageId":"hl7.terminology.r4","version":"5.3.0"},{"id":"hl7ext","extension":[{"url":"http://hl7.org/fhir/tools/StructureDefinition/implementationguide-dependency-comment","valueMarkdown":"Automatically added as a dependency - all IGs depend on the HL7 Extension Pack"}],"uri":"http://hl7.org/fhir/extensions/ImplementationGuide/hl7.fhir.uv.extensions","packageId":"hl7.fhir.uv.extensions.r4","version":"1.0.0"}],"definition":{"extension":[{"extension":[{"url":"code","valueString":"copyrightyear"},{"url":"value","valueString":"2021+"}],"url":"http://hl7.org/fhir/tools/StructureDefinition/ig-parameter"},{"extension":[{"url":"code","valueString":"releaselabel"},{"url":"value","valueString":"ci-build"}],"url":"http://hl7.org/fhir/tools/StructureDefinition/ig-parameter"},{"extension":[{"url":"code","valueString":"autoload-resources"},{"url":"value","valueString":"true"}],"url":"http://hl7.org/fhir/tools/StructureDefinition/ig-parameter"},{"extension":[{"url":"code","valueString":"path-liquid"},{"url":"value","valueString":"template/liquid"}],"url":"http://hl7.org/fhir/tools/StructureDefinition/ig-parameter"},{"extension":[{"url":"code","valueString":"path-liquid"},{"url":"value","valueString":"input/liquid"}],"url":"http://hl7.org/fhir/tools/StructureDefinition/ig-parameter"},{"extension":[{"url":"code","valueString":"path-qa"},{"url":"value","valueString":"temp/qa"}],"url":"http://hl7.org/fhir/tools/StructureDefinition/ig-parameter"},{"extension":[{"url":"code","valueString":"path-temp"},{"url":"value","valueString":"temp/pages"}],"url":"http://hl7.org/fhir/tools/StructureDefinition/ig-parameter"},{"extension":[{"url":"code","valueString":"path-output"},{"url":"value","valueString":"output"}],"url":"http://hl7.org/fhir/tools/StructureDefinition/ig-parameter"},{"extension":[{"url":"code","valueString":"path-suppressed-warnings"},{"url":"value","valueString":"input/ignoreWarnings.txt"}],"url":"http://hl7.org/fhir/tools/StructureDefinition/ig-parameter"},{"extension":[{"url":"code","valueString":"path-history"},{"url":"value","valueString":"https://paho.org/fhir/esavi/history.html"}],"url":"http://hl7.org/fhir/tools/StructureDefinition/ig-parameter"},{"extension":[{"url":"code","valueString":"template-html"},{"url":"value","valueString":"template-page.html"}],"url":"http://hl7.org/fhir/tools/StructureDefinition/ig-parameter"},{"extension":[{"url":"code","valueString":"template-md"},{"url":"value","valueString":"template-page-md.html"}],"url":"http://hl7.org/fhir/tools/StructureDefinition/ig-parameter"},{"extension":[{"url":"code","valueString":"apply-contact"},{"url":"value","valueString":"true"}],"url":"http://hl7.org/fhir/tools/StructureDefinition/ig-parameter"},{"extension":[{"url":"code","valueString":"apply-context"},{"url":"value","valueString":"true"}],"url":"http://hl7.org/fhir/tools/StructureDefinition/ig-parameter"},{"extension":[{"url":"code","valueString":"apply-copyright"},{"url":"value","valueString":"true"}],"url":"http://hl7.org/fhir/tools/StructureDefinition/ig-parameter"},{"extension":[{"url":"code","valueString":"apply-jurisdiction"},{"url":"value","valueString":"true"}],"url":"http://hl7.org/fhir/tools/StructureDefinition/ig-parameter"},{"extension":[{"url":"code","valueString":"apply-license"},{"url":"value","valueString":"true"}],"url":"http://hl7.org/fhir/tools/StructureDefinition/ig-parameter"},{"extension":[{"url":"code","valueString":"apply-publisher"},{"url":"value","valueString":"true"}],"url":"http://hl7.org/fhir/tools/StructureDefinition/ig-parameter"},{"extension":[{"url":"code","valueString":"apply-version"},{"url":"value","valueString":"true"}],"url":"http://hl7.org/fhir/tools/StructureDefinition/ig-parameter"},{"extension":[{"url":"code","valueString":"apply-wg"},{"url":"value","valueString":"true"}],"url":"http://hl7.org/fhir/tools/StructureDefinition/ig-parameter"},{"extension":[{"url":"code","valueString":"active-tables"},{"url":"value","valueString":"true"}],"url":"http://hl7.org/fhir/tools/StructureDefinition/ig-parameter"},{"extension":[{"url":"code","valueString":"fmm-definition"},{"url":"value","valueString":"http://hl7.org/fhir/versions.html#maturity"}],"url":"http://hl7.org/fhir/tools/StructureDefinition/ig-parameter"},{"extension":[{"url":"code","valueString":"propagate-status"},{"url":"value","valueString":"true"}],"url":"http://hl7.org/fhir/tools/StructureDefinition/ig-parameter"},{"extension":[{"url":"code","valueString":"excludelogbinaryformat"},{"url":"value","valueString":"true"}],"url":"http://hl7.org/fhir/tools/StructureDefinition/ig-parameter"},{"extension":[{"url":"code","valueString":"tabbed-snapshots"},{"url":"value","valueString":"true"}],"url":"http://hl7.org/fhir/tools/StructureDefinition/ig-parameter"},{"url":"http://hl7.org/fhir/tools/StructureDefinition/ig-internal-dependency","valueCode":"hl7.fhir.uv.tools#current"},{"extension":[{"url":"code","valueCode":"copyrightyear"},{"url":"value","valueString":"2021+"}],"url":"http://hl7.org/fhir/tools/StructureDefinition/ig-parameter"},{"extension":[{"url":"code","valueCode":"releaselabel"},{"url":"value","valueString":"ci-build"}],"url":"http://hl7.org/fhir/tools/StructureDefinition/ig-parameter"},{"extension":[{"url":"code","valueCode":"autoload-resources"},{"url":"value","valueString":"true"}],"url":"http://hl7.org/fhir/tools/StructureDefinition/ig-parameter"},{"extension":[{"url":"code","valueCode":"path-liquid"},{"url":"value","valueString":"template/liquid"}],"url":"http://hl7.org/fhir/tools/StructureDefinition/ig-parameter"},{"extension":[{"url":"code","valueCode":"path-liquid"},{"url":"value","valueString":"input/liquid"}],"url":"http://hl7.org/fhir/tools/StructureDefinition/ig-parameter"},{"extension":[{"url":"code","valueCode":"path-qa"},{"url":"value","valueString":"temp/qa"}],"url":"http://hl7.org/fhir/tools/StructureDefinition/ig-parameter"},{"extension":[{"url":"code","valueCode":"path-temp"},{"url":"value","valueString":"temp/pages"}],"url":"http://hl7.org/fhir/tools/StructureDefinition/ig-parameter"},{"extension":[{"url":"code","valueCode":"path-output"},{"url":"value","valueString":"output"}],"url":"http://hl7.org/fhir/tools/StructureDefinition/ig-parameter"},{"extension":[{"url":"code","valueCode":"path-suppressed-warnings"},{"url":"value","valueString":"input/ignoreWarnings.txt"}],"url":"http://hl7.org/fhir/tools/StructureDefinition/ig-parameter"},{"extension":[{"url":"code","valueCode":"path-history"},{"url":"value","valueString":"https://paho.org/fhir/esavi/history.html"}],"url":"http://hl7.org/fhir/tools/StructureDefinition/ig-parameter"},{"extension":[{"url":"code","valueCode":"template-html"},{"url":"value","valueString":"template-page.html"}],"url":"http://hl7.org/fhir/tools/StructureDefinition/ig-parameter"},{"extension":[{"url":"code","valueCode":"template-md"},{"url":"value","valueString":"template-page-md.html"}],"url":"http://hl7.org/fhir/tools/StructureDefinition/ig-parameter"},{"extension":[{"url":"code","valueCode":"apply-contact"},{"url":"value","valueString":"true"}],"url":"http://hl7.org/fhir/tools/StructureDefinition/ig-parameter"},{"extension":[{"url":"code","valueCode":"apply-context"},{"url":"value","valueString":"true"}],"url":"http://hl7.org/fhir/tools/StructureDefinition/ig-parameter"},{"extension":[{"url":"code","valueCode":"apply-copyright"},{"url":"value","valueString":"true"}],"url":"http://hl7.org/fhir/tools/StructureDefinition/ig-parameter"},{"extension":[{"url":"code","valueCode":"apply-jurisdiction"},{"url":"value","valueString":"true"}],"url":"http://hl7.org/fhir/tools/StructureDefinition/ig-parameter"},{"extension":[{"url":"code","valueCode":"apply-license"},{"url":"value","valueString":"true"}],"url":"http://hl7.org/fhir/tools/StructureDefinition/ig-parameter"},{"extension":[{"url":"code","valueCode":"apply-publisher"},{"url":"value","valueString":"true"}],"url":"http://hl7.org/fhir/tools/StructureDefinition/ig-parameter"},{"extension":[{"url":"code","valueCode":"apply-version"},{"url":"value","valueString":"true"}],"url":"http://hl7.org/fhir/tools/StructureDefinition/ig-parameter"},{"extension":[{"url":"code","valueCode":"apply-wg"},{"url":"value","valueString":"true"}],"url":"http://hl7.org/fhir/tools/StructureDefinition/ig-parameter"},{"extension":[{"url":"code","valueCode":"active-tables"},{"url":"value","valueString":"true"}],"url":"http://hl7.org/fhir/tools/StructureDefinition/ig-parameter"},{"extension":[{"url":"code","valueCode":"fmm-definition"},{"url":"value","valueString":"http://hl7.org/fhir/versions.html#maturity"}],"url":"http://hl7.org/fhir/tools/StructureDefinition/ig-parameter"},{"extension":[{"url":"code","valueCode":"propagate-status"},{"url":"value","valueString":"true"}],"url":"http://hl7.org/fhir/tools/StructureDefinition/ig-parameter"},{"extension":[{"url":"code","valueCode":"excludelogbinaryformat"},{"url":"value","valueString":"true"}],"url":"http://hl7.org/fhir/tools/StructureDefinition/ig-parameter"},{"extension":[{"url":"code","valueCode":"tabbed-snapshots"},{"url":"value","valueString":"true"}],"url":"http://hl7.org/fhir/tools/StructureDefinition/ig-parameter"},{"extension":[{"url":"code","valueCode":"copyrightyear"},{"url":"value","valueString":"2021+"}],"url":"http://hl7.org/fhir/tools/StructureDefinition/ig-parameter"},{"extension":[{"url":"code","valueCode":"releaselabel"},{"url":"value","valueString":"ci-build"}],"url":"http://hl7.org/fhir/tools/StructureDefinition/ig-parameter"},{"extension":[{"url":"code","valueCode":"autoload-resources"},{"url":"value","valueString":"true"}],"url":"http://hl7.org/fhir/tools/StructureDefinition/ig-parameter"},{"extension":[{"url":"code","valueCode":"path-liquid"},{"url":"value","valueString":"template/liquid"}],"url":"http://hl7.org/fhir/tools/StructureDefinition/ig-parameter"},{"extension":[{"url":"code","valueCode":"path-liquid"},{"url":"value","valueString":"input/liquid"}],"url":"http://hl7.org/fhir/tools/StructureDefinition/ig-parameter"},{"extension":[{"url":"code","valueCode":"path-qa"},{"url":"value","valueString":"temp/qa"}],"url":"http://hl7.org/fhir/tools/StructureDefinition/ig-parameter"},{"extension":[{"url":"code","valueCode":"path-temp"},{"url":"value","valueString":"temp/pages"}],"url":"http://hl7.org/fhir/tools/StructureDefinition/ig-parameter"},{"extension":[{"url":"code","valueCode":"path-output"},{"url":"value","valueString":"output"}],"url":"http://hl7.org/fhir/tools/StructureDefinition/ig-parameter"},{"extension":[{"url":"code","valueCode":"path-suppressed-warnings"},{"url":"value","valueString":"input/ignoreWarnings.txt"}],"url":"http://hl7.org/fhir/tools/StructureDefinition/ig-parameter"},{"extension":[{"url":"code","valueCode":"path-history"},{"url":"value","valueString":"https://paho.org/fhir/esavi/history.html"}],"url":"http://hl7.org/fhir/tools/StructureDefinition/ig-parameter"},{"extension":[{"url":"code","valueCode":"template-html"},{"url":"value","valueString":"template-page.html"}],"url":"http://hl7.org/fhir/tools/StructureDefinition/ig-parameter"},{"extension":[{"url":"code","valueCode":"template-md"},{"url":"value","valueString":"template-page-md.html"}],"url":"http://hl7.org/fhir/tools/StructureDefinition/ig-parameter"},{"extension":[{"url":"code","valueCode":"apply-contact"},{"url":"value","valueString":"true"}],"url":"http://hl7.org/fhir/tools/StructureDefinition/ig-parameter"},{"extension":[{"url":"code","valueCode":"apply-context"},{"url":"value","valueString":"true"}],"url":"http://hl7.org/fhir/tools/StructureDefinition/ig-parameter"},{"extension":[{"url":"code","valueCode":"apply-copyright"},{"url":"value","valueString":"true"}],"url":"http://hl7.org/fhir/tools/StructureDefinition/ig-parameter"},{"extension":[{"url":"code","valueCode":"apply-jurisdiction"},{"url":"value","valueString":"true"}],"url":"http://hl7.org/fhir/tools/StructureDefinition/ig-parameter"},{"extension":[{"url":"code","valueCode":"apply-license"},{"url":"value","valueString":"true"}],"url":"http://hl7.org/fhir/tools/StructureDefinition/ig-parameter"},{"extension":[{"url":"code","valueCode":"apply-publisher"},{"url":"value","valueString":"true"}],"url":"http://hl7.org/fhir/tools/StructureDefinition/ig-parameter"},{"extension":[{"url":"code","valueCode":"apply-version"},{"url":"value","valueString":"true"}],"url":"http://hl7.org/fhir/tools/StructureDefinition/ig-parameter"},{"extension":[{"url":"code","valueCode":"apply-wg"},{"url":"value","valueString":"true"}],"url":"http://hl7.org/fhir/tools/StructureDefinition/ig-parameter"},{"extension":[{"url":"code","valueCode":"active-tables"},{"url":"value","valueString":"true"}],"url":"http://hl7.org/fhir/tools/StructureDefinition/ig-parameter"},{"extension":[{"url":"code","valueCode":"fmm-definition"},{"url":"value","valueString":"http://hl7.org/fhir/versions.html#maturity"}],"url":"http://hl7.org/fhir/tools/StructureDefinition/ig-parameter"},{"extension":[{"url":"code","valueCode":"propagate-status"},{"url":"value","valueString":"true"}],"url":"http://hl7.org/fhir/tools/StructureDefinition/ig-parameter"},{"extension":[{"url":"code","valueCode":"excludelogbinaryformat"},{"url":"value","valueString":"true"}],"url":"http://hl7.org/fhir/tools/StructureDefinition/ig-parameter"},{"extension":[{"url":"code","valueCode":"tabbed-snapshots"},{"url":"value","valueString":"true"}],"url":"http://hl7.org/fhir/tools/StructureDefinition/ig-parameter"}],"grouping":[{"id":"-str-profile","name":"Structures: Resource Profiles","description":"These define constraints on FHIR resources for systems conforming to this implementation guide."},{"id":"-term-valueset","name":"Terminology: Value Sets","description":"These define sets of codes used by systems conforming to this implementation guide."},{"id":"-term-codesystem","name":"Terminology: Code Systems","description":"These define new code systems used by systems conforming to this implementation guide."},{"id":"-ex-example","name":"Example: Example Instances","description":"These are example instances that show what data produced and consumed by systems conforming with this implementation guide might look like."}],"resource":[{"extension":[{"url":"http://hl7.org/fhir/tools/StructureDefinition/resource-sort","valueInteger":999999999},{"url":"http://hl7.org/fhir/StructureDefinition/implementationguide-page","valueUri":"StructureDefinition-ESAVIQuestionnaireResponse.html"}],"reference":{"reference":"StructureDefinition/ESAVIQuestionnaireResponse"},"name":"Respuesta de Cuestionario ESAVI","description":"Perfil con los elementos mínimos a considerar para generar la respuesta al cuestinario de ESAVI de la OPS","exampleBoolean":false,"groupingId":"-str-profile"},{"extension":[{"url":"http://hl7.org/fhir/tools/StructureDefinition/resource-sort","valueInteger":999999999},{"url":"http://hl7.org/fhir/StructureDefinition/implementationguide-page","valueUri":"ValueSet-ClasificacionDesenlaceNaranjoVS.html"}],"reference":{"reference":"ValueSet/ClasificacionDesenlaceNaranjoVS"},"name":"Clasificación de causalidad Naranjo","description":"Método de clasificación de causalidad Naranjo","exampleBoolean":false,"groupingId":"-term-valueset"},{"extension":[{"url":"http://hl7.org/fhir/tools/StructureDefinition/resource-sort","valueInteger":999999999},{"url":"http://hl7.org/fhir/StructureDefinition/implementationguide-page","valueUri":"ValueSet-ClasificacionDesenlaceWHOAEFIVS.html"}],"reference":{"reference":"ValueSet/ClasificacionDesenlaceWHOAEFIVS"},"name":"Clasificación de causalidad WHO-AEFI","description":"Método de clasificación de causalidad WHO-AEFI","exampleBoolean":false,"groupingId":"-term-valueset"},{"extension":[{"url":"http://hl7.org/fhir/tools/StructureDefinition/resource-sort","valueInteger":999999999},{"url":"http://hl7.org/fhir/StructureDefinition/implementationguide-page","valueUri":"ValueSet-ClasificacionDesenlaceWHOUMCVS.html"}],"reference":{"reference":"ValueSet/ClasificacionDesenlaceWHOUMCVS"},"name":"Clasificación de causalidad WHO-UMC","description":"Método de clasificación de causalidad WHO-UMC","exampleBoolean":false,"groupingId":"-term-valueset"},{"extension":[{"url":"http://hl7.org/fhir/tools/StructureDefinition/resource-sort","valueInteger":999999999},{"url":"http://hl7.org/fhir/StructureDefinition/implementationguide-page","valueUri":"ValueSet-CodigoMedicamentoVS.html"}],"reference":{"reference":"ValueSet/CodigoMedicamentoVS"},"name":"Codigo Medicamento","description":"Codigo Medicamento","exampleBoolean":false,"groupingId":"-term-valueset"},{"extension":[{"url":"http://hl7.org/fhir/tools/StructureDefinition/resource-sort","valueInteger":999999999},{"url":"http://hl7.org/fhir/StructureDefinition/implementationguide-page","valueUri":"ValueSet-CodigoWhoVacunaVS.html"}],"reference":{"reference":"ValueSet/CodigoWhoVacunaVS"},"name":"Codigo WHODrug de la vacuna","description":"Codificación Estandarizda del código de las Vacunas según WhoDrug","exampleBoolean":false,"groupingId":"-term-valueset"},{"extension":[{"url":"http://hl7.org/fhir/tools/StructureDefinition/resource-sort","valueInteger":999999999},{"url":"http://hl7.org/fhir/StructureDefinition/implementationguide-page","valueUri":"ValueSet-ComplicacionEmbarazoVS.html"}],"reference":{"reference":"ValueSet/ComplicacionEmbarazoVS"},"name":"Complicaciones Embarazo","description":"Conjunto de Valores para la Sección de Complicaciones Embarazo ESAVI","exampleBoolean":false,"groupingId":"-term-valueset"},{"extension":[{"url":"http://hl7.org/fhir/tools/StructureDefinition/resource-sort","valueInteger":999999999},{"url":"http://hl7.org/fhir/StructureDefinition/implementationguide-page","valueUri":"ValueSet-EsaviMedDRAVS.html"}],"reference":{"reference":"ValueSet/EsaviMedDRAVS"},"name":"Código MedDRA del Evento Adverso notificado","description":"Código MedDRA del Evento Adverso notificado","exampleBoolean":false,"groupingId":"-term-valueset"},{"extension":[{"url":"http://hl7.org/fhir/tools/StructureDefinition/resource-sort","valueInteger":999999999},{"url":"http://hl7.org/fhir/StructureDefinition/implementationguide-page","valueUri":"ValueSet-CodigoNoWhoVacunaVS.html"}],"reference":{"reference":"ValueSet/CodigoNoWhoVacunaVS"},"name":"Código no WHODrug de la Vacuna","description":"Código no WHODrug de la Vacuna","exampleBoolean":false,"groupingId":"-term-valueset"},{"extension":[{"url":"http://hl7.org/fhir/tools/StructureDefinition/resource-sort","valueInteger":999999999},{"url":"http://hl7.org/fhir/StructureDefinition/implementationguide-page","valueUri":"ValueSet-ComplicacionEmbarazoMedDRAVS.html"}],"reference":{"reference":"ValueSet/ComplicacionEmbarazoMedDRAVS"},"name":"Códigos MEDDRA Complicaciones en Embarazo ESAVI ","description":"Codificacion Estandarizada de diagnóticos de complicaciones de embarazo mediante códigos MedDRA","exampleBoolean":false,"groupingId":"-term-valueset"},{"extension":[{"url":"http://hl7.org/fhir/tools/StructureDefinition/resource-sort","valueInteger":999999999},{"url":"http://hl7.org/fhir/StructureDefinition/implementationguide-page","valueUri":"ValueSet-DirOrgNotiVS.html"}],"reference":{"reference":"ValueSet/DirOrgNotiVS"},"name":"Códigos PAHO para Direcciones","description":"Conjunto de Valores para dirección según OPS","exampleBoolean":false,"groupingId":"-term-valueset"},{"extension":[{"url":"http://hl7.org/fhir/tools/StructureDefinition/resource-sort","valueInteger":999999999},{"url":"http://hl7.org/fhir/StructureDefinition/implementationguide-page","valueUri":"ValueSet-CodigoMedDRAEnfPreviaVS.html"}],"reference":{"reference":"ValueSet/CodigoMedDRAEnfPreviaVS"},"name":"Códigos de MedDRA para representar enfermedades previas en un ESAVI-PAHO","description":"Describe las enfermedades previas en un ESAVI codificadas en MedDRA","exampleBoolean":false,"groupingId":"-term-valueset"},{"extension":[{"url":"http://hl7.org/fhir/tools/StructureDefinition/resource-sort","valueInteger":999999999},{"url":"http://hl7.org/fhir/StructureDefinition/implementationguide-page","valueUri":"ValueSet-CodPaises.html"}],"reference":{"reference":"ValueSet/CodPaises"},"name":"Códigos de Países","description":"Codigos definidos para la identificación de países segun norma ISO3166-N","exampleBoolean":false,"groupingId":"-term-valueset"},{"extension":[{"url":"http://hl7.org/fhir/tools/StructureDefinition/resource-sort","valueInteger":999999999},{"url":"http://hl7.org/fhir/StructureDefinition/implementationguide-page","valueUri":"ValueSet-ClasificacionDesenlaceVS.html"}],"reference":{"reference":"ValueSet/ClasificacionDesenlaceVS"},"name":"Desenlaces Tras ESAVI","description":"Clasificación de Desenlace Tras Sufrir ESAVI","exampleBoolean":false,"groupingId":"-term-valueset"},{"extension":[{"url":"http://hl7.org/fhir/tools/StructureDefinition/resource-sort","valueInteger":999999999},{"url":"http://hl7.org/fhir/StructureDefinition/implementationguide-page","valueUri":"ValueSet-EnfermedadesPreviasCodificacionVS.html"}],"reference":{"reference":"ValueSet/EnfermedadesPreviasCodificacionVS"},"name":"Enfermedades previas en un ESAVI-PAHO","description":"Describe las enfermedades previas en un ESAVI codificadas en CIE10, CIE11 o SNOMED CT","exampleBoolean":false,"groupingId":"-term-valueset"},{"extension":[{"url":"http://hl7.org/fhir/tools/StructureDefinition/resource-sort","valueInteger":999999999},{"url":"http://hl7.org/fhir/StructureDefinition/implementationguide-page","valueUri":"ValueSet-CodigoWhoFabricanteVS.html"}],"reference":{"reference":"ValueSet/CodigoWhoFabricanteVS"},"name":"Fabricantes Vacuna","description":"Códigos Fabricantes Vacunas de WHO","exampleBoolean":false,"groupingId":"-term-valueset"},{"extension":[{"url":"http://hl7.org/fhir/tools/StructureDefinition/resource-sort","valueInteger":999999999},{"url":"http://hl7.org/fhir/StructureDefinition/implementationguide-page","valueUri":"ValueSet-FormaFarmaceuticaVS.html"}],"reference":{"reference":"ValueSet/FormaFarmaceuticaVS"},"name":"Identificación Formas Farmacéuticas","description":"Describe y lista las formas farmaceuticas de medicamentos para registro en ESAVI segun SNOMED CT","exampleBoolean":false,"groupingId":"-term-valueset"},{"extension":[{"url":"http://hl7.org/fhir/tools/StructureDefinition/resource-sort","valueInteger":999999999},{"url":"http://hl7.org/fhir/StructureDefinition/implementationguide-page","valueUri":"ValueSet-ModoConfirmacionInfeccionVS.html"}],"reference":{"reference":"ValueSet/ModoConfirmacionInfeccionVS"},"name":"Modos Confirmación Infección COVID-19","description":"Modos de Confirmacion de Infección por COVID-19","exampleBoolean":false,"groupingId":"-term-valueset"},{"extension":[{"url":"http://hl7.org/fhir/tools/StructureDefinition/resource-sort","valueInteger":999999999},{"url":"http://hl7.org/fhir/StructureDefinition/implementationguide-page","valueUri":"ValueSet-ModoVerificacionVacunaVS.html"}],"reference":{"reference":"ValueSet/ModoVerificacionVacunaVS"},"name":"Modos Verificación Vacuna Previa","description":"Modos de Verificacion de Vacuna o Esquema de Vacunación Completado","exampleBoolean":false,"groupingId":"-term-valueset"},{"extension":[{"url":"http://hl7.org/fhir/tools/StructureDefinition/resource-sort","valueInteger":999999999},{"url":"http://hl7.org/fhir/StructureDefinition/implementationguide-page","valueUri":"ValueSet-ComplicacionEmbarazoOtroVS.html"}],"reference":{"reference":"ValueSet/ComplicacionEmbarazoOtroVS"},"name":"Otros Códigos Complicaciones en Embarazo ESAVI ","description":"Codificacion Estandarizada de diagnóticos de complicaciones de embarazo mediante códigos Snomed y CIE-10","exampleBoolean":false,"groupingId":"-term-valueset"},{"extension":[{"url":"http://hl7.org/fhir/tools/StructureDefinition/resource-sort","valueInteger":999999999},{"url":"http://hl7.org/fhir/StructureDefinition/implementationguide-page","valueUri":"ValueSet-EsaviOtroVS.html"}],"reference":{"reference":"ValueSet/EsaviOtroVS"},"name":"Otros Códigos Evento Adverso","description":"Evento Adverso en otro sistema según Snomed, ATC y CIE-10","exampleBoolean":false,"groupingId":"-term-valueset"},{"extension":[{"url":"http://hl7.org/fhir/tools/StructureDefinition/resource-sort","valueInteger":999999999},{"url":"http://hl7.org/fhir/StructureDefinition/implementationguide-page","valueUri":"ValueSet-RespuestaSiNoNosabeVS.html"}],"reference":{"reference":"ValueSet/RespuestaSiNoNosabeVS"},"name":"Respuestas Simples","description":"Códigos para capturar respuestas simples si/no/no sabe","exampleBoolean":false,"groupingId":"-term-valueset"},{"extension":[{"url":"http://hl7.org/fhir/tools/StructureDefinition/resource-sort","valueInteger":999999999},{"url":"http://hl7.org/fhir/StructureDefinition/implementationguide-page","valueUri":"ValueSet-SistemasDeCodificacionVS.html"}],"reference":{"reference":"ValueSet/SistemasDeCodificacionVS"},"name":"Sistemas De Codificacion","description":"Sistemas De Codificacion para Determinación de Códigos","exampleBoolean":false,"groupingId":"-term-valueset"},{"extension":[{"url":"http://hl7.org/fhir/tools/StructureDefinition/resource-sort","valueInteger":999999999},{"url":"http://hl7.org/fhir/StructureDefinition/implementationguide-page","valueUri":"ValueSet-SistemaClasfCausalidadVS.html"}],"reference":{"reference":"ValueSet/SistemaClasfCausalidadVS"},"name":"Tipo de Método de clasificación de causalidad","description":"Códigos para Tipos Métodos de Clasificación de Causalidad","exampleBoolean":false,"groupingId":"-term-valueset"},{"extension":[{"url":"http://hl7.org/fhir/tools/StructureDefinition/resource-sort","valueInteger":999999999},{"url":"http://hl7.org/fhir/StructureDefinition/implementationguide-page","valueUri":"ValueSet-ProfesionalNotificadorVS.html"}],"reference":{"reference":"ValueSet/ProfesionalNotificadorVS"},"name":"Tipo de Profesional Notificador","description":"Códigos de Tipo de Notificadores de ESAVI para PAHO","exampleBoolean":false,"groupingId":"-term-valueset"},{"extension":[{"url":"http://hl7.org/fhir/tools/StructureDefinition/resource-sort","valueInteger":999999999},{"url":"http://hl7.org/fhir/StructureDefinition/implementationguide-page","valueUri":"ValueSet-ViaAdminMedicamentoVS.html"}],"reference":{"reference":"ValueSet/ViaAdminMedicamentoVS"},"name":"Vías de Administración de Medicamentos","description":"Describe y lista las vías de administración de medicamentos para registro en ESAVI segun SNOMED CT","exampleBoolean":false,"groupingId":"-term-valueset"},{"extension":[{"url":"http://hl7.org/fhir/tools/StructureDefinition/resource-sort","valueInteger":999999999},{"url":"http://hl7.org/fhir/StructureDefinition/implementationguide-page","valueUri":"CodeSystem-ClasificacionDesenlaceNaranjoCS.html"}],"reference":{"reference":"CodeSystem/ClasificacionDesenlaceNaranjoCS"},"name":"Clasificación de causalidad Naranjo","description":"Método de clasificación de causalidad Naranjo","exampleBoolean":false,"groupingId":"-term-codesystem"},{"extension":[{"url":"http://hl7.org/fhir/tools/StructureDefinition/resource-sort","valueInteger":999999999},{"url":"http://hl7.org/fhir/StructureDefinition/implementationguide-page","valueUri":"CodeSystem-ClasificacionDesenlaceWHOAEFICS.html"}],"reference":{"reference":"CodeSystem/ClasificacionDesenlaceWHOAEFICS"},"name":"Clasificación de causalidad WHO-AEFI","description":"Método de clasificación de causalidad WHO-AEFI","exampleBoolean":false,"groupingId":"-term-codesystem"},{"extension":[{"url":"http://hl7.org/fhir/tools/StructureDefinition/resource-sort","valueInteger":999999999},{"url":"http://hl7.org/fhir/StructureDefinition/implementationguide-page","valueUri":"CodeSystem-ClasificacionDesenlaceWHOUMCCS.html"}],"reference":{"reference":"CodeSystem/ClasificacionDesenlaceWHOUMCCS"},"name":"Clasificación de causalidad WHO-UMC","description":"Método de clasificación de causalidad WHO-UMC","exampleBoolean":false,"groupingId":"-term-codesystem"},{"extension":[{"url":"http://hl7.org/fhir/tools/StructureDefinition/resource-sort","valueInteger":999999999},{"url":"http://hl7.org/fhir/StructureDefinition/implementationguide-page","valueUri":"CodeSystem-ComplicacionEmbarazoCS.html"}],"reference":{"reference":"CodeSystem/ComplicacionEmbarazoCS"},"name":"Complicaciones de Embarazo","description":"Códigos para las Complicaciones de Embarazo","exampleBoolean":false,"groupingId":"-term-codesystem"},{"extension":[{"url":"http://hl7.org/fhir/tools/StructureDefinition/resource-sort","valueInteger":999999999},{"url":"http://hl7.org/fhir/StructureDefinition/implementationguide-page","valueUri":"CodeSystem-DirOrgNotiCS.html"}],"reference":{"reference":"CodeSystem/DirOrgNotiCS"},"name":"Códigos PAHO para Direcciones","description":"Códigos para Direcciones según PAHO","exampleBoolean":false,"groupingId":"-term-codesystem"},{"extension":[{"url":"http://hl7.org/fhir/tools/StructureDefinition/resource-sort","valueInteger":999999999},{"url":"http://hl7.org/fhir/StructureDefinition/implementationguide-page","valueUri":"CodeSystem-ClasificacionDesenlaceCS.html"}],"reference":{"reference":"CodeSystem/ClasificacionDesenlaceCS"},"name":"Desenlaces Tras ESAVI","description":"Clasificación de Desenlace Tras Sufrir ESAVI","exampleBoolean":false,"groupingId":"-term-codesystem"},{"extension":[{"url":"http://hl7.org/fhir/tools/StructureDefinition/resource-sort","valueInteger":999999999},{"url":"http://hl7.org/fhir/StructureDefinition/implementationguide-page","valueUri":"CodeSystem-CodigoWhoFabricanteCS.html"}],"reference":{"reference":"CodeSystem/CodigoWhoFabricanteCS"},"name":"Fabricante   Vacuna","description":"Códigos Fabricantes Vacunas de WHO","exampleBoolean":false,"groupingId":"-term-codesystem"},{"extension":[{"url":"http://hl7.org/fhir/tools/StructureDefinition/resource-sort","valueInteger":999999999},{"url":"http://hl7.org/fhir/StructureDefinition/implementationguide-page","valueUri":"CodeSystem-ModoConfirmacionInfeccionCS.html"}],"reference":{"reference":"CodeSystem/ModoConfirmacionInfeccionCS"},"name":"Modo de Confirmación de la Infección","description":"Modos de Confirmacion de Infección por COVID-19","exampleBoolean":false,"groupingId":"-term-codesystem"},{"extension":[{"url":"http://hl7.org/fhir/tools/StructureDefinition/resource-sort","valueInteger":999999999},{"url":"http://hl7.org/fhir/StructureDefinition/implementationguide-page","valueUri":"CodeSystem-ModoVerificacionVacunaCS.html"}],"reference":{"reference":"CodeSystem/ModoVerificacionVacunaCS"},"name":"Modo de Verificación de Vacunación Previa","description":"Modos de Verificacion de Vacuna o Esquema de Vacunación Completado","exampleBoolean":false,"groupingId":"-term-codesystem"},{"extension":[{"url":"http://hl7.org/fhir/tools/StructureDefinition/resource-sort","valueInteger":999999999},{"url":"http://hl7.org/fhir/StructureDefinition/implementationguide-page","valueUri":"CodeSystem-RespuestaSiNoNosabeCS.html"}],"reference":{"reference":"CodeSystem/RespuestaSiNoNosabeCS"},"name":"Respuestas Simples","description":"Códigos para capturar respuestas simples si/no/no sabe","exampleBoolean":false,"groupingId":"-term-codesystem"},{"extension":[{"url":"http://hl7.org/fhir/tools/StructureDefinition/resource-sort","valueInteger":999999999},{"url":"http://hl7.org/fhir/StructureDefinition/implementationguide-page","valueUri":"CodeSystem-SistemasDeCodificacionCS.html"}],"reference":{"reference":"CodeSystem/SistemasDeCodificacionCS"},"name":"Sistemas De Codificacion","description":"Sistemas De Codificacion para Determinación de Códigos","exampleBoolean":false,"groupingId":"-term-codesystem"},{"extension":[{"url":"http://hl7.org/fhir/tools/StructureDefinition/resource-sort","valueInteger":999999999},{"url":"http://hl7.org/fhir/StructureDefinition/implementationguide-page","valueUri":"CodeSystem-SistemaClasfCausalidadCS.html"}],"reference":{"reference":"CodeSystem/SistemaClasfCausalidadCS"},"name":"Tipo de Método de clasificación de causalidad","description":"Códigos para Tipos de Métodos de Clasificación de Causalidad","exampleBoolean":false,"groupingId":"-term-codesystem"},{"extension":[{"url":"http://hl7.org/fhir/tools/StructureDefinition/resource-sort","valueInteger":999999999},{"url":"http://hl7.org/fhir/StructureDefinition/implementationguide-page","valueUri":"CodeSystem-ProfesionalNotificadorCS.html"}],"reference":{"reference":"CodeSystem/ProfesionalNotificadorCS"},"name":"Tipo de Profesional Notificador","description":"Códigos de Tipo de Notificadores de ESAVI para PAHO","exampleBoolean":false,"groupingId":"-term-codesystem"},{"extension":[{"url":"http://hl7.org/fhir/tools/StructureDefinition/resource-sort","valueInteger":999999999},{"url":"http://hl7.org/fhir/StructureDefinition/implementationguide-page","valueUri":"CodeSystem-WHODrugDC.html"}],"reference":{"reference":"CodeSystem/WHODrugDC"},"name":"WHODrug DrugCode","description":"Fragmento de WHODrug completo con nombres genéricos y comerciales en inglés mayormente codificados por drugcode","exampleBoolean":false,"groupingId":"-term-codesystem"},{"extension":[{"url":"http://hl7.org/fhir/tools/StructureDefinition/resource-sort","valueInteger":999999999},{"url":"http://hl7.org/fhir/StructureDefinition/implementationguide-page","valueUri":"CodeSystem-WHODrugPMID.html"}],"reference":{"reference":"CodeSystem/WHODrugPMID"},"name":"WHODrug PMID","description":"Fragmento de WHODrug completo con nombres genericos y comerciales en inglés mayormente codificados por PMID","exampleBoolean":false,"groupingId":"-term-codesystem"},{"extension":[{"url":"http://hl7.org/fhir/tools/StructureDefinition/resource-sort","valueInteger":999999999},{"url":"http://hl7.org/fhir/StructureDefinition/implementationguide-page","valueUri":"Questionnaire-CuestionarioESAVI.html"}],"reference":{"reference":"Questionnaire/CuestionarioESAVI"},"name":"Cuestionario ESAVI","description":"Cuestionario ESAVI","exampleBoolean":true,"groupingId":"-ex-example"},{"extension":[{"url":"http://hl7.org/fhir/tools/StructureDefinition/resource-sort","valueInteger":999999999},{"url":"http://hl7.org/fhir/StructureDefinition/implementationguide-page","valueUri":"QuestionnaireResponse-ejDosNuevo.html"}],"reference":{"reference":"QuestionnaireResponse/ejDosNuevo"},"name":"ejDosNuevo","description":"Ejemplo de cuestionario Respondido 2","exampleCanonical":"https://paho.org/fhir/esavi/StructureDefinition/ESAVIQuestionnaireResponse","groupingId":"-ex-example"},{"extension":[{"url":"http://hl7.org/fhir/tools/StructureDefinition/resource-sort","valueInteger":999999999},{"url":"http://hl7.org/fhir/StructureDefinition/implementationguide-page","valueUri":"QuestionnaireResponse-ejTresNuevo.html"}],"reference":{"reference":"QuestionnaireResponse/ejTresNuevo"},"name":"ejTresNuevo","description":"Ejemplo de cuestionario Respondido 3","exampleCanonical":"https://paho.org/fhir/esavi/StructureDefinition/ESAVIQuestionnaireResponse","groupingId":"-ex-example"},{"extension":[{"url":"http://hl7.org/fhir/tools/StructureDefinition/resource-sort","valueInteger":999999999},{"url":"http://hl7.org/fhir/StructureDefinition/implementationguide-page","valueUri":"QuestionnaireResponse-ejUnoNuevo.html"}],"reference":{"reference":"QuestionnaireResponse/ejUnoNuevo"},"name":"ejUnoNuevo","exampleCanonical":"https://paho.org/fhir/esavi/StructureDefinition/ESAVIQuestionnaireResponse","groupingId":"-ex-example"}],"page":{"extension":[{"url":"http://hl7.org/fhir/tools/StructureDefinition/ig-page-name","valueUrl":"toc.html"}],"nameUrl":"toc.html","title":"Table of Contents","generation":"html","page":[{"extension":[{"url":"http://hl7.org/fhir/tools/StructureDefinition/ig-page-name","valueUrl":"index.html"}],"nameUrl":"index.html","title":"Inicio","generation":"markdown"},{"extension":[{"url":"http://hl7.org/fhir/tools/StructureDefinition/ig-page-name","valueUrl":"objetivos.html"}],"nameUrl":"objetivos.html","title":"Objetivos","generation":"markdown"},{"extension":[{"url":"http://hl7.org/fhir/tools/StructureDefinition/ig-page-name","valueUrl":"alcance.html"}],"nameUrl":"alcance.html","title":"Alcance","generation":"markdown"},{"extension":[{"url":"http://hl7.org/fhir/tools/StructureDefinition/ig-page-name","valueUrl":"uso.html"}],"nameUrl":"uso.html","title":"Como llenar la Guía","generation":"markdown"},{"extension":[{"url":"http://hl7.org/fhir/tools/StructureDefinition/ig-page-name","valueUrl":"actores_CasosUso.html"}],"nameUrl":"actores_CasosUso.html","title":"Actores y Casos de Uso","generation":"markdown"},{"extension":[{"url":"http://hl7.org/fhir/tools/StructureDefinition/ig-page-name","valueUrl":"artifacts.html"}],"nameUrl":"artifacts.html","title":"Artefactos","generation":"html","page":[{"extension":[{"url":"http://hl7.org/fhir/tools/StructureDefinition/ig-page-name","valueUrl":"StructureDefinition-ESAVIQuestionnaireResponse.html"}],"nameUrl":"StructureDefinition-ESAVIQuestionnaireResponse.html","title":"Respuesta de Cuestionario ESAVI","generation":"generated"},{"extension":[{"url":"http://hl7.org/fhir/tools/StructureDefinition/ig-page-name","valueUrl":"ValueSet-ClasificacionDesenlaceNaranjoVS.html"}],"nameUrl":"ValueSet-ClasificacionDesenlaceNaranjoVS.html","title":"Clasificación de causalidad Naranjo","generation":"generated"},{"extension":[{"url":"http://hl7.org/fhir/tools/StructureDefinition/ig-page-name","valueUrl":"ValueSet-ClasificacionDesenlaceWHOAEFIVS.html"}],"nameUrl":"ValueSet-ClasificacionDesenlaceWHOAEFIVS.html","title":"Clasificación de causalidad WHO-AEFI","generation":"generated"},{"extension":[{"url":"http://hl7.org/fhir/tools/StructureDefinition/ig-page-name","valueUrl":"ValueSet-ClasificacionDesenlaceWHOUMCVS.html"}],"nameUrl":"ValueSet-ClasificacionDesenlaceWHOUMCVS.html","title":"Clasificación de causalidad WHO-UMC","generation":"generated"},{"extension":[{"url":"http://hl7.org/fhir/tools/StructureDefinition/ig-page-name","valueUrl":"ValueSet-CodigoMedicamentoVS.html"}],"nameUrl":"ValueSet-CodigoMedicamentoVS.html","title":"Codigo Medicamento","generation":"generated"},{"extension":[{"url":"http://hl7.org/fhir/tools/StructureDefinition/ig-page-name","valueUrl":"ValueSet-CodigoWhoVacunaVS.html"}],"nameUrl":"ValueSet-CodigoWhoVacunaVS.html","title":"Codigo WHODrug de la vacuna","generation":"generated"},{"extension":[{"url":"http://hl7.org/fhir/tools/StructureDefinition/ig-page-name","valueUrl":"ValueSet-ComplicacionEmbarazoVS.html"}],"nameUrl":"ValueSet-ComplicacionEmbarazoVS.html","title":"Complicaciones Embarazo","generation":"generated"},{"extension":[{"url":"http://hl7.org/fhir/tools/StructureDefinition/ig-page-name","valueUrl":"ValueSet-EsaviMedDRAVS.html"}],"nameUrl":"ValueSet-EsaviMedDRAVS.html","title":"Código MedDRA del Evento Adverso notificado","generation":"generated"},{"extension":[{"url":"http://hl7.org/fhir/tools/StructureDefinition/ig-page-name","valueUrl":"ValueSet-CodigoNoWhoVacunaVS.html"}],"nameUrl":"ValueSet-CodigoNoWhoVacunaVS.html","title":"Código no WHODrug de la Vacuna","generation":"generated"},{"extension":[{"url":"http://hl7.org/fhir/tools/StructureDefinition/ig-page-name","valueUrl":"ValueSet-CodigoMedDRAEnfPreviaVS.html"}],"nameUrl":"ValueSet-CodigoMedDRAEnfPreviaVS.html","title":"Códigos de MedDRA para representar enfermedades previas en un ESAVI-PAHO","generation":"generated"},{"extension":[{"url":"http://hl7.org/fhir/tools/StructureDefinition/ig-page-name","valueUrl":"ValueSet-CodPaises.html"}],"nameUrl":"ValueSet-CodPaises.html","title":"Códigos de Países","generation":"generated"},{"extension":[{"url":"http://hl7.org/fhir/tools/StructureDefinition/ig-page-name","valueUrl":"ValueSet-ComplicacionEmbarazoMedDRAVS.html"}],"nameUrl":"ValueSet-ComplicacionEmbarazoMedDRAVS.html","title":"Códigos MEDDRA Complicaciones en Embarazo ESAVI ","generation":"generated"},{"extension":[{"url":"http://hl7.org/fhir/tools/StructureDefinition/ig-page-name","valueUrl":"ValueSet-DirOrgNotiVS.html"}],"nameUrl":"ValueSet-DirOrgNotiVS.html","title":"Códigos PAHO para Direcciones","generation":"generated"},{"extension":[{"url":"http://hl7.org/fhir/tools/StructureDefinition/ig-page-name","valueUrl":"ValueSet-ClasificacionDesenlaceVS.html"}],"nameUrl":"ValueSet-ClasificacionDesenlaceVS.html","title":"Desenlaces Tras ESAVI","generation":"generated"},{"extension":[{"url":"http://hl7.org/fhir/tools/StructureDefinition/ig-page-name","valueUrl":"ValueSet-EnfermedadesPreviasCodificacionVS.html"}],"nameUrl":"ValueSet-EnfermedadesPreviasCodificacionVS.html","title":"Enfermedades previas en un ESAVI-PAHO","generation":"generated"},{"extension":[{"url":"http://hl7.org/fhir/tools/StructureDefinition/ig-page-name","valueUrl":"ValueSet-CodigoWhoFabricanteVS.html"}],"nameUrl":"ValueSet-CodigoWhoFabricanteVS.html","title":"Fabricantes Vacuna","generation":"generated"},{"extension":[{"url":"http://hl7.org/fhir/tools/StructureDefinition/ig-page-name","valueUrl":"ValueSet-FormaFarmaceuticaVS.html"}],"nameUrl":"ValueSet-FormaFarmaceuticaVS.html","title":"Identificación Formas Farmacéuticas","generation":"generated"},{"extension":[{"url":"http://hl7.org/fhir/tools/StructureDefinition/ig-page-name","valueUrl":"ValueSet-ModoConfirmacionInfeccionVS.html"}],"nameUrl":"ValueSet-ModoConfirmacionInfeccionVS.html","title":"Modos Confirmación Infección COVID-19","generation":"generated"},{"extension":[{"url":"http://hl7.org/fhir/tools/StructureDefinition/ig-page-name","valueUrl":"ValueSet-ModoVerificacionVacunaVS.html"}],"nameUrl":"ValueSet-ModoVerificacionVacunaVS.html","title":"Modos Verificación Vacuna Previa","generation":"generated"},{"extension":[{"url":"http://hl7.org/fhir/tools/StructureDefinition/ig-page-name","valueUrl":"ValueSet-ComplicacionEmbarazoOtroVS.html"}],"nameUrl":"ValueSet-ComplicacionEmbarazoOtroVS.html","title":"Otros Códigos Complicaciones en Embarazo ESAVI ","generation":"generated"},{"extension":[{"url":"http://hl7.org/fhir/tools/StructureDefinition/ig-page-name","valueUrl":"ValueSet-EsaviOtroVS.html"}],"nameUrl":"ValueSet-EsaviOtroVS.html","title":"Otros Códigos Evento Adverso","generation":"generated"},{"extension":[{"url":"http://hl7.org/fhir/tools/StructureDefinition/ig-page-name","valueUrl":"ValueSet-RespuestaSiNoNosabeVS.html"}],"nameUrl":"ValueSet-RespuestaSiNoNosabeVS.html","title":"Respuestas Simples","generation":"generated"},{"extension":[{"url":"http://hl7.org/fhir/tools/StructureDefinition/ig-page-name","valueUrl":"ValueSet-SistemasDeCodificacionVS.html"}],"nameUrl":"ValueSet-SistemasDeCodificacionVS.html","title":"Sistemas De Codificacion","generation":"generated"},{"extension":[{"url":"http://hl7.org/fhir/tools/StructureDefinition/ig-page-name","valueUrl":"ValueSet-SistemaClasfCausalidadVS.html"}],"nameUrl":"ValueSet-SistemaClasfCausalidadVS.html","title":"Tipo de Método de clasificación de causalidad","generation":"generated"},{"extension":[{"url":"http://hl7.org/fhir/tools/StructureDefinition/ig-page-name","valueUrl":"ValueSet-ProfesionalNotificadorVS.html"}],"nameUrl":"ValueSet-ProfesionalNotificadorVS.html","title":"Tipo de Profesional Notificador","generation":"generated"},{"extension":[{"url":"http://hl7.org/fhir/tools/StructureDefinition/ig-page-name","valueUrl":"ValueSet-ViaAdminMedicamentoVS.html"}],"nameUrl":"ValueSet-ViaAdminMedicamentoVS.html","title":"Vías de Administración de Medicamentos","generation":"generated"},{"extension":[{"url":"http://hl7.org/fhir/tools/StructureDefinition/ig-page-name","valueUrl":"CodeSystem-ClasificacionDesenlaceNaranjoCS.html"}],"nameUrl":"CodeSystem-ClasificacionDesenlaceNaranjoCS.html","title":"Clasificación de causalidad Naranjo","generation":"generated"},{"extension":[{"url":"http://hl7.org/fhir/tools/StructureDefinition/ig-page-name","valueUrl":"CodeSystem-ClasificacionDesenlaceWHOAEFICS.html"}],"nameUrl":"CodeSystem-ClasificacionDesenlaceWHOAEFICS.html","title":"Clasificación de causalidad WHO-AEFI","generation":"generated"},{"extension":[{"url":"http://hl7.org/fhir/tools/StructureDefinition/ig-page-name","valueUrl":"CodeSystem-ClasificacionDesenlaceWHOUMCCS.html"}],"nameUrl":"CodeSystem-ClasificacionDesenlaceWHOUMCCS.html","title":"Clasificación de causalidad WHO-UMC","generation":"generated"},{"extension":[{"url":"http://hl7.org/fhir/tools/StructureDefinition/ig-page-name","valueUrl":"CodeSystem-ComplicacionEmbarazoCS.html"}],"nameUrl":"CodeSystem-ComplicacionEmbarazoCS.html","title":"Complicaciones de Embarazo","generation":"generated"},{"extension":[{"url":"http://hl7.org/fhir/tools/StructureDefinition/ig-page-name","valueUrl":"CodeSystem-DirOrgNotiCS.html"}],"nameUrl":"CodeSystem-DirOrgNotiCS.html","title":"Códigos PAHO para Direcciones","generation":"generated"},{"extension":[{"url":"http://hl7.org/fhir/tools/StructureDefinition/ig-page-name","valueUrl":"CodeSystem-ClasificacionDesenlaceCS.html"}],"nameUrl":"CodeSystem-ClasificacionDesenlaceCS.html","title":"Desenlaces Tras ESAVI","generation":"generated"},{"extension":[{"url":"http://hl7.org/fhir/tools/StructureDefinition/ig-page-name","valueUrl":"CodeSystem-CodigoWhoFabricanteCS.html"}],"nameUrl":"CodeSystem-CodigoWhoFabricanteCS.html","title":"Fabricante   Vacuna","generation":"generated"},{"extension":[{"url":"http://hl7.org/fhir/tools/StructureDefinition/ig-page-name","valueUrl":"CodeSystem-ModoConfirmacionInfeccionCS.html"}],"nameUrl":"CodeSystem-ModoConfirmacionInfeccionCS.html","title":"Modo de Confirmación de la Infección","generation":"generated"},{"extension":[{"url":"http://hl7.org/fhir/tools/StructureDefinition/ig-page-name","valueUrl":"CodeSystem-ModoVerificacionVacunaCS.html"}],"nameUrl":"CodeSystem-ModoVerificacionVacunaCS.html","title":"Modo de Verificación de Vacunación Previa","generation":"generated"},{"extension":[{"url":"http://hl7.org/fhir/tools/StructureDefinition/ig-page-name","valueUrl":"CodeSystem-RespuestaSiNoNosabeCS.html"}],"nameUrl":"CodeSystem-RespuestaSiNoNosabeCS.html","title":"Respuestas Simples","generation":"generated"},{"extension":[{"url":"http://hl7.org/fhir/tools/StructureDefinition/ig-page-name","valueUrl":"CodeSystem-SistemasDeCodificacionCS.html"}],"nameUrl":"CodeSystem-SistemasDeCodificacionCS.html","title":"Sistemas De Codificacion","generation":"generated"},{"extension":[{"url":"http://hl7.org/fhir/tools/StructureDefinition/ig-page-name","valueUrl":"CodeSystem-SistemaClasfCausalidadCS.html"}],"nameUrl":"CodeSystem-SistemaClasfCausalidadCS.html","title":"Tipo de Método de clasificación de causalidad","generation":"generated"},{"extension":[{"url":"http://hl7.org/fhir/tools/StructureDefinition/ig-page-name","valueUrl":"CodeSystem-ProfesionalNotificadorCS.html"}],"nameUrl":"CodeSystem-ProfesionalNotificadorCS.html","title":"Tipo de Profesional Notificador","generation":"generated"},{"extension":[{"url":"http://hl7.org/fhir/tools/StructureDefinition/ig-page-name","valueUrl":"CodeSystem-WHODrugDC.html"}],"nameUrl":"CodeSystem-WHODrugDC.html","title":"WHODrug DrugCode","generation":"generated"},{"extension":[{"url":"http://hl7.org/fhir/tools/StructureDefinition/ig-page-name","valueUrl":"CodeSystem-WHODrugPMID.html"}],"nameUrl":"CodeSystem-WHODrugPMID.html","title":"WHODrug PMID","generation":"generated"},{"extension":[{"url":"http://hl7.org/fhir/tools/StructureDefinition/ig-page-name","valueUrl":"Questionnaire-CuestionarioESAVI.html"}],"nameUrl":"Questionnaire-CuestionarioESAVI.html","title":"Cuestionario ESAVI","generation":"generated"},{"extension":[{"url":"http://hl7.org/fhir/tools/StructureDefinition/ig-page-name","valueUrl":"QuestionnaireResponse-ejDosNuevo.html"}],"nameUrl":"QuestionnaireResponse-ejDosNuevo.html","title":"ejDosNuevo","generation":"generated"},{"extension":[{"url":"http://hl7.org/fhir/tools/StructureDefinition/ig-page-name","valueUrl":"QuestionnaireResponse-ejTresNuevo.html"}],"nameUrl":"QuestionnaireResponse-ejTresNuevo.html","title":"ejTresNuevo","generation":"generated"},{"extension":[{"url":"http://hl7.org/fhir/tools/StructureDefinition/ig-page-name","valueUrl":"QuestionnaireResponse-ejUnoNuevo.html"}],"nameUrl":"QuestionnaireResponse-ejUnoNuevo.html","title":"ejUnoNuevo","generation":"generated"}]},{"extension":[{"url":"http://hl7.org/fhir/tools/StructureDefinition/ig-page-name","valueUrl":"mapeos.html"}],"nameUrl":"mapeos.html","title":"Mapeos","generation":"markdown"},{"extension":[{"url":"http://hl7.org/fhir/tools/StructureDefinition/ig-page-name","valueUrl":"terminologias.html"}],"nameUrl":"terminologias.html","title":"Terminologias","generation":"markdown"},{"extension":[{"url":"http://hl7.org/fhir/tools/StructureDefinition/ig-page-name","valueUrl":"descargas.html"}],"nameUrl":"descargas.html","title":"Descargas","generation":"markdown"},{"extension":[{"url":"http://hl7.org/fhir/tools/StructureDefinition/ig-page-name","valueUrl":"generalidades.html"}],"nameUrl":"generalidades.html","title":"Generalidades","generation":"markdown"},{"extension":[{"url":"http://hl7.org/fhir/tools/StructureDefinition/ig-page-name","valueUrl":"consideraciones.html"}],"nameUrl":"consideraciones.html","title":"Consideraciones","generation":"markdown"}]},"parameter":[{"code":"path-resource","value":"input/capabilities"},{"code":"path-resource","value":"input/examples"},{"code":"path-resource","value":"input/extensions"},{"code":"path-resource","value":"input/models"},{"code":"path-resource","value":"input/operations"},{"code":"path-resource","value":"input/profiles"},{"code":"path-resource","value":"input/resources"},{"code":"path-resource","value":"input/vocabulary"},{"code":"path-resource","value":"input/maps"},{"code":"path-resource","value":"input/testing"},{"code":"path-resource","value":"input/history"},{"code":"path-resource","value":"fsh-generated/resources"},{"code":"path-pages","value":"template/config"},{"code":"path-pages","value":"input/images"},{"code":"path-tx-cache","value":"input-cache/txcache"}]}}