{"resourceType":"ValueSet","id":"ProfesionalNotificadorVS","text":{"status":"generated","div":"<div xmlns=\"http://www.w3.org/1999/xhtml\"><p class=\"res-header-id\"><b>Generated Narrative: ValueSet ProfesionalNotificadorVS</b></p><a name=\"ProfesionalNotificadorVS\"> </a><a name=\"hcProfesionalNotificadorVS\"> </a><a name=\"ProfesionalNotificadorVS-en-US\"> </a><ul><li>Include all codes defined in <a href=\"CodeSystem-ProfesionalNotificadorCS.html\"><code>https://paho.org/fhir/esavi/CodeSystem/ProfesionalNotificadorCS</code></a></li></ul></div>"},"url":"https://paho.org/fhir/esavi/ValueSet/ProfesionalNotificadorVS","version":"0.2.0","name":"ProfesionalNotificadorVS","title":"Tipo de Profesional Notificador","status":"active","experimental":false,"date":"2021-03-11T00:00:00-03:00","publisher":"ESAVI -","contact":[{"name":"ESAVI -","telecom":[{"system":"url","value":"https://covid-19pharmacovigilance.paho.org/resources/updates-on-aefi"},{"system":"email","value":"rizzatodan@paho.org"}]}],"description":"Códigos de Tipo de Notificadores de ESAVI para PAHO","jurisdiction":[{"coding":[{"system":"http://unstats.un.org/unsd/methods/m49/m49.htm","code":"001"}]}],"compose":{"include":[{"system":"https://paho.org/fhir/esavi/CodeSystem/ProfesionalNotificadorCS"}]}}