{"resourceType":"ValueSet","id":"CodPaises","text":{"status":"generated","div":"<div xmlns=\"http://www.w3.org/1999/xhtml\"><ul><li>Include all codes defined in <a href=\"http://terminology.hl7.org/5.3.0/CodeSystem-ISO3166Part1.html\"><code>urn:iso:std:iso:3166</code></a></li></ul></div>"},"url":"https://paho.org/fhir/esavi/ValueSet/CodPaises","version":"0.1.41","name":"CodPaises","title":"Códigos de Países","status":"active","date":"2021-03-11T00:00:00-03:00","publisher":"ESAVI -","contact":[{"name":"ESAVI -","telecom":[{"system":"url","value":"https://covid-19pharmacovigilance.paho.org/resources/updates-on-aefi"},{"system":"email","value":"rizzatodan@paho.org"}]}],"description":"Codigos definidos para la identificación de países segun norma ISO3166-N","jurisdiction":[{"coding":[{"system":"http://unstats.un.org/unsd/methods/m49/m49.htm","code":"001"}]}],"compose":{"include":[{"system":"urn:iso:std:iso:3166"}]}}