{"resourceType":"ValueSet","id":"EnfermedadesPreviasCodificacionVS","text":{"status":"generated","div":"<div xmlns=\"http://www.w3.org/1999/xhtml\"><p>This value set includes codes based on the following rules:</p><ul><li>Include codes from <code>http://id.who.int/icd11/mms</code> where concept  is-a  XY0Y</li><li>Include codes from <a href=\"http://terminology.hl7.org/5.3.0/CodeSystem-icd10.html\"><code>http://hl7.org/fhir/sid/icd-10</code></a> where concept  is-a  E03.9</li><li>Include codes from <a href=\"http://terminology.hl7.org/5.3.0/CodeSystem-icd10.html\"><code>http://hl7.org/fhir/sid/icd-10</code></a> where concept  is-a  E66.9</li><li>Include codes from <a href=\"http://terminology.hl7.org/5.3.0/CodeSystem-icd10.html\"><code>http://hl7.org/fhir/sid/icd-10</code></a> where concept  is-a  E10.9</li><li>Include codes from <a href=\"http://terminology.hl7.org/5.3.0/CodeSystem-icd10.html\"><code>http://hl7.org/fhir/sid/icd-10</code></a> where concept  is-a  O03.9</li><li>Include codes from <a href=\"http://terminology.hl7.org/5.3.0/CodeSystem-icd10.html\"><code>http://hl7.org/fhir/sid/icd-10</code></a> where concept  is-a  L53.9</li><li>Include codes from <a href=\"http://terminology.hl7.org/5.3.0/CodeSystem-icd10.html\"><code>http://hl7.org/fhir/sid/icd-10</code></a> where concept  is-a  R60.0</li><li>Include codes from <a href=\"http://terminology.hl7.org/5.3.0/CodeSystem-icd10.html\"><code>http://hl7.org/fhir/sid/icd-10</code></a> where concept  is-a  R52</li><li>Include codes from <a href=\"http://terminology.hl7.org/5.3.0/CodeSystem-icd10.html\"><code>http://hl7.org/fhir/sid/icd-10</code></a> where concept  is-a  R50</li><li>Include codes from <a href=\"http://terminology.hl7.org/5.3.0/CodeSystem-icd10.html\"><code>http://hl7.org/fhir/sid/icd-10</code></a> where concept  is-a  G51.0</li><li>Include codes from <a href=\"http://terminology.hl7.org/5.3.0/CodeSystem-icd10.html\"><code>http://hl7.org/fhir/sid/icd-10</code></a> where concept  is-a  H92.0</li><li>Include codes from <a href=\"http://terminology.hl7.org/5.3.0/CodeSystem-icd10.html\"><code>http://hl7.org/fhir/sid/icd-10</code></a> where concept  is-a  H93.1</li><li>Include codes from <a href=\"http://www.snomed.org/\"><code>http://snomed.info/sct</code></a> where concept  is-a  391103005</li></ul></div>"},"url":"https://paho.org/fhir/esavi/ValueSet/EnfermedadesPreviasCodificacionVS","version":"0.1.41","name":"EnfermedadesPreviasCodificacionVS","title":"Enfermedades previas en un ESAVI-PAHO","status":"active","date":"2021-03-11T00:00:00-03:00","publisher":"ESAVI -","contact":[{"name":"ESAVI -","telecom":[{"system":"url","value":"https://covid-19pharmacovigilance.paho.org/resources/updates-on-aefi"},{"system":"email","value":"rizzatodan@paho.org"}]}],"description":"Describe las enfermedades previas en un ESAVI codificadas en CIE10, CIE11 o SNOMED CT","jurisdiction":[{"coding":[{"system":"http://unstats.un.org/unsd/methods/m49/m49.htm","code":"001"}]}],"compose":{"include":[{"system":"http://id.who.int/icd11/mms","filter":[{"property":"concept","op":"is-a","value":"XY0Y"}]},{"system":"http://hl7.org/fhir/sid/icd-10","filter":[{"property":"concept","op":"is-a","value":"E03.9"}]},{"system":"http://hl7.org/fhir/sid/icd-10","filter":[{"property":"concept","op":"is-a","value":"E66.9"}]},{"system":"http://hl7.org/fhir/sid/icd-10","filter":[{"property":"concept","op":"is-a","value":"E10.9"}]},{"system":"http://hl7.org/fhir/sid/icd-10","filter":[{"property":"concept","op":"is-a","value":"O03.9"}]},{"system":"http://hl7.org/fhir/sid/icd-10","filter":[{"property":"concept","op":"is-a","value":"L53.9"}]},{"system":"http://hl7.org/fhir/sid/icd-10","filter":[{"property":"concept","op":"is-a","value":"R60.0"}]},{"system":"http://hl7.org/fhir/sid/icd-10","filter":[{"property":"concept","op":"is-a","value":"R52"}]},{"system":"http://hl7.org/fhir/sid/icd-10","filter":[{"property":"concept","op":"is-a","value":"R50"}]},{"system":"http://hl7.org/fhir/sid/icd-10","filter":[{"property":"concept","op":"is-a","value":"G51.0"}]},{"system":"http://hl7.org/fhir/sid/icd-10","filter":[{"property":"concept","op":"is-a","value":"H92.0"}]},{"system":"http://hl7.org/fhir/sid/icd-10","filter":[{"property":"concept","op":"is-a","value":"H93.1"}]},{"system":"http://snomed.info/sct","filter":[{"property":"concept","op":"is-a","value":"391103005"}]}]}}