{"resourceType":"ValueSet","id":"ComplicacionEmbarazoOtroVS","text":{"status":"generated","div":"<div xmlns=\"http://www.w3.org/1999/xhtml\"><p class=\"res-header-id\"><b>Generated Narrative: ValueSet ComplicacionEmbarazoOtroVS</b></p><a name=\"ComplicacionEmbarazoOtroVS\"> </a><a name=\"hcComplicacionEmbarazoOtroVS\"> </a><a name=\"ComplicacionEmbarazoOtroVS-en-US\"> </a><p>This value set includes codes based on the following rules:</p><ul><li>Include codes from<a href=\"http://terminology.hl7.org/6.0.2/CodeSystem-icd10.html\"><code>http://hl7.org/fhir/sid/icd-10</code></a> where concept  is-a E03.9 (Hypothyroidism, unspecified)</li><li>Include codes from<a href=\"http://terminology.hl7.org/6.0.2/CodeSystem-icd10.html\"><code>http://hl7.org/fhir/sid/icd-10</code></a> where concept  is-a E66.9 (Obesity, unspecified)</li><li>Include codes from<a href=\"http://terminology.hl7.org/6.0.2/CodeSystem-icd10.html\"><code>http://hl7.org/fhir/sid/icd-10</code></a> where concept  is-a E10.9 (Type 1 diabetes mellitus : Without complications)</li><li>Include codes from<a href=\"http://terminology.hl7.org/6.0.2/CodeSystem-icd10.html\"><code>http://hl7.org/fhir/sid/icd-10</code></a> where concept  is-a O03.9 (Spontaneous abortion : Complete or unspecified, without complication)</li><li>Include codes from<a href=\"http://terminology.hl7.org/6.0.2/CodeSystem-icd10.html\"><code>http://hl7.org/fhir/sid/icd-10</code></a> where concept  is-a L53.9 (Erythematous condition, unspecified)</li><li>Include codes from<a href=\"http://terminology.hl7.org/6.0.2/CodeSystem-icd10.html\"><code>http://hl7.org/fhir/sid/icd-10</code></a> where concept  is-a R60.0 (Localized oedema)</li><li>Include codes from<a href=\"http://terminology.hl7.org/6.0.2/CodeSystem-icd10.html\"><code>http://hl7.org/fhir/sid/icd-10</code></a> where concept  is-a R52 (Pain, not elsewhere classified)</li><li>Include codes from<a href=\"http://terminology.hl7.org/6.0.2/CodeSystem-icd10.html\"><code>http://hl7.org/fhir/sid/icd-10</code></a> where concept  is-a R50 (Fever of other and unknown origin)</li><li>Include codes from<a href=\"http://terminology.hl7.org/6.0.2/CodeSystem-icd10.html\"><code>http://hl7.org/fhir/sid/icd-10</code></a> where concept  is-a G51.0 (Bell palsy)</li><li>Include codes from<a href=\"http://terminology.hl7.org/6.0.2/CodeSystem-icd10.html\"><code>http://hl7.org/fhir/sid/icd-10</code></a> where concept  is-a H92.0 (Otalgia)</li><li>Include codes from<a href=\"http://terminology.hl7.org/6.0.2/CodeSystem-icd10.html\"><code>http://hl7.org/fhir/sid/icd-10</code></a> where concept  is-a H93.1 (Tinnitus)</li><li>Include codes from<a href=\"http://www.snomed.org/\"><code>http://snomed.info/sct</code></a> where concept  is-a 118185001 (Finding related to pregnancy)</li></ul></div>"},"url":"https://paho.org/fhir/esavi/ValueSet/ComplicacionEmbarazoOtroVS","version":"0.2.0","name":"ComplicacionEmbarazoOtroVS","title":"Otros Códigos Complicaciones en Embarazo ESAVI","status":"active","experimental":false,"date":"2021-03-11T00:00:00-03:00","publisher":"ESAVI -","contact":[{"name":"ESAVI -","telecom":[{"system":"url","value":"https://covid-19pharmacovigilance.paho.org/resources/updates-on-aefi"},{"system":"email","value":"rizzatodan@paho.org"}]}],"description":"Codificacion Estandarizada de diagnóticos de complicaciones de embarazo mediante códigos Snomed y CIE-10","jurisdiction":[{"coding":[{"system":"http://unstats.un.org/unsd/methods/m49/m49.htm","code":"001"}]}],"compose":{"include":[{"system":"http://hl7.org/fhir/sid/icd-10","filter":[{"property":"concept","op":"is-a","value":"E03.9"}]},{"system":"http://hl7.org/fhir/sid/icd-10","filter":[{"property":"concept","op":"is-a","value":"E66.9"}]},{"system":"http://hl7.org/fhir/sid/icd-10","filter":[{"property":"concept","op":"is-a","value":"E10.9"}]},{"system":"http://hl7.org/fhir/sid/icd-10","filter":[{"property":"concept","op":"is-a","value":"O03.9"}]},{"system":"http://hl7.org/fhir/sid/icd-10","filter":[{"property":"concept","op":"is-a","value":"L53.9"}]},{"system":"http://hl7.org/fhir/sid/icd-10","filter":[{"property":"concept","op":"is-a","value":"R60.0"}]},{"system":"http://hl7.org/fhir/sid/icd-10","filter":[{"property":"concept","op":"is-a","value":"R52"}]},{"system":"http://hl7.org/fhir/sid/icd-10","filter":[{"property":"concept","op":"is-a","value":"R50"}]},{"system":"http://hl7.org/fhir/sid/icd-10","filter":[{"property":"concept","op":"is-a","value":"G51.0"}]},{"system":"http://hl7.org/fhir/sid/icd-10","filter":[{"property":"concept","op":"is-a","value":"H92.0"}]},{"system":"http://hl7.org/fhir/sid/icd-10","filter":[{"property":"concept","op":"is-a","value":"H93.1"}]},{"system":"http://snomed.info/sct","filter":[{"property":"concept","op":"is-a","value":"118185001"}]}]}}