{"resourceType":"ValueSet","id":"DirOrgNotiVS","text":{"status":"generated","div":"<div xmlns=\"http://www.w3.org/1999/xhtml\"><p class=\"res-header-id\"><b>Generated Narrative: ValueSet DirOrgNotiVS</b></p><a name=\"DirOrgNotiVS\"> </a><a name=\"hcDirOrgNotiVS\"> </a><a name=\"DirOrgNotiVS-en-US\"> </a><ul><li>Include all codes defined in <a href=\"CodeSystem-DirOrgNotiCS.html\"><code>https://paho.org/fhir/esavi/CodeSystem/DirOrgNotiCS</code></a></li></ul></div>"},"url":"https://paho.org/fhir/esavi/ValueSet/DirOrgNotiVS","version":"0.2.0","name":"DirOrgNotiVS","title":"Códigos PAHO para Direcciones","status":"active","experimental":false,"date":"2021-03-11T00:00:00-03:00","publisher":"ESAVI -","contact":[{"name":"ESAVI -","telecom":[{"system":"url","value":"https://covid-19pharmacovigilance.paho.org/resources/updates-on-aefi"},{"system":"email","value":"rizzatodan@paho.org"}]}],"description":"Conjunto de Valores para dirección según OPS","jurisdiction":[{"coding":[{"system":"http://unstats.un.org/unsd/methods/m49/m49.htm","code":"001"}]}],"compose":{"include":[{"system":"https://paho.org/fhir/esavi/CodeSystem/DirOrgNotiCS"}]}}