{"resourceType":"ValueSet","id":"ClasificacionDesenlaceWHOUMCVS","text":{"status":"generated","div":"<div xmlns=\"http://www.w3.org/1999/xhtml\"><p class=\"res-header-id\"><b>Generated Narrative: ValueSet ClasificacionDesenlaceWHOUMCVS</b></p><a name=\"ClasificacionDesenlaceWHOUMCVS\"> </a><a name=\"hcClasificacionDesenlaceWHOUMCVS\"> </a><a name=\"ClasificacionDesenlaceWHOUMCVS-en-US\"> </a><ul><li>Include all codes defined in <a href=\"CodeSystem-ClasificacionDesenlaceWHOUMCCS.html\"><code>https://paho.org/fhir/esavi/CodeSystem/ClasificacionDesenlaceWHOUMCCS</code></a></li></ul></div>"},"url":"https://paho.org/fhir/esavi/ValueSet/ClasificacionDesenlaceWHOUMCVS","version":"0.2.0","name":"ClasificacionDesenlaceWHOUMCVS","title":"Clasificación de causalidad WHO-UMC","status":"active","experimental":false,"date":"2021-03-11T00:00:00-03:00","publisher":"ESAVI -","contact":[{"name":"ESAVI -","telecom":[{"system":"url","value":"https://covid-19pharmacovigilance.paho.org/resources/updates-on-aefi"},{"system":"email","value":"rizzatodan@paho.org"}]}],"description":"Método de clasificación de causalidad WHO-UMC","jurisdiction":[{"coding":[{"system":"http://unstats.un.org/unsd/methods/m49/m49.htm","code":"001"}]}],"compose":{"include":[{"system":"https://paho.org/fhir/esavi/CodeSystem/ClasificacionDesenlaceWHOUMCCS"}]}}