{"resourceType":"ValueSet","id":"ComplicacionEmbarazoMedDRAVS","text":{"status":"generated","div":"<div xmlns=\"http://www.w3.org/1999/xhtml\"><p class=\"res-header-id\"><b>Generated Narrative: ValueSet ComplicacionEmbarazoMedDRAVS</b></p><a name=\"ComplicacionEmbarazoMedDRAVS\"> </a><a name=\"hcComplicacionEmbarazoMedDRAVS\"> </a><a name=\"ComplicacionEmbarazoMedDRAVS-en-US\"> </a><ul><li>Include all codes defined in <a href=\"CodeSystem-MedDRACS.html\"><code>https://paho.org/fhir/esavi/CodeSystem/MedDRACS</code></a></li></ul></div>"},"url":"https://paho.org/fhir/esavi/ValueSet/ComplicacionEmbarazoMedDRAVS","version":"0.2.0","name":"ComplicacionEmbarazoMedDRAVS","title":"Códigos MEDDRA Complicaciones en Embarazo ESAVI","status":"active","experimental":false,"date":"2021-03-11T00:00:00-03:00","publisher":"ESAVI -","contact":[{"name":"ESAVI -","telecom":[{"system":"url","value":"https://covid-19pharmacovigilance.paho.org/resources/updates-on-aefi"},{"system":"email","value":"rizzatodan@paho.org"}]}],"description":"Codificacion Estandarizada de diagnóticos de complicaciones de embarazo mediante códigos MedDRA","jurisdiction":[{"coding":[{"system":"http://unstats.un.org/unsd/methods/m49/m49.htm","code":"001"}]}],"compose":{"include":[{"system":"https://paho.org/fhir/esavi/CodeSystem/MedDRACS"}]}}