{"resourceType":"ValueSet","id":"ProfesionalNotificadorVS","text":{"status":"generated","div":"<div xmlns=\"http://www.w3.org/1999/xhtml\"><ul><li>Include all codes defined in <a href=\"CodeSystem-ProfesionalNotificadorCS.html\"><code>https://paho.org/fhir/esavi/CodeSystem/ProfesionalNotificadorCS</code></a></li></ul></div>"},"url":"https://paho.org/fhir/esavi/ValueSet/ProfesionalNotificadorVS","version":"0.1.3409","name":"ProfesionalNotificadorVS","title":"Tipo de Profesional Notificador","status":"active","date":"2022-02-02","publisher":"ESAVI -","contact":[{"name":"ESAVI -","telecom":[{"system":"url","value":"https://covid-19pharmacovigilance.paho.org/resources/updates-on-aefi"},{"system":"email","value":"rizzatodan@paho.org"}]}],"description":"Códigos de Tipo de Notificadores de ESAVI para PAHO","jurisdiction":[{"coding":[{"system":"http://unstats.un.org/unsd/methods/m49/m49.htm","code":"001"}]}],"compose":{"include":[{"system":"https://paho.org/fhir/esavi/CodeSystem/ProfesionalNotificadorCS"}]}}