{"resourceType":"ValueSet","id":"SistemasDeCodificacionVS","text":{"status":"generated","div":"<div xmlns=\"http://www.w3.org/1999/xhtml\"><ul><li>Include all codes defined in <a href=\"CodeSystem-SistemasDeCodificacionCS.html\"><code>https://paho.org/fhir/esavi/CodeSystem/SistemasDeCodificacionCS</code></a></li></ul></div>"},"url":"https://paho.org/fhir/esavi/ValueSet/SistemasDeCodificacionVS","version":"0.1.44","name":"SistemasDeCodificacionVS","title":"Sistemas De Codificacion","status":"active","experimental":false,"date":"2021-03-11T00:00:00-03:00","publisher":"ESAVI -","contact":[{"name":"ESAVI -","telecom":[{"system":"url","value":"https://covid-19pharmacovigilance.paho.org/resources/updates-on-aefi"},{"system":"email","value":"rizzatodan@paho.org"}]}],"description":"Sistemas De Codificacion para Determinación de Códigos","jurisdiction":[{"coding":[{"system":"http://unstats.un.org/unsd/methods/m49/m49.htm","code":"001"}]}],"compose":{"include":[{"system":"https://paho.org/fhir/esavi/CodeSystem/SistemasDeCodificacionCS"}]}}