{"resourceType":"ValueSet","id":"FormaFarmaceuticaVS","text":{"status":"generated","div":"<div xmlns=\"http://www.w3.org/1999/xhtml\"><ul><li>Include codes from <a href=\"http://www.snomed.org/\"><code>http://snomed.info/sct</code></a> where concept  is-a  736478001 (Basic dose form (basic dose form))</li></ul></div>"},"url":"https://paho.org/fhir/esavi/ValueSet/FormaFarmaceuticaVS","version":"0.1.45","name":"FormaFarmaceuticaVS","title":"Identificación Formas Farmacéuticas","status":"active","experimental":false,"date":"2021-03-11T00:00:00-03:00","publisher":"ESAVI -","contact":[{"name":"ESAVI -","telecom":[{"system":"url","value":"https://covid-19pharmacovigilance.paho.org/resources/updates-on-aefi"},{"system":"email","value":"rizzatodan@paho.org"}]}],"description":"Describe y lista las formas farmaceuticas de medicamentos para registro en ESAVI segun SNOMED CT","jurisdiction":[{"coding":[{"system":"http://unstats.un.org/unsd/methods/m49/m49.htm","code":"001"}]}],"compose":{"include":[{"system":"http://snomed.info/sct","filter":[{"property":"concept","op":"is-a","value":"736478001"}]}]}}