{"resourceType":"ValueSet","id":"CodigoWhoVacunaVS","text":{"status":"generated","div":"<div xmlns=\"http://www.w3.org/1999/xhtml\"><p>This value set includes codes based on the following rules:</p><ul><li>Include all codes defined in <a href=\"CodeSystem-WHODrugPMID.html\"><code>https://paho.org/fhir/esavi/CodeSystem/WHODrugPMID</code></a></li><li>Include all codes defined in <a href=\"CodeSystem-WHODrugDC.html\"><code>https://paho.org/fhir/esavi/CodeSystem/WHODrugDC</code></a></li></ul></div>"},"url":"https://paho.org/fhir/esavi/ValueSet/CodigoWhoVacunaVS","version":"0.1.43","name":"CodigoWhoVacunaVS","title":"Codigo WHODrug de la vacuna","status":"active","experimental":false,"date":"2021-03-11T00:00:00-03:00","publisher":"ESAVI -","contact":[{"name":"ESAVI -","telecom":[{"system":"url","value":"https://covid-19pharmacovigilance.paho.org/resources/updates-on-aefi"},{"system":"email","value":"rizzatodan@paho.org"}]}],"description":"Codificación Estandarizda del código de las Vacunas según WhoDrug","jurisdiction":[{"coding":[{"system":"http://unstats.un.org/unsd/methods/m49/m49.htm","code":"001"}]}],"compose":{"include":[{"system":"https://paho.org/fhir/esavi/CodeSystem/WHODrugPMID"},{"system":"https://paho.org/fhir/esavi/CodeSystem/WHODrugDC"}]}}