{"resourceType":"ValueSet","id":"ClasificacionDesenlaceNaranjoVS","text":{"status":"generated","div":"<div xmlns=\"http://www.w3.org/1999/xhtml\"><p class=\"res-header-id\"><b>Generated Narrative: ValueSet ClasificacionDesenlaceNaranjoVS</b></p><a name=\"ClasificacionDesenlaceNaranjoVS\"> </a><a name=\"hcClasificacionDesenlaceNaranjoVS\"> </a><a name=\"ClasificacionDesenlaceNaranjoVS-en-US\"> </a><ul><li>Include all codes defined in <a href=\"CodeSystem-ClasificacionDesenlaceNaranjoCS.html\"><code>https://paho.org/fhir/esavi/CodeSystem/ClasificacionDesenlaceNaranjoCS</code></a></li></ul></div>"},"url":"https://paho.org/fhir/esavi/ValueSet/ClasificacionDesenlaceNaranjoVS","version":"0.2.0","name":"ClasificacionDesenlaceNaranjoVS","title":"Clasificación de causalidad Naranjo","status":"active","experimental":false,"date":"2021-03-11T00:00:00-03:00","publisher":"ESAVI -","contact":[{"name":"ESAVI -","telecom":[{"system":"url","value":"https://covid-19pharmacovigilance.paho.org/resources/updates-on-aefi"},{"system":"email","value":"rizzatodan@paho.org"}]}],"description":"Método de clasificación de causalidad Naranjo","jurisdiction":[{"coding":[{"system":"http://unstats.un.org/unsd/methods/m49/m49.htm","code":"001"}]}],"compose":{"include":[{"system":"https://paho.org/fhir/esavi/CodeSystem/ClasificacionDesenlaceNaranjoCS"}]}}