{"resourceType":"ValueSet","id":"CodigoMedDRAEnfPreviaVS","text":{"status":"generated","div":"<div xmlns=\"http://www.w3.org/1999/xhtml\"><ul><li>Include all codes defined in <a href=\"http://terminology.hl7.org/5.3.0/CodeSystem-mdr.html\"><code>https://www.meddra.org</code></a></li></ul></div>"},"url":"https://paho.org/fhir/esavi/ValueSet/CodigoMedDRAEnfPreviaVS","version":"0.1.41","name":"CodigoMedDRAEnfPreviaVS","title":"Códigos de MedDRA para representar enfermedades previas en un ESAVI-PAHO","status":"active","date":"2022-02-02","publisher":"ESAVI -","contact":[{"name":"ESAVI -","telecom":[{"system":"url","value":"https://covid-19pharmacovigilance.paho.org/resources/updates-on-aefi"},{"system":"email","value":"rizzatodan@paho.org"}]}],"description":"Describe las enfermedades previas en un ESAVI codificadas en MedDRA","jurisdiction":[{"coding":[{"system":"http://unstats.un.org/unsd/methods/m49/m49.htm","code":"001"}]}],"compose":{"include":[{"system":"https://www.meddra.org"}]}}