<?xml version="1.0" encoding="UTF-8"?><CodeSystem xmlns="http://hl7.org/fhir"><id value="SeccionesNotificacionCS"/><text><status value="generated"/><div xmlns="http://www.w3.org/1999/xhtml"><p>This code system <code>http://paho.org/esavi/CodeSystem/SeccionesNotificacionCS</code> defines the following codes:</p><table class="codes"><tr><td style="white-space:nowrap"><b>Code</b></td></tr><tr><td style="white-space:nowrap">s_IdentificacionPersonaAfectada<a name="SeccionesNotificacionCS-s_IdentificacionPersonaAfectada"> </a></td></tr><tr><td style="white-space:nowrap">s_PersonaNotificadora<a name="SeccionesNotificacionCS-s_PersonaNotificadora"> </a></td></tr><tr><td style="white-space:nowrap">s_AntecedentesPersonaVacunada<a name="SeccionesNotificacionCS-s_AntecedentesPersonaVacunada"> </a></td></tr><tr><td style="white-space:nowrap">s_ParticipacionEnsayoClinico<a name="SeccionesNotificacionCS-s_ParticipacionEnsayoClinico"> </a></td></tr><tr><td style="white-space:nowrap">s_DetallesEmbarazo<a name="SeccionesNotificacionCS-s_DetallesEmbarazo"> </a></td></tr><tr><td style="white-space:nowrap">s_AdministracionVacuna<a name="SeccionesNotificacionCS-s_AdministracionVacuna"> </a></td></tr><tr><td style="white-space:nowrap">s_VacunacionPrevia<a name="SeccionesNotificacionCS-s_VacunacionPrevia"> </a></td></tr><tr><td style="white-space:nowrap">s_EventoAdverso<a name="SeccionesNotificacionCS-s_EventoAdverso"> </a></td></tr><tr><td style="white-space:nowrap">s_GravedadEventoAdverso<a name="SeccionesNotificacionCS-s_GravedadEventoAdverso"> </a></td></tr><tr><td style="white-space:nowrap">s_Desenlace<a name="SeccionesNotificacionCS-s_Desenlace"> </a></td></tr><tr><td style="white-space:nowrap">s_Conclusiones<a name="SeccionesNotificacionCS-s_Conclusiones"> </a></td></tr></table></div></text><url value="http://paho.org/esavi/CodeSystem/SeccionesNotificacionCS"/><version value="0.1.0"/><name value="SeccionesNotificacionCS"/><title value="Secciones Notificación ESAVI"/><status value="active"/><date value="2021-03-11T00:00:00-03:00"/><publisher value="ESAVI -"/><contact><name value="ESAVI -"/><telecom><system value="url"/><value value="https://covid-19pharmacovigilance.paho.org/resources/updates-on-aefi"/></telecom><telecom><system value="email"/><value value="rizzatodan@paho.org"/></telecom></contact><description value="Conjunto de Valores para las Secciones de la Notificación"/><jurisdiction><coding><system value="http://unstats.un.org/unsd/methods/m49/m49.htm"/><code value="001"/></coding></jurisdiction><content value="complete"/><count value="11"/><concept><code value="s_IdentificacionPersonaAfectada"/></concept><concept><code value="s_PersonaNotificadora"/></concept><concept><code value="s_AntecedentesPersonaVacunada"/></concept><concept><code value="s_ParticipacionEnsayoClinico"/></concept><concept><code value="s_DetallesEmbarazo"/></concept><concept><code value="s_AdministracionVacuna"/></concept><concept><code value="s_VacunacionPrevia"/></concept><concept><code value="s_EventoAdverso"/></concept><concept><code value="s_GravedadEventoAdverso"/></concept><concept><code value="s_Desenlace"/></concept><concept><code value="s_Conclusiones"/></concept></CodeSystem>