<?xml version="1.0" encoding="UTF-8"?><CodeSystem xmlns="http://hl7.org/fhir"><id value="SistemasDeCodificacionCS"/><text><status value="generated"/><div xmlns="http://www.w3.org/1999/xhtml"><p>This code system <code>http://paho.org/esavi/CodeSystem/SistemasDeCodificacionCS</code> defines the following codes:</p><table class="codes"><tr><td style="white-space:nowrap"><b>Code</b></td><td><b>Display</b></td></tr><tr><td style="white-space:nowrap">1<a name="SistemasDeCodificacionCS-1"> </a></td><td>SNOMED-CT</td></tr><tr><td style="white-space:nowrap">2<a name="SistemasDeCodificacionCS-2"> </a></td><td>WHODrug</td></tr><tr><td style="white-space:nowrap">3<a name="SistemasDeCodificacionCS-3"> </a></td><td>ATC</td></tr><tr><td style="white-space:nowrap">4<a name="SistemasDeCodificacionCS-4"> </a></td><td>CIE-11</td></tr></table></div></text><url value="http://paho.org/esavi/CodeSystem/SistemasDeCodificacionCS"/><version value="0.1.0"/><name value="SistemasDeCodificacionCS"/><title value="Sistemas De Codificacion"/><status value="active"/><date value="2021-03-11T00:00:00-03:00"/><publisher value="ESAVI -"/><contact><name value="ESAVI -"/><telecom><system value="url"/><value value="https://covid-19pharmacovigilance.paho.org/resources/updates-on-aefi"/></telecom><telecom><system value="email"/><value value="rizzatodan@paho.org"/></telecom></contact><description value="Sistemas De Codificacion para Determinación de Códigos"/><jurisdiction><coding><system value="http://unstats.un.org/unsd/methods/m49/m49.htm"/><code value="001"/></coding></jurisdiction><content value="complete"/><count value="4"/><concept><code value="1"/><display value="SNOMED-CT"/></concept><concept><code value="2"/><display value="WHODrug"/></concept><concept><code value="3"/><display value="ATC"/></concept><concept><code value="4"/><display value="CIE-11"/></concept></CodeSystem>