<?xml version="1.0" encoding="UTF-8"?><CodeSystem xmlns="http://hl7.org/fhir"><id value="DosisVacunaCS"/><text><status value="generated"/><div xmlns="http://www.w3.org/1999/xhtml"><p>This code system <code>http://paho.org/esavi/CodeSystem/DosisVacunaCS</code> defines the following codes:</p><table class="codes"><tr><td style="white-space:nowrap"><b>Code</b></td><td><b>Display</b></td></tr><tr><td style="white-space:nowrap">1<a name="DosisVacunaCS-1"> </a></td><td>Primera Dosis</td></tr><tr><td style="white-space:nowrap">2<a name="DosisVacunaCS-2"> </a></td><td>Segunda Dosis</td></tr><tr><td style="white-space:nowrap">3<a name="DosisVacunaCS-3"> </a></td><td>Refuerzo</td></tr><tr><td style="white-space:nowrap">4<a name="DosisVacunaCS-4"> </a></td><td>Primer Refuerzo</td></tr><tr><td style="white-space:nowrap">5<a name="DosisVacunaCS-5"> </a></td><td>Segundo Refuerzo</td></tr></table></div></text><url value="http://paho.org/esavi/CodeSystem/DosisVacunaCS"/><version value="0.1.0"/><name value="DosisVacunaCS"/><title value="Dosis Vacuna"/><status value="active"/><date value="2021-03-11T00:00:00-03:00"/><publisher value="ESAVI -"/><contact><name value="ESAVI -"/><telecom><system value="url"/><value value="https://covid-19pharmacovigilance.paho.org/resources/updates-on-aefi"/></telecom><telecom><system value="email"/><value value="rizzatodan@paho.org"/></telecom></contact><description value="Indicador de que dosis se ha administrando"/><jurisdiction><coding><system value="http://unstats.un.org/unsd/methods/m49/m49.htm"/><code value="001"/></coding></jurisdiction><content value="complete"/><count value="5"/><concept><code value="1"/><display value="Primera Dosis"/></concept><concept><code value="2"/><display value="Segunda Dosis"/></concept><concept><code value="3"/><display value="Refuerzo"/></concept><concept><code value="4"/><display value="Primer Refuerzo"/></concept><concept><code value="5"/><display value="Segundo Refuerzo"/></concept></CodeSystem>