<?xml version="1.0" encoding="UTF-8"?><ValueSet xmlns="http://hl7.org/fhir"><id value="InvestigacionTipoVS"/><text><status value="generated"/><div xmlns="http://www.w3.org/1999/xhtml"><ul><li>Include all codes defined in <a href="CodeSystem-InvestigacionTipoCS.html"><code>http://paho.org/esavi/CodeSystem/InvestigacionTipoCS</code></a></li></ul></div></text><url value="http://paho.org/esavi/ValueSet/InvestigacionTipoVS"/><version value="0.1.0"/><name value="InvestigacionTipoVS"/><title value="Tipo de Investigación ESAVI"/><status value="active"/><date value="2022-09-19T00:01:02-03:00"/><publisher value="ESAVI -"/><contact><name value="ESAVI -"/><telecom><system value="url"/><value value="https://covid-19pharmacovigilance.paho.org/resources/updates-on-aefi"/></telecom><telecom><system value="email"/><value value="rizzatodan@paho.org"/></telecom></contact><description value="Tipo de Investigación Generada tras Reporte de ESAVI"/><jurisdiction><coding><system value="http://unstats.un.org/unsd/methods/m49/m49.htm"/><code value="001"/></coding></jurisdiction><compose><include><system value="http://paho.org/esavi/CodeSystem/InvestigacionTipoCS"/></include></compose></ValueSet>