<?xml version="1.0" encoding="UTF-8"?><ValueSet xmlns="http://hl7.org/fhir"><id value="CodigoMedDRAEnfPreviaVS"/><text><status value="generated"/><div xmlns="http://www.w3.org/1999/xhtml"><ul><li>Include all codes defined in <code>https://tools.meddra.org</code></li></ul></div></text><url value="http://paho.org/esavi/ValueSet/CodigoMedDRAEnfPreviaVS"/><version value="0.1.0"/><name value="CodigoMedDRAEnfPreviaVS"/><title value="Enfermedades previas en un ESAVI-PAHO"/><status value="active"/><date value="2022-02-02"/><publisher value="ESAVI -"/><contact><name value="ESAVI -"/><telecom><system value="url"/><value value="https://covid-19pharmacovigilance.paho.org/resources/updates-on-aefi"/></telecom><telecom><system value="email"/><value value="rizzatodan@paho.org"/></telecom></contact><description value="Describe las enfermedades previas en un ESAVI codificadas en MedDRA"/><jurisdiction><coding><system value="http://unstats.un.org/unsd/methods/m49/m49.htm"/><code value="001"/></coding></jurisdiction><compose><include><system value="https://tools.meddra.org"/></include></compose></ValueSet>