<?xml version="1.0" encoding="UTF-8"?><ValueSet xmlns="http://hl7.org/fhir"><id value="ModoConfirmacionInfeccionVS"/><text><status value="generated"/><div xmlns="http://www.w3.org/1999/xhtml"><ul><li>Include all codes defined in <a href="CodeSystem-ModoConfirmacionInfeccionCS.html"><code>http://paho.org/esavi/CodeSystem/ModoConfirmacionInfeccionCS</code></a></li></ul></div></text><url value="http://paho.org/esavi/ValueSet/ModoConfirmacionInfeccionVS"/><version value="0.1.0"/><name value="ModoConfirmacionInfeccionVS"/><title value="Modos Confirmación Infección COVID-19"/><status value="active"/><date value="2021-03-11T00:00:00-03:00"/><publisher value="ESAVI -"/><contact><name value="ESAVI -"/><telecom><system value="url"/><value value="https://covid-19pharmacovigilance.paho.org/resources/updates-on-aefi"/></telecom><telecom><system value="email"/><value value="rizzatodan@paho.org"/></telecom></contact><description value="Modos de Confirmacion de Infección por COVID-19"/><jurisdiction><coding><system value="http://unstats.un.org/unsd/methods/m49/m49.htm"/><code value="001"/></coding></jurisdiction><compose><include><system value="http://paho.org/esavi/CodeSystem/ModoConfirmacionInfeccionCS"/></include></compose></ValueSet>