<?xml version="1.0" encoding="UTF-8"?>

<CodeSystem xmlns="http://hl7.org/fhir">
  <id value="ModoVerificacionVacunaCS"/>
  <text>
    <status value="generated"/><div xmlns="http://www.w3.org/1999/xhtml"><p>This code system <code>http://paho.org/esavi/CodeSystem/ModoVerificacionVacunaCS</code> defines the following codes:</p><table class="codes"><tr><td style="white-space:nowrap"><b>Code</b></td><td><b>Display</b></td></tr><tr><td style="white-space:nowrap">1<a name="ModoVerificacionVacunaCS-1"> </a></td><td>Carnet/Registro físico</td></tr><tr><td style="white-space:nowrap">2<a name="ModoVerificacionVacunaCS-2"> </a></td><td>Carnet/Registro electrónico</td></tr><tr><td style="white-space:nowrap">3<a name="ModoVerificacionVacunaCS-3"> </a></td><td>Declaración verbal</td></tr><tr><td style="white-space:nowrap">4<a name="ModoVerificacionVacunaCS-4"> </a></td><td>Historia clínica corroborada con carnet</td></tr><tr><td style="white-space:nowrap">5<a name="ModoVerificacionVacunaCS-5"> </a></td><td>No se sabe</td></tr><tr><td style="white-space:nowrap">O<a name="ModoVerificacionVacunaCS-O"> </a></td><td>Otro</td></tr></table></div>
  </text>
  <url value="http://paho.org/esavi/CodeSystem/ModoVerificacionVacunaCS"/>
  <version value="0.1.0"/>
  <name value="ModoVerificacionVacunaCS"/>
  <title value="Modo de Verificación de Vacunación Previa"/>
  <status value="active"/>
  <date value="2021-03-11T00:00:00-03:00"/>
  <publisher value="ESAVI -"/>
  <contact>
    <name value="ESAVI -"/>
    <telecom>
      <system value="url"/>
      <value value="https://covid-19pharmacovigilance.paho.org/resources/updates-on-aefi"/>
    </telecom>
    <telecom>
      <system value="email"/>
      <value value="rizzatodan@paho.org"/>
    </telecom>
  </contact>
  <description value="Modos de Verificacion de Vacuna o Esquema de Vacunación Completado"/>
  <jurisdiction>
    <coding>
      <system value="http://unstats.un.org/unsd/methods/m49/m49.htm"/>
      <code value="001"/>
    </coding>
  </jurisdiction>
  <content value="complete"/>
  <count value="6"/>
  <concept>
    <code value="1"/>
    <display value="Carnet/Registro físico"/>
  </concept>
  <concept>
    <code value="2"/>
    <display value="Carnet/Registro electrónico"/>
  </concept>
  <concept>
    <code value="3"/>
    <display value="Declaración verbal"/>
  </concept>
  <concept>
    <code value="4"/>
    <display value="Historia clínica corroborada con carnet"/>
  </concept>
  <concept>
    <code value="5"/>
    <display value="No se sabe"/>
  </concept>
  <concept>
    <code value="O"/>
    <display value="Otro"/>
  </concept>
</CodeSystem>