{
  "resourceType": "CodeSystem",
  "id": "CodigoWhoFabricanteCS",
  "text": {
    "status": "generated",
    "div": "<div xmlns=\"http://www.w3.org/1999/xhtml\"><p>This code system <code>http://paho.org/esavi/CodeSystem/CodigoWhoFabricanteCS</code> defines the following codes:</p><table class=\"codes\"><tr><td style=\"white-space:nowrap\"><b>Code</b></td></tr></table></div>"
  },
  "url": "http://paho.org/esavi/CodeSystem/CodigoWhoFabricanteCS",
  "version": "0.1.0",
  "name": "CodigoWhoFabricanteCS",
  "title": "Fabricante   Vacuna",
  "status": "active",
  "date": "2021-03-11T00:00:00-03:00",
  "publisher": "ESAVI -",
  "contact": [
    {
      "name": "ESAVI -",
      "telecom": [
        {
          "system": "url",
          "value": "https://covid-19pharmacovigilance.paho.org/resources/updates-on-aefi"
        },
        {
          "system": "email",
          "value": "rizzatodan@paho.org"
        }
      ]
    }
  ],
  "description": "Códigos Fabricantes Vacunas de WHO",
  "jurisdiction": [
    {
      "coding": [
        {
          "system": "http://unstats.un.org/unsd/methods/m49/m49.htm",
          "code": "001"
        }
      ]
    }
  ],
  "content": "complete"
}