{
  "resourceType": "CodeSystem",
  "id": "DosisVacunaCS",
  "text": {
    "status": "generated",
    "div": "<div xmlns=\"http://www.w3.org/1999/xhtml\"><p>This code system <code>http://paho.org/esavi/CodeSystem/DosisVacunaCS</code> defines the following codes:</p><table class=\"codes\"><tr><td style=\"white-space:nowrap\"><b>Code</b></td><td><b>Display</b></td></tr><tr><td style=\"white-space:nowrap\">1<a name=\"DosisVacunaCS-1\"> </a></td><td>Primera Dosis</td></tr><tr><td style=\"white-space:nowrap\">2<a name=\"DosisVacunaCS-2\"> </a></td><td>Segunda Dosis</td></tr><tr><td style=\"white-space:nowrap\">3<a name=\"DosisVacunaCS-3\"> </a></td><td>Refuerzo</td></tr><tr><td style=\"white-space:nowrap\">4<a name=\"DosisVacunaCS-4\"> </a></td><td>Primer Refuerzo</td></tr><tr><td style=\"white-space:nowrap\">5<a name=\"DosisVacunaCS-5\"> </a></td><td>Segundo Refuerzo</td></tr></table></div>"
  },
  "url": "http://paho.org/esavi/CodeSystem/DosisVacunaCS",
  "version": "0.1.0",
  "name": "DosisVacunaCS",
  "title": "Dosis Vacuna",
  "status": "active",
  "date": "2021-03-11T00:00:00-03:00",
  "publisher": "ESAVI -",
  "contact": [
    {
      "name": "ESAVI -",
      "telecom": [
        {
          "system": "url",
          "value": "https://covid-19pharmacovigilance.paho.org/resources/updates-on-aefi"
        },
        {
          "system": "email",
          "value": "rizzatodan@paho.org"
        }
      ]
    }
  ],
  "description": "Indicador de que dosis se ha administrando",
  "jurisdiction": [
    {
      "coding": [
        {
          "system": "http://unstats.un.org/unsd/methods/m49/m49.htm",
          "code": "001"
        }
      ]
    }
  ],
  "content": "complete",
  "count": 5,
  "concept": [
    {
      "code": "1",
      "display": "Primera Dosis"
    },
    {
      "code": "2",
      "display": "Segunda Dosis"
    },
    {
      "code": "3",
      "display": "Refuerzo"
    },
    {
      "code": "4",
      "display": "Primer Refuerzo"
    },
    {
      "code": "5",
      "display": "Segundo Refuerzo"
    }
  ]
}