{
  "resourceType": "ImplementationGuide",
  "id": "uv.esavi",
  "text": {
    "status": "extensions",
    "div": "<div xmlns=\"http://www.w3.org/1999/xhtml\"><h2>ESAVI</h2><p>The official URL for this implementation guide is: </p><pre>http://paho.org/esavi/ImplementationGuide/uv.esavi</pre></div>"
  },
  "url": "http://paho.org/esavi/ImplementationGuide/uv.esavi",
  "version": "0.1.0",
  "name": "ESAVI",
  "status": "draft",
  "date": "2022-09-19T00:01:02-03:00",
  "publisher": "ESAVI -",
  "contact": [
    {
      "name": "ESAVI -",
      "telecom": [
        {
          "system": "url",
          "value": "https://covid-19pharmacovigilance.paho.org/resources/updates-on-aefi"
        },
        {
          "system": "email",
          "value": "rizzatodan@paho.org"
        }
      ]
    }
  ],
  "jurisdiction": [
    {
      "coding": [
        {
          "system": "http://unstats.un.org/unsd/methods/m49/m49.htm",
          "code": "001"
        }
      ]
    }
  ],
  "packageId": "uv.esavi",
  "license": "CC0-1.0",
  "fhirVersion": [
    "4.0.1"
  ],
  "dependsOn": [
    {
      "id": "hl7tx",
      "uri": "http://terminology.hl7.org/ImplementationGuide/hl7.terminology",
      "packageId": "hl7.terminology.r4",
      "version": "4.0.0"
    }
  ],
  "definition": {
    "extension": [
      {
        "extension": [
          {
            "url": "code",
            "valueString": "copyrightyear"
          },
          {
            "url": "value",
            "valueString": "2021+"
          }
        ],
        "url": "http://hl7.org/fhir/tools/StructureDefinition/ig-parameter"
      },
      {
        "extension": [
          {
            "url": "code",
            "valueString": "releaselabel"
          },
          {
            "url": "value",
            "valueString": "ci-build"
          }
        ],
        "url": "http://hl7.org/fhir/tools/StructureDefinition/ig-parameter"
      },
      {
        "extension": [
          {
            "url": "code",
            "valueString": "path-liquid"
          },
          {
            "url": "value",
            "valueString": "template/liquid"
          }
        ],
        "url": "http://hl7.org/fhir/tools/StructureDefinition/ig-parameter"
      },
      {
        "extension": [
          {
            "url": "code",
            "valueString": "path-liquid"
          },
          {
            "url": "value",
            "valueString": "input/liquid"
          }
        ],
        "url": "http://hl7.org/fhir/tools/StructureDefinition/ig-parameter"
      },
      {
        "extension": [
          {
            "url": "code",
            "valueString": "path-qa"
          },
          {
            "url": "value",
            "valueString": "temp/qa"
          }
        ],
        "url": "http://hl7.org/fhir/tools/StructureDefinition/ig-parameter"
      },
      {
        "extension": [
          {
            "url": "code",
            "valueString": "path-temp"
          },
          {
            "url": "value",
            "valueString": "temp/pages"
          }
        ],
        "url": "http://hl7.org/fhir/tools/StructureDefinition/ig-parameter"
      },
      {
        "extension": [
          {
            "url": "code",
            "valueString": "path-output"
          },
          {
            "url": "value",
            "valueString": "output"
          }
        ],
        "url": "http://hl7.org/fhir/tools/StructureDefinition/ig-parameter"
      },
      {
        "extension": [
          {
            "url": "code",
            "valueString": "path-suppressed-warnings"
          },
          {
            "url": "value",
            "valueString": "input/ignoreWarnings.txt"
          }
        ],
        "url": "http://hl7.org/fhir/tools/StructureDefinition/ig-parameter"
      },
      {
        "extension": [
          {
            "url": "code",
            "valueString": "path-history"
          },
          {
            "url": "value",
            "valueString": "http://paho.org/esavi/history.html"
          }
        ],
        "url": "http://hl7.org/fhir/tools/StructureDefinition/ig-parameter"
      },
      {
        "extension": [
          {
            "url": "code",
            "valueString": "template-html"
          },
          {
            "url": "value",
            "valueString": "template-page.html"
          }
        ],
        "url": "http://hl7.org/fhir/tools/StructureDefinition/ig-parameter"
      },
      {
        "extension": [
          {
            "url": "code",
            "valueString": "template-md"
          },
          {
            "url": "value",
            "valueString": "template-page-md.html"
          }
        ],
        "url": "http://hl7.org/fhir/tools/StructureDefinition/ig-parameter"
      },
      {
        "extension": [
          {
            "url": "code",
            "valueString": "apply-contact"
          },
          {
            "url": "value",
            "valueString": "true"
          }
        ],
        "url": "http://hl7.org/fhir/tools/StructureDefinition/ig-parameter"
      },
      {
        "extension": [
          {
            "url": "code",
            "valueString": "apply-context"
          },
          {
            "url": "value",
            "valueString": "true"
          }
        ],
        "url": "http://hl7.org/fhir/tools/StructureDefinition/ig-parameter"
      },
      {
        "extension": [
          {
            "url": "code",
            "valueString": "apply-copyright"
          },
          {
            "url": "value",
            "valueString": "true"
          }
        ],
        "url": "http://hl7.org/fhir/tools/StructureDefinition/ig-parameter"
      },
      {
        "extension": [
          {
            "url": "code",
            "valueString": "apply-jurisdiction"
          },
          {
            "url": "value",
            "valueString": "true"
          }
        ],
        "url": "http://hl7.org/fhir/tools/StructureDefinition/ig-parameter"
      },
      {
        "extension": [
          {
            "url": "code",
            "valueString": "apply-license"
          },
          {
            "url": "value",
            "valueString": "true"
          }
        ],
        "url": "http://hl7.org/fhir/tools/StructureDefinition/ig-parameter"
      },
      {
        "extension": [
          {
            "url": "code",
            "valueString": "apply-publisher"
          },
          {
            "url": "value",
            "valueString": "true"
          }
        ],
        "url": "http://hl7.org/fhir/tools/StructureDefinition/ig-parameter"
      },
      {
        "extension": [
          {
            "url": "code",
            "valueString": "apply-version"
          },
          {
            "url": "value",
            "valueString": "true"
          }
        ],
        "url": "http://hl7.org/fhir/tools/StructureDefinition/ig-parameter"
      },
      {
        "extension": [
          {
            "url": "code",
            "valueString": "active-tables"
          },
          {
            "url": "value",
            "valueString": "true"
          }
        ],
        "url": "http://hl7.org/fhir/tools/StructureDefinition/ig-parameter"
      }
    ],
    "resource": [
      {
        "extension": [
          {
            "url": "http://hl7.org/fhir/tools/StructureDefinition/resource-information",
            "valueString": "StructureDefinition:resource"
          }
        ],
        "reference": {
          "reference": "StructureDefinition/ESAVIQuestionnaireResponse"
        },
        "name": "Cuestionario",
        "description": "Perfil con los elementos mínimos a considerar para generar la respuesta al cuestinario de ESAVI de la OPS",
        "exampleBoolean": false
      },
      {
        "extension": [
          {
            "url": "http://hl7.org/fhir/tools/StructureDefinition/resource-information",
            "valueString": "ValueSet"
          }
        ],
        "reference": {
          "reference": "ValueSet/ClasificacionDesenlaceVS"
        },
        "name": "Desenlaces Tras ESAVI",
        "description": "Clasificación de Desenlace Tras Sufrir ESAVI",
        "exampleBoolean": false
      },
      {
        "extension": [
          {
            "url": "http://hl7.org/fhir/tools/StructureDefinition/resource-information",
            "valueString": "ValueSet"
          }
        ],
        "reference": {
          "reference": "ValueSet/ClasificacionDesenlaceWHOAEFIVS"
        },
        "name": "Clasificación de causalidad WHO-AEFI",
        "description": "Método de clasificación de causalidad WHO-AEFI",
        "exampleBoolean": false
      },
      {
        "extension": [
          {
            "url": "http://hl7.org/fhir/tools/StructureDefinition/resource-information",
            "valueString": "ValueSet"
          }
        ],
        "reference": {
          "reference": "ValueSet/ClasificacionDesenlaceWHONaranjoVS"
        },
        "name": "Clasificación de causalidad WHO-Naranjo",
        "description": "Método de clasificación de causalidad WHO-Naranjo",
        "exampleBoolean": false
      },
      {
        "extension": [
          {
            "url": "http://hl7.org/fhir/tools/StructureDefinition/resource-information",
            "valueString": "ValueSet"
          }
        ],
        "reference": {
          "reference": "ValueSet/ClasificacionDesenlaceWHOUMCVS"
        },
        "name": "Clasificación de causalidad WHO-UMC",
        "description": "Método de clasificación de causalidad WHO-UMC",
        "exampleBoolean": false
      },
      {
        "extension": [
          {
            "url": "http://hl7.org/fhir/tools/StructureDefinition/resource-information",
            "valueString": "ValueSet"
          }
        ],
        "reference": {
          "reference": "ValueSet/CodPaises"
        },
        "name": "Códigos de Países",
        "description": "Codigos definidos para la identificación de países segun norma ISO3166-N",
        "exampleBoolean": false
      },
      {
        "extension": [
          {
            "url": "http://hl7.org/fhir/tools/StructureDefinition/resource-information",
            "valueString": "ValueSet"
          }
        ],
        "reference": {
          "reference": "ValueSet/CodigoMedDRAEnfPreviaVS"
        },
        "name": "Enfermedades previas en un ESAVI-PAHO",
        "description": "Describe las enfermedades previas en un ESAVI codificadas en MedDRA",
        "exampleBoolean": false
      },
      {
        "extension": [
          {
            "url": "http://hl7.org/fhir/tools/StructureDefinition/resource-information",
            "valueString": "ValueSet"
          }
        ],
        "reference": {
          "reference": "ValueSet/CodigoMedicamentoVS"
        },
        "name": "Codigo Medicamento",
        "description": "Codigo Medicamento",
        "exampleBoolean": false
      },
      {
        "extension": [
          {
            "url": "http://hl7.org/fhir/tools/StructureDefinition/resource-information",
            "valueString": "ValueSet"
          }
        ],
        "reference": {
          "reference": "ValueSet/CodigoNoWhoVacunaVS"
        },
        "name": "Código no WHODrug de la Vacuna",
        "description": "Código no WHODrug de la Vacuna",
        "exampleBoolean": false
      },
      {
        "extension": [
          {
            "url": "http://hl7.org/fhir/tools/StructureDefinition/resource-information",
            "valueString": "ValueSet"
          }
        ],
        "reference": {
          "reference": "ValueSet/CodigoOtroVacunaVS"
        },
        "name": "Nombre Genérico Vacunas Códigos no WHO",
        "description": "Codificación Estandarizada de Nombre Genérico de las Vacunas según Snomed, ATC y CIE-10",
        "exampleBoolean": false
      },
      {
        "extension": [
          {
            "url": "http://hl7.org/fhir/tools/StructureDefinition/resource-information",
            "valueString": "ValueSet"
          }
        ],
        "reference": {
          "reference": "ValueSet/CodigoWhoFabricanteVS"
        },
        "name": "Fabricantes Vacuna",
        "description": "Códigos Fabricantes Vacunas de WHO",
        "exampleBoolean": false
      },
      {
        "extension": [
          {
            "url": "http://hl7.org/fhir/tools/StructureDefinition/resource-information",
            "valueString": "ValueSet"
          }
        ],
        "reference": {
          "reference": "ValueSet/CodigoWhoVacunaVS"
        },
        "name": "Codigo WHODrug de la vacuna",
        "description": "Codificación Estandarizda del código de las Vacunas según WhoDrug",
        "exampleBoolean": false
      },
      {
        "extension": [
          {
            "url": "http://hl7.org/fhir/tools/StructureDefinition/resource-information",
            "valueString": "ValueSet"
          }
        ],
        "reference": {
          "reference": "ValueSet/ComplicacionEmbarazoMedDRAVS"
        },
        "name": "Códigos MEDRA Complicaciones en Embarazo ESAVI ",
        "description": "Codificacion Estandarizada de diagnóticos de complicaciones de embarazo mediante códigos MedDRA",
        "exampleBoolean": false
      },
      {
        "extension": [
          {
            "url": "http://hl7.org/fhir/tools/StructureDefinition/resource-information",
            "valueString": "ValueSet"
          }
        ],
        "reference": {
          "reference": "ValueSet/ComplicacionEmbarazoOtroVS"
        },
        "name": "Otros Códigos Complicaciones en Embarazo ESAVI ",
        "description": "Codificacion Estandarizada de diagnóticos de complicaciones de embarazo mediante códigos Snomed y CIE-10",
        "exampleBoolean": false
      },
      {
        "extension": [
          {
            "url": "http://hl7.org/fhir/tools/StructureDefinition/resource-information",
            "valueString": "ValueSet"
          }
        ],
        "reference": {
          "reference": "ValueSet/ComplicacionEmbarazoVS"
        },
        "name": "Complicaciones Embarazo",
        "description": "Conjunto de Valores para la Sección de Complicaciones Embarazo ESAVI",
        "exampleBoolean": false
      },
      {
        "extension": [
          {
            "url": "http://hl7.org/fhir/tools/StructureDefinition/resource-information",
            "valueString": "ValueSet"
          }
        ],
        "reference": {
          "reference": "ValueSet/DirOrgNotiVS"
        },
        "name": "Códigos PAHO para Direcciones",
        "description": "Conjunto de Valores para dirección según OPS",
        "exampleBoolean": false
      },
      {
        "extension": [
          {
            "url": "http://hl7.org/fhir/tools/StructureDefinition/resource-information",
            "valueString": "ValueSet"
          }
        ],
        "reference": {
          "reference": "ValueSet/DosisVacunaVS"
        },
        "name": "Dosis vacuna",
        "description": "Indicador de que dosis se ha administrando",
        "exampleBoolean": false
      },
      {
        "extension": [
          {
            "url": "http://hl7.org/fhir/tools/StructureDefinition/resource-information",
            "valueString": "ValueSet"
          }
        ],
        "reference": {
          "reference": "ValueSet/EnfermedadesPreviasCodificacionVS"
        },
        "name": "Enfermedades previas en un ESAVI-PAHO",
        "description": "Describe las enfermedades previas en un ESAVI codificadas en CIE10, CIE11 o SNOMED CT",
        "exampleBoolean": false
      },
      {
        "extension": [
          {
            "url": "http://hl7.org/fhir/tools/StructureDefinition/resource-information",
            "valueString": "ValueSet"
          }
        ],
        "reference": {
          "reference": "ValueSet/EsaviMedDRAVS"
        },
        "name": "Códigos MedDRA Evento Adverso",
        "description": "Codificacion Estandarizada de Evento Adverso en MedDRA",
        "exampleBoolean": false
      },
      {
        "extension": [
          {
            "url": "http://hl7.org/fhir/tools/StructureDefinition/resource-information",
            "valueString": "ValueSet"
          }
        ],
        "reference": {
          "reference": "ValueSet/EsaviOtroVS"
        },
        "name": "Otros Códigos Evento Adverso",
        "description": "Evento Adverso en otro sistema según Snomed, ATC y CIE-10",
        "exampleBoolean": false
      },
      {
        "extension": [
          {
            "url": "http://hl7.org/fhir/tools/StructureDefinition/resource-information",
            "valueString": "ValueSet"
          }
        ],
        "reference": {
          "reference": "ValueSet/EventoAdversoVacunaVS"
        },
        "name": "Eventos Adversos",
        "description": "Códigos de Posibles Eventos Adversos a Vacuna",
        "exampleBoolean": false
      },
      {
        "extension": [
          {
            "url": "http://hl7.org/fhir/tools/StructureDefinition/resource-information",
            "valueString": "ValueSet"
          }
        ],
        "reference": {
          "reference": "ValueSet/FormaFarmaceuticaVS"
        },
        "name": "Identificación Formas Farmacéuticas",
        "description": "Describe y lista las formas farmaceuticas de medicamentos para registro en ESAVI segun SNOMED CT",
        "exampleBoolean": false
      },
      {
        "extension": [
          {
            "url": "http://hl7.org/fhir/tools/StructureDefinition/resource-information",
            "valueString": "ValueSet"
          }
        ],
        "reference": {
          "reference": "ValueSet/GrupoEtnicoVS"
        },
        "name": "Grupos Étnicos",
        "description": "Códigos de Grupos Étnicos",
        "exampleBoolean": false
      },
      {
        "extension": [
          {
            "url": "http://hl7.org/fhir/tools/StructureDefinition/resource-information",
            "valueString": "ValueSet"
          }
        ],
        "reference": {
          "reference": "ValueSet/InvestigacionTipoVS"
        },
        "name": "Tipo de Investigación ESAVI",
        "description": "Tipo de Investigación Generada tras Reporte de ESAVI",
        "exampleBoolean": false
      },
      {
        "extension": [
          {
            "url": "http://hl7.org/fhir/tools/StructureDefinition/resource-information",
            "valueString": "ValueSet"
          }
        ],
        "reference": {
          "reference": "ValueSet/MedicamentoGenericoVS"
        },
        "name": "Nombre Genérico de Medicamentos",
        "description": "Codificación Estandarizda del Nombre Genérico de Medicamento según ATC y CIE-10",
        "exampleBoolean": false
      },
      {
        "extension": [
          {
            "url": "http://hl7.org/fhir/tools/StructureDefinition/resource-information",
            "valueString": "ValueSet"
          }
        ],
        "reference": {
          "reference": "ValueSet/MedicamentoOtroVS"
        },
        "name": "Nombre Genérico Medicamento",
        "description": "Nombre Genérico de Medicamento según Snomed",
        "exampleBoolean": false
      },
      {
        "extension": [
          {
            "url": "http://hl7.org/fhir/tools/StructureDefinition/resource-information",
            "valueString": "ValueSet"
          }
        ],
        "reference": {
          "reference": "ValueSet/ModoConfirmacionInfeccionVS"
        },
        "name": "Modos Confirmación Infección COVID-19",
        "description": "Modos de Confirmacion de Infección por COVID-19",
        "exampleBoolean": false
      },
      {
        "extension": [
          {
            "url": "http://hl7.org/fhir/tools/StructureDefinition/resource-information",
            "valueString": "ValueSet"
          }
        ],
        "reference": {
          "reference": "ValueSet/ModoVerificacionVacunaVS"
        },
        "name": "Modos Verificación Vacuna Previa",
        "description": "Modos de Verificacion de Vacuna o Esquema de Vacunación Completado",
        "exampleBoolean": false
      },
      {
        "extension": [
          {
            "url": "http://hl7.org/fhir/tools/StructureDefinition/resource-information",
            "valueString": "ValueSet"
          }
        ],
        "reference": {
          "reference": "ValueSet/NombreComercialMedicamentoVS"
        },
        "name": "Nombre Comercial Medicamento",
        "description": "Codificación Estandarizda del Nombre Comercial de Medicamento según ATC",
        "exampleBoolean": false
      },
      {
        "extension": [
          {
            "url": "http://hl7.org/fhir/tools/StructureDefinition/resource-information",
            "valueString": "ValueSet"
          }
        ],
        "reference": {
          "reference": "ValueSet/NombreComercialVacunaVS"
        },
        "name": "Nombre Comercial Vacunas",
        "description": "Codificación Estandarizda del Nombre Comercial Vacuna en ATC",
        "exampleBoolean": false
      },
      {
        "extension": [
          {
            "url": "http://hl7.org/fhir/tools/StructureDefinition/resource-information",
            "valueString": "ValueSet"
          }
        ],
        "reference": {
          "reference": "ValueSet/ProfesionalNotificadorVS"
        },
        "name": "Tipo de Profesional Notificador",
        "description": "Códigos de Tipo de Notificadores de ESAVI para PAHO",
        "exampleBoolean": false
      },
      {
        "extension": [
          {
            "url": "http://hl7.org/fhir/tools/StructureDefinition/resource-information",
            "valueString": "ValueSet"
          }
        ],
        "reference": {
          "reference": "ValueSet/RespuestaSiNoNosabeVS"
        },
        "name": "Respuestas Simples",
        "description": "Códigos para capturar respuestas simples si/no/no sabe",
        "exampleBoolean": false
      },
      {
        "extension": [
          {
            "url": "http://hl7.org/fhir/tools/StructureDefinition/resource-information",
            "valueString": "ValueSet"
          }
        ],
        "reference": {
          "reference": "ValueSet/RespuestaVerdaderoFalsoVS"
        },
        "name": "Códigos Booleanos",
        "description": "Códigos respuestas simples Verdadero/Falso",
        "exampleBoolean": false
      },
      {
        "extension": [
          {
            "url": "http://hl7.org/fhir/tools/StructureDefinition/resource-information",
            "valueString": "ValueSet"
          }
        ],
        "reference": {
          "reference": "ValueSet/SeccionesNotificacionVS"
        },
        "name": "Secciones Notificación EDAVI",
        "description": "Conjunto de Valores para las Secciones de la Notificación",
        "exampleBoolean": false
      },
      {
        "extension": [
          {
            "url": "http://hl7.org/fhir/tools/StructureDefinition/resource-information",
            "valueString": "ValueSet"
          }
        ],
        "reference": {
          "reference": "ValueSet/SistemaClasfCausalidadVS"
        },
        "name": "Tipo de Método de clasificación de causalidad",
        "description": "Códigos para Tipos Métodos de Clasificación de Causalidad",
        "exampleBoolean": false
      },
      {
        "extension": [
          {
            "url": "http://hl7.org/fhir/tools/StructureDefinition/resource-information",
            "valueString": "ValueSet"
          }
        ],
        "reference": {
          "reference": "ValueSet/SistemasDeCodificacionVS"
        },
        "name": "Sistemas De Codificacion",
        "description": "Sistemas De Codificacion para Determinación de Códigos",
        "exampleBoolean": false
      },
      {
        "extension": [
          {
            "url": "http://hl7.org/fhir/tools/StructureDefinition/resource-information",
            "valueString": "ValueSet"
          }
        ],
        "reference": {
          "reference": "ValueSet/SustanciaActivaVS"
        },
        "name": "Sustancia Activa Medicamento",
        "description": "Codificación Estandarizda de Sustancia Activa de Medicamento según Snomed, ATC y CIE-10",
        "exampleBoolean": false
      },
      {
        "extension": [
          {
            "url": "http://hl7.org/fhir/tools/StructureDefinition/resource-information",
            "valueString": "ValueSet"
          }
        ],
        "reference": {
          "reference": "ValueSet/ViaAdminMedicamentoVS"
        },
        "name": "Vías de Administración de Medicamentos",
        "description": "Describe y lista las vías de administración de medicamentos para registro en ESAVI segun SNOMED CT",
        "exampleBoolean": false
      },
      {
        "extension": [
          {
            "url": "http://hl7.org/fhir/tools/StructureDefinition/resource-information",
            "valueString": "CodeSystem"
          }
        ],
        "reference": {
          "reference": "CodeSystem/ClasificacionDesenlaceCS"
        },
        "name": "Desenlaces Tras ESAVI",
        "description": "Clasificación de Desenlace Tras Sufrir ESAVI",
        "exampleBoolean": false
      },
      {
        "extension": [
          {
            "url": "http://hl7.org/fhir/tools/StructureDefinition/resource-information",
            "valueString": "CodeSystem"
          }
        ],
        "reference": {
          "reference": "CodeSystem/ClasificacionDesenlaceWHOAEFICS"
        },
        "name": "Clasificación de causalidad WHO-AEFI",
        "description": "Método de clasificación de causalidad WHO-AEFI",
        "exampleBoolean": false
      },
      {
        "extension": [
          {
            "url": "http://hl7.org/fhir/tools/StructureDefinition/resource-information",
            "valueString": "CodeSystem"
          }
        ],
        "reference": {
          "reference": "CodeSystem/ClasificacionDesenlaceWHONaranjoCS"
        },
        "name": "Clasificación de causalidad WHO-Naranjo",
        "description": "Método de clasificación de causalidad WHO-Naranjo",
        "exampleBoolean": false
      },
      {
        "extension": [
          {
            "url": "http://hl7.org/fhir/tools/StructureDefinition/resource-information",
            "valueString": "CodeSystem"
          }
        ],
        "reference": {
          "reference": "CodeSystem/ClasificacionDesenlaceWHOUMCCS"
        },
        "name": "Clasificación de causalidad WHO-UMC",
        "description": "Método de clasificación de causalidad WHO-UMC",
        "exampleBoolean": false
      },
      {
        "extension": [
          {
            "url": "http://hl7.org/fhir/tools/StructureDefinition/resource-information",
            "valueString": "CodeSystem"
          }
        ],
        "reference": {
          "reference": "CodeSystem/CodigoMedicamentoCS"
        },
        "name": "Codigo Medicamento",
        "description": "Codigo Medicamento",
        "exampleBoolean": false
      },
      {
        "extension": [
          {
            "url": "http://hl7.org/fhir/tools/StructureDefinition/resource-information",
            "valueString": "CodeSystem"
          }
        ],
        "reference": {
          "reference": "CodeSystem/CodigoNoWhoVacunaCS"
        },
        "name": "Código no WHODrug de la Vacuna",
        "description": "Código no WHODrug de la Vacuna",
        "exampleBoolean": false
      },
      {
        "extension": [
          {
            "url": "http://hl7.org/fhir/tools/StructureDefinition/resource-information",
            "valueString": "CodeSystem"
          }
        ],
        "reference": {
          "reference": "CodeSystem/CodigoWhoFabricanteCS"
        },
        "name": "Fabricante   Vacuna",
        "description": "Códigos Fabricantes Vacunas de WHO",
        "exampleBoolean": false
      },
      {
        "extension": [
          {
            "url": "http://hl7.org/fhir/tools/StructureDefinition/resource-information",
            "valueString": "CodeSystem"
          }
        ],
        "reference": {
          "reference": "CodeSystem/ComplicacionEmbarazoCS"
        },
        "name": "Complicaciones de Embarazo",
        "description": "Códigos para las Complicaciones de Embarazo",
        "exampleBoolean": false
      },
      {
        "extension": [
          {
            "url": "http://hl7.org/fhir/tools/StructureDefinition/resource-information",
            "valueString": "CodeSystem"
          }
        ],
        "reference": {
          "reference": "CodeSystem/DirOrgNotiCS"
        },
        "name": "Códigos PAHO para Direcciones",
        "description": "Códigos para Direcciones según PAHO",
        "exampleBoolean": false
      },
      {
        "extension": [
          {
            "url": "http://hl7.org/fhir/tools/StructureDefinition/resource-information",
            "valueString": "CodeSystem"
          }
        ],
        "reference": {
          "reference": "CodeSystem/DosisVacunaCS"
        },
        "name": "Dosis Vacuna",
        "description": "Indicador de que dosis se ha administrando",
        "exampleBoolean": false
      },
      {
        "extension": [
          {
            "url": "http://hl7.org/fhir/tools/StructureDefinition/resource-information",
            "valueString": "CodeSystem"
          }
        ],
        "reference": {
          "reference": "CodeSystem/EventoAdversoVacunaCS"
        },
        "name": "Eventos Adversos",
        "description": "Códigos de Posibles Eventos Adversos a Vacuna",
        "exampleBoolean": false
      },
      {
        "extension": [
          {
            "url": "http://hl7.org/fhir/tools/StructureDefinition/resource-information",
            "valueString": "CodeSystem"
          }
        ],
        "reference": {
          "reference": "CodeSystem/GrupoEtnicoCS"
        },
        "name": "Grupos Étnicos",
        "description": "Códigos de Grupos Étnicos",
        "exampleBoolean": false
      },
      {
        "extension": [
          {
            "url": "http://hl7.org/fhir/tools/StructureDefinition/resource-information",
            "valueString": "CodeSystem"
          }
        ],
        "reference": {
          "reference": "CodeSystem/InvestigacionTipoCS"
        },
        "name": "Tipo de Investigación ESAVI",
        "description": "Tipo de Investigación Generada tras Reporte de ESAVI",
        "exampleBoolean": false
      },
      {
        "extension": [
          {
            "url": "http://hl7.org/fhir/tools/StructureDefinition/resource-information",
            "valueString": "CodeSystem"
          }
        ],
        "reference": {
          "reference": "CodeSystem/ModoConfirmacionInfeccionCS"
        },
        "name": "Modo de Confirmación de la Infección",
        "description": "Modos de Confirmacion de Infección por COVID-19",
        "exampleBoolean": false
      },
      {
        "extension": [
          {
            "url": "http://hl7.org/fhir/tools/StructureDefinition/resource-information",
            "valueString": "CodeSystem"
          }
        ],
        "reference": {
          "reference": "CodeSystem/ModoVerificacionVacunaCS"
        },
        "name": "Modo de Verificación de Vacunación Previa",
        "description": "Modos de Verificacion de Vacuna o Esquema de Vacunación Completado",
        "exampleBoolean": false
      },
      {
        "extension": [
          {
            "url": "http://hl7.org/fhir/tools/StructureDefinition/resource-information",
            "valueString": "CodeSystem"
          }
        ],
        "reference": {
          "reference": "CodeSystem/ProfesionalNotificadorCS"
        },
        "name": "Tipo de Profesional Notificador",
        "description": "Códigos de Tipo de Notificadores de ESAVI para PAHO",
        "exampleBoolean": false
      },
      {
        "extension": [
          {
            "url": "http://hl7.org/fhir/tools/StructureDefinition/resource-information",
            "valueString": "CodeSystem"
          }
        ],
        "reference": {
          "reference": "CodeSystem/RespuestaSiNoNosabeCS"
        },
        "name": "Respuestas Simples",
        "description": "Códigos para capturar respuestas simples si/no/no sabe",
        "exampleBoolean": false
      },
      {
        "extension": [
          {
            "url": "http://hl7.org/fhir/tools/StructureDefinition/resource-information",
            "valueString": "CodeSystem"
          }
        ],
        "reference": {
          "reference": "CodeSystem/RespuestaVerdaderoFalsoCS"
        },
        "name": "Códigos Booleanos",
        "description": "Códigos respuestas simples Verdadero/Falso",
        "exampleBoolean": false
      },
      {
        "extension": [
          {
            "url": "http://hl7.org/fhir/tools/StructureDefinition/resource-information",
            "valueString": "CodeSystem"
          }
        ],
        "reference": {
          "reference": "CodeSystem/SeccionesNotificacionCS"
        },
        "name": "Secciones Notificación ESAVI",
        "description": "Conjunto de Valores para las Secciones de la Notificación",
        "exampleBoolean": false
      },
      {
        "extension": [
          {
            "url": "http://hl7.org/fhir/tools/StructureDefinition/resource-information",
            "valueString": "CodeSystem"
          }
        ],
        "reference": {
          "reference": "CodeSystem/SistemaClasfCausalidadCS"
        },
        "name": "Tipo de Método de clasificación de causalidad",
        "description": "Códigos para Tipos de Métodos de Clasificación de Causalidad",
        "exampleBoolean": false
      },
      {
        "extension": [
          {
            "url": "http://hl7.org/fhir/tools/StructureDefinition/resource-information",
            "valueString": "CodeSystem"
          }
        ],
        "reference": {
          "reference": "CodeSystem/SistemasDeCodificacionCS"
        },
        "name": "Sistemas De Codificacion",
        "description": "Sistemas De Codificacion para Determinación de Códigos",
        "exampleBoolean": false
      },
      {
        "extension": [
          {
            "url": "http://hl7.org/fhir/tools/StructureDefinition/resource-information",
            "valueString": "QuestionnaireResponse"
          }
        ],
        "reference": {
          "reference": "QuestionnaireResponse/Ejemplo1"
        },
        "name": "Ejemplo1",
        "exampleCanonical": "http://paho.org/esavi/StructureDefinition/ESAVIQuestionnaireResponse"
      },
      {
        "extension": [
          {
            "url": "http://hl7.org/fhir/tools/StructureDefinition/resource-information",
            "valueString": "QuestionnaireResponse"
          }
        ],
        "reference": {
          "reference": "QuestionnaireResponse/Ejemplo1-Respondido"
        },
        "name": "Ejemplo1-Respondido",
        "description": "Ejemplo de cuestionario Respondido 1",
        "exampleCanonical": "http://paho.org/esavi/StructureDefinition/ESAVIQuestionnaireResponse"
      },
      {
        "extension": [
          {
            "url": "http://hl7.org/fhir/tools/StructureDefinition/resource-information",
            "valueString": "QuestionnaireResponse"
          }
        ],
        "reference": {
          "reference": "QuestionnaireResponse/Ejemplo2"
        },
        "name": "Ejemplo2",
        "exampleCanonical": "http://paho.org/esavi/StructureDefinition/ESAVIQuestionnaireResponse"
      },
      {
        "extension": [
          {
            "url": "http://hl7.org/fhir/tools/StructureDefinition/resource-information",
            "valueString": "QuestionnaireResponse"
          }
        ],
        "reference": {
          "reference": "QuestionnaireResponse/Ejemplo2-Respondido"
        },
        "name": "Ejemplo2-Respondido",
        "description": "Ejemplo de cuestionario Respondido 2",
        "exampleCanonical": "http://paho.org/esavi/StructureDefinition/ESAVIQuestionnaireResponse"
      },
      {
        "extension": [
          {
            "url": "http://hl7.org/fhir/tools/StructureDefinition/resource-information",
            "valueString": "QuestionnaireResponse"
          }
        ],
        "reference": {
          "reference": "QuestionnaireResponse/Ejemplo3"
        },
        "name": "Ejemplo3",
        "exampleCanonical": "http://paho.org/esavi/StructureDefinition/ESAVIQuestionnaireResponse"
      },
      {
        "extension": [
          {
            "url": "http://hl7.org/fhir/tools/StructureDefinition/resource-information",
            "valueString": "QuestionnaireResponse"
          }
        ],
        "reference": {
          "reference": "QuestionnaireResponse/Ejemplo3-Respondido"
        },
        "name": "Ejemplo3-Respondido",
        "description": "Ejemplo de cuestionario Respondido 3",
        "exampleCanonical": "http://paho.org/esavi/StructureDefinition/ESAVIQuestionnaireResponse"
      },
      {
        "extension": [
          {
            "url": "http://hl7.org/fhir/tools/StructureDefinition/resource-information",
            "valueString": "QuestionnaireResponse"
          }
        ],
        "reference": {
          "reference": "QuestionnaireResponse/Ejemplo4"
        },
        "name": "Ejemplo4",
        "exampleCanonical": "http://paho.org/esavi/StructureDefinition/ESAVIQuestionnaireResponse"
      },
      {
        "extension": [
          {
            "url": "http://hl7.org/fhir/tools/StructureDefinition/resource-information",
            "valueString": "QuestionnaireResponse"
          }
        ],
        "reference": {
          "reference": "QuestionnaireResponse/Ejemplo4-Respondido"
        },
        "name": "Ejemplo4-Respondido",
        "description": "Ejemplo de cuestionario Respondido 4",
        "exampleCanonical": "http://paho.org/esavi/StructureDefinition/ESAVIQuestionnaireResponse"
      },
      {
        "extension": [
          {
            "url": "http://hl7.org/fhir/tools/StructureDefinition/resource-information",
            "valueString": "QuestionnaireResponse"
          }
        ],
        "reference": {
          "reference": "QuestionnaireResponse/Ejemplo5"
        },
        "name": "Ejemplo5",
        "exampleCanonical": "http://paho.org/esavi/StructureDefinition/ESAVIQuestionnaireResponse"
      },
      {
        "extension": [
          {
            "url": "http://hl7.org/fhir/tools/StructureDefinition/resource-information",
            "valueString": "QuestionnaireResponse"
          }
        ],
        "reference": {
          "reference": "QuestionnaireResponse/Ejemplo5-Respondido"
        },
        "name": "Ejemplo5-Respondido",
        "description": "Ejemplo de cuestionario Respondido 5",
        "exampleCanonical": "http://paho.org/esavi/StructureDefinition/ESAVIQuestionnaireResponse"
      },
      {
        "extension": [
          {
            "url": "http://hl7.org/fhir/tools/StructureDefinition/resource-information",
            "valueString": "QuestionnaireResponse"
          }
        ],
        "reference": {
          "reference": "QuestionnaireResponse/Ejemplo6"
        },
        "name": "Ejemplo6",
        "exampleCanonical": "http://paho.org/esavi/StructureDefinition/ESAVIQuestionnaireResponse"
      },
      {
        "extension": [
          {
            "url": "http://hl7.org/fhir/tools/StructureDefinition/resource-information",
            "valueString": "QuestionnaireResponse"
          }
        ],
        "reference": {
          "reference": "QuestionnaireResponse/Ejemplo6-Respondido"
        },
        "name": "Ejemplo6-Respondido",
        "description": "Ejemplo de cuestionario Respondido 6",
        "exampleCanonical": "http://paho.org/esavi/StructureDefinition/ESAVIQuestionnaireResponse"
      },
      {
        "extension": [
          {
            "url": "http://hl7.org/fhir/tools/StructureDefinition/resource-information",
            "valueString": "QuestionnaireResponse"
          }
        ],
        "reference": {
          "reference": "QuestionnaireResponse/Ejemplo7"
        },
        "name": "Ejemplo7",
        "exampleCanonical": "http://paho.org/esavi/StructureDefinition/ESAVIQuestionnaireResponse"
      },
      {
        "extension": [
          {
            "url": "http://hl7.org/fhir/tools/StructureDefinition/resource-information",
            "valueString": "QuestionnaireResponse"
          }
        ],
        "reference": {
          "reference": "QuestionnaireResponse/Ejemplo7-Respondido"
        },
        "name": "Ejemplo7-Respondido",
        "description": "Ejemplo de cuestionario Respondido 7",
        "exampleCanonical": "http://paho.org/esavi/StructureDefinition/ESAVIQuestionnaireResponse"
      },
      {
        "extension": [
          {
            "url": "http://hl7.org/fhir/tools/StructureDefinition/resource-information",
            "valueString": "Questionnaire"
          }
        ],
        "reference": {
          "reference": "Questionnaire/EjemploQuestionnaireEsavi"
        },
        "name": "Ejemplo Cuestionario 4",
        "description": "Ejemplo de cuestionario para responder",
        "exampleBoolean": true
      }
    ],
    "page": {
      "extension": [
        {
          "url": "http://hl7.org/fhir/tools/StructureDefinition/ig-page-name",
          "valueUrl": "toc.html"
        }
      ],
      "nameUrl": "toc.html",
      "title": "Table of Contents",
      "generation": "html",
      "page": [
        {
          "extension": [
            {
              "url": "http://hl7.org/fhir/tools/StructureDefinition/ig-page-name",
              "valueUrl": "index.html"
            }
          ],
          "nameUrl": "index.html",
          "title": "Home",
          "generation": "markdown"
        },
        {
          "extension": [
            {
              "url": "http://hl7.org/fhir/tools/StructureDefinition/ig-page-name",
              "valueUrl": "actores_CasosUso.html"
            }
          ],
          "nameUrl": "actores_CasosUso.html",
          "title": "Actores Casos Uso",
          "generation": "markdown"
        },
        {
          "extension": [
            {
              "url": "http://hl7.org/fhir/tools/StructureDefinition/ig-page-name",
              "valueUrl": "alcance.html"
            }
          ],
          "nameUrl": "alcance.html",
          "title": "Alcance",
          "generation": "markdown"
        },
        {
          "extension": [
            {
              "url": "http://hl7.org/fhir/tools/StructureDefinition/ig-page-name",
              "valueUrl": "descargas.html"
            }
          ],
          "nameUrl": "descargas.html",
          "title": "Descargas",
          "generation": "markdown"
        },
        {
          "extension": [
            {
              "url": "http://hl7.org/fhir/tools/StructureDefinition/ig-page-name",
              "valueUrl": "generalidades.html"
            }
          ],
          "nameUrl": "generalidades.html",
          "title": "Generalidades",
          "generation": "markdown"
        },
        {
          "extension": [
            {
              "url": "http://hl7.org/fhir/tools/StructureDefinition/ig-page-name",
              "valueUrl": "Glosario.html"
            }
          ],
          "nameUrl": "Glosario.html",
          "title": "Glosario",
          "generation": "markdown"
        },
        {
          "extension": [
            {
              "url": "http://hl7.org/fhir/tools/StructureDefinition/ig-page-name",
              "valueUrl": "mapeos.html"
            }
          ],
          "nameUrl": "mapeos.html",
          "title": "Mapeos",
          "generation": "markdown"
        },
        {
          "extension": [
            {
              "url": "http://hl7.org/fhir/tools/StructureDefinition/ig-page-name",
              "valueUrl": "objetivos.html"
            }
          ],
          "nameUrl": "objetivos.html",
          "title": "Objetivos",
          "generation": "markdown"
        },
        {
          "extension": [
            {
              "url": "http://hl7.org/fhir/tools/StructureDefinition/ig-page-name",
              "valueUrl": "operaciones.html"
            }
          ],
          "nameUrl": "operaciones.html",
          "title": "Operaciones",
          "generation": "markdown"
        },
        {
          "extension": [
            {
              "url": "http://hl7.org/fhir/tools/StructureDefinition/ig-page-name",
              "valueUrl": "seguridad.html"
            }
          ],
          "nameUrl": "seguridad.html",
          "title": "Seguridad",
          "generation": "markdown"
        },
        {
          "extension": [
            {
              "url": "http://hl7.org/fhir/tools/StructureDefinition/ig-page-name",
              "valueUrl": "uso_como_llenar_guia.html"
            }
          ],
          "nameUrl": "uso_como_llenar_guia.html",
          "title": "Uso Como Llenar Guia",
          "generation": "markdown"
        }
      ]
    },
    "parameter": [
      {
        "code": "path-resource",
        "value": "input/capabilities"
      },
      {
        "code": "path-resource",
        "value": "input/examples"
      },
      {
        "code": "path-resource",
        "value": "input/extensions"
      },
      {
        "code": "path-resource",
        "value": "input/models"
      },
      {
        "code": "path-resource",
        "value": "input/operations"
      },
      {
        "code": "path-resource",
        "value": "input/profiles"
      },
      {
        "code": "path-resource",
        "value": "input/resources"
      },
      {
        "code": "path-resource",
        "value": "input/vocabulary"
      },
      {
        "code": "path-resource",
        "value": "input/maps"
      },
      {
        "code": "path-resource",
        "value": "input/testing"
      },
      {
        "code": "path-resource",
        "value": "input/history"
      },
      {
        "code": "path-resource",
        "value": "fsh-generated/resources"
      },
      {
        "code": "path-pages",
        "value": "template/config"
      },
      {
        "code": "path-pages",
        "value": "input/images"
      },
      {
        "code": "path-tx-cache",
        "value": "input-cache/txcache"
      }
    ]
  }
}