{
  "resourceType": "ValueSet",
  "id": "ViaAdminMedicamentoVS",
  "text": {
    "status": "generated",
    "div": "<div xmlns=\"http://www.w3.org/1999/xhtml\"><ul><li>Include codes from <a href=\"http://www.snomed.org/\"><code>http://snomed.info/sct</code></a> where concept  is-a  736479009 (Dose form intended site (intended site))</li></ul></div>"
  },
  "url": "http://paho.org/esavi/ValueSet/ViaAdminMedicamentoVS",
  "version": "0.1.0",
  "name": "ViaAdminMedicamentoVS",
  "title": "Vías de Administración de Medicamentos",
  "status": "active",
  "date": "2021-03-11T00:00:00-03:00",
  "publisher": "ESAVI -",
  "contact": [
    {
      "name": "ESAVI -",
      "telecom": [
        {
          "system": "url",
          "value": "https://covid-19pharmacovigilance.paho.org/resources/updates-on-aefi"
        },
        {
          "system": "email",
          "value": "rizzatodan@paho.org"
        }
      ]
    }
  ],
  "description": "Describe y lista las vías de administración de medicamentos para registro en ESAVI segun SNOMED CT",
  "jurisdiction": [
    {
      "coding": [
        {
          "system": "http://unstats.un.org/unsd/methods/m49/m49.htm",
          "code": "001"
        }
      ]
    }
  ],
  "compose": {
    "include": [
      {
        "system": "http://snomed.info/sct",
        "filter": [
          {
            "property": "concept",
            "op": "is-a",
            "value": "736479009"
          }
        ]
      }
    ]
  }
}