URL,Version,Status,OIDs,Name,Title,Descriptino,Uses,Used,Sources
http://hl7.org/fhir/ValueSet/administrative-gender,4.0.1,active,"2.16.840.1.113883.4.642.3.1",AdministrativeGender,AdministrativeGender,"The gender of a person used for administrative purposes.","Questionnaire/CuestionarioESAVI","hl7.fhir.r4.core"
http://hl7.org/fhir/ValueSet/bundle-type,4.0.1,active,"2.16.840.1.113883.4.642.3.620",BundleType,BundleType,"Indicates the purpose of a bundle - how it is intended to be used.","StructureDefinition/BundleESAVI","hl7.fhir.r4.core"
http://hl7.org/fhir/ValueSet/questionnaire-answers-status,4.0.1,draft,"required",QuestionnaireResponseStatus,QuestionnaireResponseStatus,"Lifecycle status of the questionnaire response.","StructureDefinition/ESAVIQuestionnaireResponse","hl7.fhir.r4.core"
https://paho.org/fhir/esavi/ValueSet/ClasificacionDesenlaceNaranjoVS,0.2.0,active,,ClasificacionDesenlaceNaranjoVS,Clasificación de causalidad Naranjo,"Método de clasificación de causalidad Naranjo","Questionnaire/CuestionarioESAVI","Internal"
https://paho.org/fhir/esavi/ValueSet/ClasificacionDesenlaceVS,0.2.0,active,,ClasificacionDesenlaceVS,Desenlaces Tras ESAVI,"Clasificación de Desenlace Tras Sufrir ESAVI","Questionnaire/CuestionarioESAVI","Internal"
https://paho.org/fhir/esavi/ValueSet/ClasificacionDesenlaceWHOAEFIVS,0.2.0,active,,ClasificacionDesenlaceWHOAEFIVS,Clasificación de causalidad WHO-AEFI,"Método de clasificación de causalidad WHO-AEFI","Questionnaire/CuestionarioESAVI","Internal"
https://paho.org/fhir/esavi/ValueSet/ClasificacionDesenlaceWHOUMCVS,0.2.0,active,,ClasificacionDesenlaceWHOUMCVS,Clasificación de causalidad WHO-UMC,"Método de clasificación de causalidad WHO-UMC","Questionnaire/CuestionarioESAVI","Internal"
https://paho.org/fhir/esavi/ValueSet/CodigoMedDRAEnfPreviaVS,0.2.0,active,,CodigoMedDRAEnfPreviaVS,Códigos de MedDRA para representar enfermedades previas en un ESAVI-PAHO,"Describe las enfermedades previas en un ESAVI codificadas en MedDRA","Questionnaire/CuestionarioESAVI","Internal"
https://paho.org/fhir/esavi/ValueSet/CodigoMedicamentoVS,0.2.0,active,,CodigoMedicamentoVS,Codigo Medicamento,"Codigo Medicamento","Questionnaire/CuestionarioESAVI","SCT,Internal"
https://paho.org/fhir/esavi/ValueSet/CodigoNoWhoVacunaVS,0.2.0,active,,CodigoNoWhoVacunaVS,Código no WHODrug de la Vacuna,"Código no WHODrug de la Vacuna","Questionnaire/CuestionarioESAVI","SCT"
https://paho.org/fhir/esavi/ValueSet/CodigoWhoFabricanteVS,0.2.0,active,,CodigoWhoFabricanteVS,Fabricantes Vacuna,"Códigos Fabricantes Vacunas de WHO","Questionnaire/CuestionarioESAVI","Internal"
https://paho.org/fhir/esavi/ValueSet/CodigoWhoVacunaVS,0.2.0,active,,CodigoWhoVacunaVS,Codigo WHODrug de la vacuna,"Codificación Estandarizda del código de las Vacunas según WhoDrug","Questionnaire/CuestionarioESAVI","Internal"
https://paho.org/fhir/esavi/ValueSet/ComplicacionEmbarazoMedDRAVS,0.2.0,active,,ComplicacionEmbarazoMedDRAVS,Códigos MEDDRA Complicaciones en Embarazo ESAVI,"Codificacion Estandarizada de diagnóticos de complicaciones de embarazo mediante códigos MedDRA","Questionnaire/CuestionarioESAVI","Internal"
https://paho.org/fhir/esavi/ValueSet/ComplicacionEmbarazoOtroVS,0.2.0,active,,ComplicacionEmbarazoOtroVS,Otros Códigos Complicaciones en Embarazo ESAVI,"Codificacion Estandarizada de diagnóticos de complicaciones de embarazo mediante códigos Snomed y CIE-10","Questionnaire/CuestionarioESAVI","SCT,hl7.terminology.r4"
https://paho.org/fhir/esavi/ValueSet/ComplicacionEmbarazoVS,0.2.0,active,,ComplicacionEmbarazoVS,Complicaciones Embarazo,"Conjunto de Valores para la Sección de Complicaciones Embarazo ESAVI","Questionnaire/CuestionarioESAVI","Internal"
https://paho.org/fhir/esavi/ValueSet/DirOrgNotiVS,0.2.0,active,,DirOrgNotiVS,Códigos PAHO para Direcciones,"Conjunto de Valores para dirección según OPS","Questionnaire/CuestionarioESAVI","Internal"
https://paho.org/fhir/esavi/ValueSet/EnfermedadesPreviasCodificacionVS,0.2.0,active,,EnfermedadesPreviasCodificacionVS,Enfermedades previas en un ESAVI-PAHO,"Describe las enfermedades previas en un ESAVI codificadas en CIE10, CIE11 o SNOMED CT","Questionnaire/CuestionarioESAVI","SCT,hl7.terminology.r4"
https://paho.org/fhir/esavi/ValueSet/EsaviMedDRAVS,0.2.0,active,,EsaviMedDRAVS,Código MedDRA del Evento Adverso notificado,"Código MedDRA del Evento Adverso notificado","Questionnaire/CuestionarioESAVI","Internal"
https://paho.org/fhir/esavi/ValueSet/EsaviOtroVS,0.2.0,active,,EsaviOtroVS,Otros Códigos Evento Adverso,"Evento Adverso en otro sistema según Snomed y CIE-10","Questionnaire/CuestionarioESAVI","SCT"
https://paho.org/fhir/esavi/ValueSet/FormaFarmaceuticaVS,0.2.0,active,,FormaFarmaceuticaVS,Identificación Formas Farmacéuticas,"Describe y lista las formas farmaceuticas de medicamentos para registro en ESAVI segun SNOMED CT","Questionnaire/CuestionarioESAVI","SCT"
https://paho.org/fhir/esavi/ValueSet/ModoConfirmacionInfeccionVS,0.2.0,active,,ModoConfirmacionInfeccionVS,Modos Confirmación Infección COVID-19,"Modos de Confirmacion de Infección por COVID-19","Questionnaire/CuestionarioESAVI","Internal"
https://paho.org/fhir/esavi/ValueSet/ModoVerificacionVacunaVS,0.2.0,active,,ModoVerificacionVacunaVS,Modos Verificación Vacuna Previa,"Modos de Verificacion de Vacuna o Esquema de Vacunación Completado","Questionnaire/CuestionarioESAVI","Internal"
https://paho.org/fhir/esavi/ValueSet/ProfesionalNotificadorVS,0.2.0,active,,ProfesionalNotificadorVS,Tipo de Profesional Notificador,"Códigos de Tipo de Notificadores de ESAVI para PAHO","Questionnaire/CuestionarioESAVI","Internal"
https://paho.org/fhir/esavi/ValueSet/RespuestaSiNoNosabeVS,0.2.0,active,,RespuestaSiNoNosabeVS,Respuestas Simples,"Códigos para capturar respuestas simples si/no/no sabe","Questionnaire/CuestionarioESAVI","Internal"
https://paho.org/fhir/esavi/ValueSet/SistemaClasfCausalidadVS,0.2.0,active,,SistemaClasfCausalidadVS,Tipo de Método de clasificación de causalidad,"Códigos para Tipos Métodos de Clasificación de Causalidad","Questionnaire/CuestionarioESAVI","Internal"
https://paho.org/fhir/esavi/ValueSet/SistemasDeCodificacionVS,0.2.0,active,,SistemasDeCodificacionVS,Sistemas De Codificacion,"Sistemas De Codificacion para Determinación de Códigos","Questionnaire/CuestionarioESAVI","Internal"
https://paho.org/fhir/esavi/ValueSet/ViaAdminMedicamentoVS,0.2.0,active,,ViaAdminMedicamentoVS,Vías de Administración de Medicamentos,"Describe y lista las vías de administración de medicamentos para registro en ESAVI segun SNOMED CT","Questionnaire/CuestionarioESAVI","SCT"
https://paho.org/fhir/esavi/ValueSet/codPaises,0.2.0,active,,CodPaises,Códigos de Países,"Codigos definidos para la identificación de países segun norma ISO3166-N","Questionnaire/CuestionarioESAVI","Internal"
