<?xml version="1.0" encoding="UTF-8"?>

<CodeSystem xmlns="http://hl7.org/fhir">
  <id value="WHODrugDC"/>
  <meta>
    <versionId value="1"/>
    <lastUpdated value="2023-05-25T13:22:48.124+00:00"/>
  </meta>
  <text>
    <status value="generated"/><div xmlns="http://www.w3.org/1999/xhtml"><p>This case-insensitive code system <code>https://paho.org/fhir/esavi/CodeSystem/WHODrugDC</code> provides <b>a fragment</b> that includes following codes in a Is-A heirarchy:</p><table class="codes"><tr><td><b>Lvl</b></td><td style="white-space:nowrap"><b>Code</b></td><td><b>Display</b></td></tr><tr><td>1</td><td style="white-space:nowrap">00000101001<a name="WHODrugDC-00000101001"> </a></td><td>Methyldopa</td></tr><tr><td>2</td><td style="white-space:nowrap">  00000101002<a name="WHODrugDC-00000101002"> </a></td><td>Aldomet</td></tr><tr><td>2</td><td style="white-space:nowrap">  00000101041<a name="WHODrugDC-00000101041"> </a></td><td>Alfametildopa</td></tr><tr><td>2</td><td style="white-space:nowrap">  00000101044<a name="WHODrugDC-00000101044"> </a></td><td>Almedop</td></tr><tr><td>2</td><td style="white-space:nowrap">  00000101045<a name="WHODrugDC-00000101045"> </a></td><td>Cardin</td></tr><tr><td>2</td><td style="white-space:nowrap">  00000101046<a name="WHODrugDC-00000101046"> </a></td><td>Methyldopum</td></tr><tr><td>2</td><td style="white-space:nowrap">  00000101086<a name="WHODrugDC-00000101086"> </a></td><td>Prodop</td></tr><tr><td>2</td><td style="white-space:nowrap">  00000101087<a name="WHODrugDC-00000101087"> </a></td><td>Hipermessel</td></tr><tr><td>2</td><td style="white-space:nowrap">  00000101089<a name="WHODrugDC-00000101089"> </a></td><td>Tensioval</td></tr><tr><td>2</td><td style="white-space:nowrap">  00000101090<a name="WHODrugDC-00000101090"> </a></td><td>Cardiodopa</td></tr><tr><td>2</td><td style="white-space:nowrap">  00000101091<a name="WHODrugDC-00000101091"> </a></td><td>Metildopa</td></tr><tr><td>2</td><td style="white-space:nowrap">  00000101092<a name="WHODrugDC-00000101092"> </a></td><td>Etildopanan</td></tr><tr><td>2</td><td style="white-space:nowrap">  00000101093<a name="WHODrugDC-00000101093"> </a></td><td>Aldotensin</td></tr><tr><td>2</td><td style="white-space:nowrap">  00000101094<a name="WHODrugDC-00000101094"> </a></td><td>Angimet</td></tr><tr><td>2</td><td style="white-space:nowrap">  00000101095<a name="WHODrugDC-00000101095"> </a></td><td>Metilcord</td></tr><tr><td>2</td><td style="white-space:nowrap">  00000101096<a name="WHODrugDC-00000101096"> </a></td><td>Metilprod</td></tr><tr><td>2</td><td style="white-space:nowrap">  00000101097<a name="WHODrugDC-00000101097"> </a></td><td>Pressomet</td></tr><tr><td>2</td><td style="white-space:nowrap">  00000101098<a name="WHODrugDC-00000101098"> </a></td><td>Metilpress</td></tr><tr><td>2</td><td style="white-space:nowrap">  00000101099<a name="WHODrugDC-00000101099"> </a></td><td>Ductomet</td></tr><tr><td>2</td><td style="white-space:nowrap">  00000101100<a name="WHODrugDC-00000101100"> </a></td><td>Tildomet</td></tr><tr><td>2</td><td style="white-space:nowrap">  00000101101<a name="WHODrugDC-00000101101"> </a></td><td>Kindomet</td></tr><tr><td>2</td><td style="white-space:nowrap">  00000101102<a name="WHODrugDC-00000101102"> </a></td><td>Dometil</td></tr><tr><td>2</td><td style="white-space:nowrap">  00000101103<a name="WHODrugDC-00000101103"> </a></td><td>Dopametil</td></tr><tr><td>2</td><td style="white-space:nowrap">  00000101104<a name="WHODrugDC-00000101104"> </a></td><td>Aldoless</td></tr><tr><td>2</td><td style="white-space:nowrap">  00000101105<a name="WHODrugDC-00000101105"> </a></td><td>Aldotil</td></tr><tr><td>2</td><td style="white-space:nowrap">  00000101106<a name="WHODrugDC-00000101106"> </a></td><td>Medpress</td></tr><tr><td>2</td><td style="white-space:nowrap">  00000101107<a name="WHODrugDC-00000101107"> </a></td><td>Gendomet</td></tr><tr><td>2</td><td style="white-space:nowrap">  00000101108<a name="WHODrugDC-00000101108"> </a></td><td>Metilvita</td></tr><tr><td>2</td><td style="white-space:nowrap">  00000101109<a name="WHODrugDC-00000101109"> </a></td><td>Dimipress</td></tr><tr><td>2</td><td style="white-space:nowrap">  00000101110<a name="WHODrugDC-00000101110"> </a></td><td>Dopatral</td></tr><tr><td>2</td><td style="white-space:nowrap">  00000101111<a name="WHODrugDC-00000101111"> </a></td><td>Dopagrand</td></tr><tr><td>2</td><td style="white-space:nowrap">  00000101117<a name="WHODrugDC-00000101117"> </a></td><td>Dopasan</td></tr><tr><td>2</td><td style="white-space:nowrap">  00000101118<a name="WHODrugDC-00000101118"> </a></td><td>Tensodopa</td></tr><tr><td>2</td><td style="white-space:nowrap">  00000101121<a name="WHODrugDC-00000101121"> </a></td><td>Aldopa</td></tr><tr><td>2</td><td style="white-space:nowrap">  00000101124<a name="WHODrugDC-00000101124"> </a></td><td>Coradopa</td></tr><tr><td>2</td><td style="white-space:nowrap">  00000101135<a name="WHODrugDC-00000101135"> </a></td><td>Tremesal</td></tr><tr><td>2</td><td style="white-space:nowrap">  00000101158<a name="WHODrugDC-00000101158"> </a></td><td>Metildopamek</td></tr><tr><td>2</td><td style="white-space:nowrap">  00000101173<a name="WHODrugDC-00000101173"> </a></td><td>Toparal</td></tr><tr><td>2</td><td style="white-space:nowrap">  00000101178<a name="WHODrugDC-00000101178"> </a></td><td>Hipermet</td></tr><tr><td>2</td><td style="white-space:nowrap">  00000101179<a name="WHODrugDC-00000101179"> </a></td><td>Metildopa ethical</td></tr><tr><td>2</td><td style="white-space:nowrap">  00000101184<a name="WHODrugDC-00000101184"> </a></td><td>Alpha-methyldopa</td></tr><tr><td>2</td><td style="white-space:nowrap">  00000101185<a name="WHODrugDC-00000101185"> </a></td><td>Methyldopum anhydricum</td></tr><tr><td>2</td><td style="white-space:nowrap">  00000101187<a name="WHODrugDC-00000101187"> </a></td><td>Metildopa icu-vita</td></tr><tr><td>2</td><td style="white-space:nowrap">  00000101188<a name="WHODrugDC-00000101188"> </a></td><td>Venopressin</td></tr><tr><td>2</td><td style="white-space:nowrap">  00000101199<a name="WHODrugDC-00000101199"> </a></td><td>Furp metildopa</td></tr><tr><td>2</td><td style="white-space:nowrap">  00000101200<a name="WHODrugDC-00000101200"> </a></td><td>Lfm metildopa</td></tr><tr><td>2</td><td style="white-space:nowrap">  00000101223<a name="WHODrugDC-00000101223"> </a></td><td>Alfametildopa dutriec</td></tr><tr><td>2</td><td style="white-space:nowrap">  00000101224<a name="WHODrugDC-00000101224"> </a></td><td>Dopa pres</td></tr><tr><td>2</td><td style="white-space:nowrap">  00000101225<a name="WHODrugDC-00000101225"> </a></td><td>Alfametildopa vivele</td></tr><tr><td>2</td><td style="white-space:nowrap">  00000101226<a name="WHODrugDC-00000101226"> </a></td><td>Alfametildopa phi</td></tr><tr><td>2</td><td style="white-space:nowrap">  00000101227<a name="WHODrugDC-00000101227"> </a></td><td>Alfametildopa heisecke</td></tr><tr><td>2</td><td style="white-space:nowrap">  00000101228<a name="WHODrugDC-00000101228"> </a></td><td>Aditol</td></tr><tr><td>2</td><td style="white-space:nowrap">  00000101229<a name="WHODrugDC-00000101229"> </a></td><td>Alfametildopa dallas</td></tr><tr><td>2</td><td style="white-space:nowrap">  00000101230<a name="WHODrugDC-00000101230"> </a></td><td>Alfametildopa avanova</td></tr><tr><td>2</td><td style="white-space:nowrap">  00000101231<a name="WHODrugDC-00000101231"> </a></td><td>Dopabrit</td></tr><tr><td>2</td><td style="white-space:nowrap">  00000101236<a name="WHODrugDC-00000101236"> </a></td><td>Aldoperten</td></tr><tr><td>1</td><td style="white-space:nowrap">00000202001<a name="WHODrugDC-00000202001"> </a></td><td>Orciprenaline sulfate</td></tr><tr><td>2</td><td style="white-space:nowrap">  00000202002<a name="WHODrugDC-00000202002"> </a></td><td>Alupent</td></tr><tr><td>2</td><td style="white-space:nowrap">  00000202003<a name="WHODrugDC-00000202003"> </a></td><td>Metaprel</td></tr><tr><td>2</td><td style="white-space:nowrap">  00000202005<a name="WHODrugDC-00000202005"> </a></td><td>Metaproterenol sulfate</td></tr><tr><td>2</td><td style="white-space:nowrap">  00000202011<a name="WHODrugDC-00000202011"> </a></td><td>Metaproterenol</td></tr><tr><td>2</td><td style="white-space:nowrap">  00000202022<a name="WHODrugDC-00000202022"> </a></td><td>Metaproternol sulfate</td></tr><tr><td>2</td><td style="white-space:nowrap">  00000202023<a name="WHODrugDC-00000202023"> </a></td><td>Orciprenalina</td></tr><tr><td>2</td><td style="white-space:nowrap">  00000202030<a name="WHODrugDC-00000202030"> </a></td><td>Orciprenalini sulfas</td></tr><tr><td>2</td><td style="white-space:nowrap">  00000202032<a name="WHODrugDC-00000202032"> </a></td><td>Orlin</td></tr><tr><td>1</td><td style="white-space:nowrap">00000301001<a name="WHODrugDC-00000301001"> </a></td><td>Aminosalicylic acid</td></tr><tr><td>2</td><td style="white-space:nowrap">  00000301003<a name="WHODrugDC-00000301003"> </a></td><td>Pas</td></tr><tr><td>2</td><td style="white-space:nowrap">  00000301007<a name="WHODrugDC-00000301007"> </a></td><td>Para-aminosalicylic acid</td></tr><tr><td>2</td><td style="white-space:nowrap">  00000301008<a name="WHODrugDC-00000301008"> </a></td><td>Aminosalylum</td></tr><tr><td>2</td><td style="white-space:nowrap">  00000301014<a name="WHODrugDC-00000301014"> </a></td><td>Paser</td></tr><tr><td>2</td><td style="white-space:nowrap">  00000301023<a name="WHODrugDC-00000301023"> </a></td><td>4-aminosalicylic acid</td></tr><tr><td>1</td><td style="white-space:nowrap">00000304001<a name="WHODrugDC-00000304001"> </a></td><td>Aminosalicylate sodium</td></tr><tr><td>2</td><td style="white-space:nowrap">  00000304004<a name="WHODrugDC-00000304004"> </a></td><td>Sodium pas</td></tr><tr><td>2</td><td style="white-space:nowrap">  00000304018<a name="WHODrugDC-00000304018"> </a></td><td>Monopas</td></tr><tr><td>2</td><td style="white-space:nowrap">  00000304019<a name="WHODrugDC-00000304019"> </a></td><td>Pas</td></tr><tr><td>2</td><td style="white-space:nowrap">  00000304031<a name="WHODrugDC-00000304031"> </a></td><td>Sodium aminosalicylate</td></tr><tr><td>2</td><td style="white-space:nowrap">  00000304040<a name="WHODrugDC-00000304040"> </a></td><td>Aminosalicylic acid sodium</td></tr><tr><td>2</td><td style="white-space:nowrap">  00000304041<a name="WHODrugDC-00000304041"> </a></td><td>Med pass</td></tr><tr><td>1</td><td style="white-space:nowrap">15268603001<a name="WHODrugDC-15268603001"> </a></td><td>COVID-19 vaccine NRVV Ad (ChAdOx1 nCoV-19)</td></tr><tr><td>2</td><td style="white-space:nowrap">  15268603002<a name="WHODrugDC-15268603002"> </a></td><td>AZD 1222</td></tr><tr><td>2</td><td style="white-space:nowrap">  15268603003<a name="WHODrugDC-15268603003"> </a></td><td>COVID-19 vaccine AstraZeneca</td></tr><tr><td>2</td><td style="white-space:nowrap">  15268603004<a name="WHODrugDC-15268603004"> </a></td><td>Covishield</td></tr><tr><td>2</td><td style="white-space:nowrap">  15268603005<a name="WHODrugDC-15268603005"> </a></td><td>ChAdOx1 nCoV-19</td></tr><tr><td>2</td><td style="white-space:nowrap">  15268603007<a name="WHODrugDC-15268603007"> </a></td><td>Vaxzevria</td></tr><tr><td>2</td><td style="white-space:nowrap">  15268603009<a name="WHODrugDC-15268603009"> </a></td><td>Vacuna COVID-19 AstraZeneca</td></tr><tr><td>2</td><td style="white-space:nowrap">  15268603010<a name="WHODrugDC-15268603010"> </a></td><td>Vacina COVID-19 (recombinante)</td></tr><tr><td>2</td><td style="white-space:nowrap">  15268603012<a name="WHODrugDC-15268603012"> </a></td><td>COVID-19 vacuna AstraZeneca</td></tr><tr><td>1</td><td style="white-space:nowrap">15268604001<a name="WHODrugDC-15268604001"> </a></td><td>Elasomeran</td></tr><tr><td>2</td><td style="white-space:nowrap">  15268604002<a name="WHODrugDC-15268604002"> </a></td><td>Moderna COVID-19 vaccine</td></tr><tr><td>2</td><td style="white-space:nowrap">  15268604003<a name="WHODrugDC-15268604003"> </a></td><td>COVID-19 vaccine Moderna</td></tr><tr><td>2</td><td style="white-space:nowrap">  15268604004<a name="WHODrugDC-15268604004"> </a></td><td>TAK 919</td></tr><tr><td>2</td><td style="white-space:nowrap">  15268604005<a name="WHODrugDC-15268604005"> </a></td><td>MRNA 1273</td></tr><tr><td>2</td><td style="white-space:nowrap">  15268604006<a name="WHODrugDC-15268604006"> </a></td><td>CX-024414</td></tr><tr><td>2</td><td style="white-space:nowrap">  15268604007<a name="WHODrugDC-15268604007"> </a></td><td>COVID-19 vaccine mRNA (mRNA 1273)</td></tr><tr><td>2</td><td style="white-space:nowrap">  15268604008<a name="WHODrugDC-15268604008"> </a></td><td>Spikevax</td></tr><tr><td>1</td><td style="white-space:nowrap">15268607001<a name="WHODrugDC-15268607001"> </a></td><td>COVID-19 vaccine NRVV Ad5 (Ad5-nCoV)</td></tr><tr><td>2</td><td style="white-space:nowrap">  15268607002<a name="WHODrugDC-15268607002"> </a></td><td>Ad5-nCoV</td></tr><tr><td>2</td><td style="white-space:nowrap">  15268607005<a name="WHODrugDC-15268607005"> </a></td><td>Convidecia</td></tr><tr><td>1</td><td style="white-space:nowrap">15268614001<a name="WHODrugDC-15268614001"> </a></td><td>COVID-19 vaccine inact w.virion NIV-2020-770</td></tr><tr><td>2</td><td style="white-space:nowrap">  15268614002<a name="WHODrugDC-15268614002"> </a></td><td>Covaxin</td></tr><tr><td>2</td><td style="white-space:nowrap">  15268614003<a name="WHODrugDC-15268614003"> </a></td><td>BBV152</td></tr><tr><td>1</td><td style="white-space:nowrap">15268618001<a name="WHODrugDC-15268618001"> </a></td><td>COVID-19 vaccine prot. subunit (MVC-COV1901)</td></tr><tr><td>2</td><td style="white-space:nowrap">  15268618002<a name="WHODrugDC-15268618002"> </a></td><td>Mvc covid-19 vaccine</td></tr><tr><td>2</td><td style="white-space:nowrap">  15268618003<a name="WHODrugDC-15268618003"> </a></td><td>MVC-COV1901</td></tr><tr><td>1</td><td style="white-space:nowrap">15268620001<a name="WHODrugDC-15268620001"> </a></td><td>COVID-19 vaccine NRVV Ad5 (Gam-Covid-Vac)</td></tr><tr><td>2</td><td style="white-space:nowrap">  15268620002<a name="WHODrugDC-15268620002"> </a></td><td>Gam-COVID-Vac component 2</td></tr><tr><td>2</td><td style="white-space:nowrap">  15268620004<a name="WHODrugDC-15268620004"> </a></td><td>Sputnik V component 2</td></tr><tr><td>1</td><td style="white-space:nowrap">15268625001<a name="WHODrugDC-15268625001"> </a></td><td>Tozinameran</td></tr><tr><td>2</td><td style="white-space:nowrap">  15268625002<a name="WHODrugDC-15268625002"> </a></td><td>BNT162b2</td></tr><tr><td>2</td><td style="white-space:nowrap">  15268625003<a name="WHODrugDC-15268625003"> </a></td><td>Pfizer BioNTech COVID-19 vaccine</td></tr><tr><td>2</td><td style="white-space:nowrap">  15268625005<a name="WHODrugDC-15268625005"> </a></td><td>Comirnaty</td></tr><tr><td>2</td><td style="white-space:nowrap">  15268625006<a name="WHODrugDC-15268625006"> </a></td><td>COVID-19 vaccine mRNA (BNT162b2)</td></tr><tr><td>2</td><td style="white-space:nowrap">  15268625007<a name="WHODrugDC-15268625007"> </a></td><td>Vacuna COVID-19 Pfizer BioNTech</td></tr><tr><td>2</td><td style="white-space:nowrap">  15268625008<a name="WHODrugDC-15268625008"> </a></td><td>PF 07305885</td></tr><tr><td>2</td><td style="white-space:nowrap">  15268625009<a name="WHODrugDC-15268625009"> </a></td><td>Vacuna Pfizer-BioNTech COVID-19</td></tr><tr><td>1</td><td style="white-space:nowrap">15268628001<a name="WHODrugDC-15268628001"> </a></td><td>COVID-19 vaccine prot. subunit (ZF 2001)</td></tr><tr><td>2</td><td style="white-space:nowrap">  15268628003<a name="WHODrugDC-15268628003"> </a></td><td>ZF 2001</td></tr><tr><td>2</td><td style="white-space:nowrap">  15268628006<a name="WHODrugDC-15268628006"> </a></td><td>Zifivax</td></tr><tr><td>1</td><td style="white-space:nowrap">15268640001<a name="WHODrugDC-15268640001"> </a></td><td>COVID-19 vaccine NRVV Ad26 (JNJ 78436735)</td></tr><tr><td>2</td><td style="white-space:nowrap">  15268640002<a name="WHODrugDC-15268640002"> </a></td><td>JNJ 78436735</td></tr><tr><td>2</td><td style="white-space:nowrap">  15268640003<a name="WHODrugDC-15268640003"> </a></td><td>Janssen COVID-19 vaccine</td></tr><tr><td>2</td><td style="white-space:nowrap">  15268640004<a name="WHODrugDC-15268640004"> </a></td><td>COVID-19 vaccine Janssen</td></tr><tr><td>2</td><td style="white-space:nowrap">  15268640005<a name="WHODrugDC-15268640005"> </a></td><td>Vacuna COVID-19 Janssen</td></tr><tr><td>2</td><td style="white-space:nowrap">  15268640006<a name="WHODrugDC-15268640006"> </a></td><td>Vacina COVID-19 (recombinante)</td></tr><tr><td>1</td><td style="white-space:nowrap">15268643001<a name="WHODrugDC-15268643001"> </a></td><td>COVID-19 vaccine inact (Vero) HB02</td></tr><tr><td>2</td><td style="white-space:nowrap">  15268643003<a name="WHODrugDC-15268643003"> </a></td><td>BBIBP-CorV</td></tr><tr><td>2</td><td style="white-space:nowrap">  15268643005<a name="WHODrugDC-15268643005"> </a></td><td>COVID-19 vaccine (vero cell), inactivated</td></tr><tr><td>2</td><td style="white-space:nowrap">  15268643007<a name="WHODrugDC-15268643007"> </a></td><td>Vacuna contra el SARS-COV-2 (Vero Cell), Inactivada</td></tr><tr><td>2</td><td style="white-space:nowrap">  15268643009<a name="WHODrugDC-15268643009"> </a></td><td>Hayat vax</td></tr><tr><td>2</td><td style="white-space:nowrap">  15268643011<a name="WHODrugDC-15268643011"> </a></td><td>Vacuna SARS-CoV-2 (celulas vero) inactivada</td></tr><tr><td>2</td><td style="white-space:nowrap">  15268643012<a name="WHODrugDC-15268643012"> </a></td><td>COVID-19 vaccine inact (Vero) 19nCoV-CDC-Tan-HB02</td></tr><tr><td>1</td><td style="white-space:nowrap">15268644001<a name="WHODrugDC-15268644001"> </a></td><td>COVID-19 vaccine inact (Vero) CZ02</td></tr><tr><td>2</td><td style="white-space:nowrap">  15268644002<a name="WHODrugDC-15268644002"> </a></td><td>CoronaVac</td></tr><tr><td>2</td><td style="white-space:nowrap">  15268644004<a name="WHODrugDC-15268644004"> </a></td><td>Vacina adsorvida COVID-19 (inativada)</td></tr><tr><td>1</td><td style="white-space:nowrap">15268682001<a name="WHODrugDC-15268682001"> </a></td><td>COVID-19 vaccine prot. subunit (CIGB 66)</td></tr><tr><td>2</td><td style="white-space:nowrap">  15268682002<a name="WHODrugDC-15268682002"> </a></td><td>Abdala</td></tr><tr><td>2</td><td style="white-space:nowrap">  15268682003<a name="WHODrugDC-15268682003"> </a></td><td>CIGB 66</td></tr><tr><td>1</td><td style="white-space:nowrap">15268684001<a name="WHODrugDC-15268684001"> </a></td><td>COVID-19 vaccine NRVV Ad26 (Gam-Covid-Vac);COVID-19 vaccine NRVV Ad5 (Gam-Covid-Vac)</td></tr><tr><td>2</td><td style="white-space:nowrap">  15268684002<a name="WHODrugDC-15268684002"> </a></td><td>Sputnik V</td></tr><tr><td>2</td><td style="white-space:nowrap">  15268684003<a name="WHODrugDC-15268684003"> </a></td><td>Gam-COVID-Vac</td></tr><tr><td>1</td><td style="white-space:nowrap">152686A8001<a name="WHODrugDC-152686A8001"> </a></td><td>Famtozinameran;Tozinameran</td></tr><tr><td>2</td><td style="white-space:nowrap">  152686A8004<a name="WHODrugDC-152686A8004"> </a></td><td>Comirnaty bivalente BA.4/BA.5</td></tr><tr><td>1</td><td style="white-space:nowrap">152686AA001<a name="WHODrugDC-152686AA001"> </a></td><td>Riltozinameran;Tozinameran</td></tr><tr><td>2</td><td style="white-space:nowrap">  152686AA003<a name="WHODrugDC-152686AA003"> </a></td><td>Comirnaty bivalente BA.1</td></tr></table></div>
  </text>
  <url value="https://paho.org/fhir/esavi/CodeSystem/WHODrugDC"/>
  <version value="0.1.43"/>
  <name value="WHODrugDC"/>
  <title value="WHODrug DrugCode"/>
  <status value="active"/>
  <experimental value="false"/>
  <date value="2023-05-25T00:00:00-04:00"/>
  <publisher value="ESAVI -"/>
  <contact>
    <name value="ESAVI -"/>
    <telecom>
      <system value="url"/>
      <value value="https://covid-19pharmacovigilance.paho.org/resources/updates-on-aefi"/>
    </telecom>
    <telecom>
      <system value="email"/>
      <value value="rizzatodan@paho.org"/>
    </telecom>
  </contact>
  <description value="Fragmento de WHODrug completo con nombres genéricos y comerciales en inglés mayormente codificados por drugcode"/>
  <jurisdiction>
    <coding>
      <system value="http://unstats.un.org/unsd/methods/m49/m49.htm"/>
      <code value="001"/>
    </coding>
  </jurisdiction>
  <caseSensitive value="false"/>
  <hierarchyMeaning value="is-a"/>
  <content value="fragment"/>
  <concept>
    <code value="00000101001"/>
    <display value="Methyldopa"/>
    <concept>
      <code value="00000101002"/>
      <display value="Aldomet"/>
    </concept>
    <concept>
      <code value="00000101041"/>
      <display value="Alfametildopa"/>
    </concept>
    <concept>
      <code value="00000101044"/>
      <display value="Almedop"/>
    </concept>
    <concept>
      <code value="00000101045"/>
      <display value="Cardin"/>
    </concept>
    <concept>
      <code value="00000101046"/>
      <display value="Methyldopum"/>
    </concept>
    <concept>
      <code value="00000101086"/>
      <display value="Prodop"/>
    </concept>
    <concept>
      <code value="00000101087"/>
      <display value="Hipermessel"/>
    </concept>
    <concept>
      <code value="00000101089"/>
      <display value="Tensioval"/>
    </concept>
    <concept>
      <code value="00000101090"/>
      <display value="Cardiodopa"/>
    </concept>
    <concept>
      <code value="00000101091"/>
      <display value="Metildopa"/>
    </concept>
    <concept>
      <code value="00000101092"/>
      <display value="Etildopanan"/>
    </concept>
    <concept>
      <code value="00000101093"/>
      <display value="Aldotensin"/>
    </concept>
    <concept>
      <code value="00000101094"/>
      <display value="Angimet"/>
    </concept>
    <concept>
      <code value="00000101095"/>
      <display value="Metilcord"/>
    </concept>
    <concept>
      <code value="00000101096"/>
      <display value="Metilprod"/>
    </concept>
    <concept>
      <code value="00000101097"/>
      <display value="Pressomet"/>
    </concept>
    <concept>
      <code value="00000101098"/>
      <display value="Metilpress"/>
    </concept>
    <concept>
      <code value="00000101099"/>
      <display value="Ductomet"/>
    </concept>
    <concept>
      <code value="00000101100"/>
      <display value="Tildomet"/>
    </concept>
    <concept>
      <code value="00000101101"/>
      <display value="Kindomet"/>
    </concept>
    <concept>
      <code value="00000101102"/>
      <display value="Dometil"/>
    </concept>
    <concept>
      <code value="00000101103"/>
      <display value="Dopametil"/>
    </concept>
    <concept>
      <code value="00000101104"/>
      <display value="Aldoless"/>
    </concept>
    <concept>
      <code value="00000101105"/>
      <display value="Aldotil"/>
    </concept>
    <concept>
      <code value="00000101106"/>
      <display value="Medpress"/>
    </concept>
    <concept>
      <code value="00000101107"/>
      <display value="Gendomet"/>
    </concept>
    <concept>
      <code value="00000101108"/>
      <display value="Metilvita"/>
    </concept>
    <concept>
      <code value="00000101109"/>
      <display value="Dimipress"/>
    </concept>
    <concept>
      <code value="00000101110"/>
      <display value="Dopatral"/>
    </concept>
    <concept>
      <code value="00000101111"/>
      <display value="Dopagrand"/>
    </concept>
    <concept>
      <code value="00000101117"/>
      <display value="Dopasan"/>
    </concept>
    <concept>
      <code value="00000101118"/>
      <display value="Tensodopa"/>
    </concept>
    <concept>
      <code value="00000101121"/>
      <display value="Aldopa"/>
    </concept>
    <concept>
      <code value="00000101124"/>
      <display value="Coradopa"/>
    </concept>
    <concept>
      <code value="00000101135"/>
      <display value="Tremesal"/>
    </concept>
    <concept>
      <code value="00000101158"/>
      <display value="Metildopamek"/>
    </concept>
    <concept>
      <code value="00000101173"/>
      <display value="Toparal"/>
    </concept>
    <concept>
      <code value="00000101178"/>
      <display value="Hipermet"/>
    </concept>
    <concept>
      <code value="00000101179"/>
      <display value="Metildopa ethical"/>
    </concept>
    <concept>
      <code value="00000101184"/>
      <display value="Alpha-methyldopa"/>
    </concept>
    <concept>
      <code value="00000101185"/>
      <display value="Methyldopum anhydricum"/>
    </concept>
    <concept>
      <code value="00000101187"/>
      <display value="Metildopa icu-vita"/>
    </concept>
    <concept>
      <code value="00000101188"/>
      <display value="Venopressin"/>
    </concept>
    <concept>
      <code value="00000101199"/>
      <display value="Furp metildopa"/>
    </concept>
    <concept>
      <code value="00000101200"/>
      <display value="Lfm metildopa"/>
    </concept>
    <concept>
      <code value="00000101223"/>
      <display value="Alfametildopa dutriec"/>
    </concept>
    <concept>
      <code value="00000101224"/>
      <display value="Dopa pres"/>
    </concept>
    <concept>
      <code value="00000101225"/>
      <display value="Alfametildopa vivele"/>
    </concept>
    <concept>
      <code value="00000101226"/>
      <display value="Alfametildopa phi"/>
    </concept>
    <concept>
      <code value="00000101227"/>
      <display value="Alfametildopa heisecke"/>
    </concept>
    <concept>
      <code value="00000101228"/>
      <display value="Aditol"/>
    </concept>
    <concept>
      <code value="00000101229"/>
      <display value="Alfametildopa dallas"/>
    </concept>
    <concept>
      <code value="00000101230"/>
      <display value="Alfametildopa avanova"/>
    </concept>
    <concept>
      <code value="00000101231"/>
      <display value="Dopabrit"/>
    </concept>
    <concept>
      <code value="00000101236"/>
      <display value="Aldoperten"/>
    </concept>
  </concept>
  <concept>
    <code value="00000202001"/>
    <display value="Orciprenaline sulfate"/>
    <concept>
      <code value="00000202002"/>
      <display value="Alupent"/>
    </concept>
    <concept>
      <code value="00000202003"/>
      <display value="Metaprel"/>
    </concept>
    <concept>
      <code value="00000202005"/>
      <display value="Metaproterenol sulfate"/>
    </concept>
    <concept>
      <code value="00000202011"/>
      <display value="Metaproterenol"/>
    </concept>
    <concept>
      <code value="00000202022"/>
      <display value="Metaproternol sulfate"/>
    </concept>
    <concept>
      <code value="00000202023"/>
      <display value="Orciprenalina"/>
    </concept>
    <concept>
      <code value="00000202030"/>
      <display value="Orciprenalini sulfas"/>
    </concept>
    <concept>
      <code value="00000202032"/>
      <display value="Orlin"/>
    </concept>
  </concept>
  <concept>
    <code value="00000301001"/>
    <display value="Aminosalicylic acid"/>
    <concept>
      <code value="00000301003"/>
      <display value="Pas"/>
    </concept>
    <concept>
      <code value="00000301007"/>
      <display value="Para-aminosalicylic acid"/>
    </concept>
    <concept>
      <code value="00000301008"/>
      <display value="Aminosalylum"/>
    </concept>
    <concept>
      <code value="00000301014"/>
      <display value="Paser"/>
    </concept>
    <concept>
      <code value="00000301023"/>
      <display value="4-aminosalicylic acid"/>
    </concept>
  </concept>
  <concept>
    <code value="00000304001"/>
    <display value="Aminosalicylate sodium"/>
    <concept>
      <code value="00000304004"/>
      <display value="Sodium pas"/>
    </concept>
    <concept>
      <code value="00000304018"/>
      <display value="Monopas"/>
    </concept>
    <concept>
      <code value="00000304019"/>
      <display value="Pas"/>
    </concept>
    <concept>
      <code value="00000304031"/>
      <display value="Sodium aminosalicylate"/>
    </concept>
    <concept>
      <code value="00000304040"/>
      <display value="Aminosalicylic acid sodium"/>
    </concept>
    <concept>
      <code value="00000304041"/>
      <display value="Med pass"/>
    </concept>
  </concept>
  <concept>
    <code value="15268603001"/>
    <display value="COVID-19 vaccine NRVV Ad (ChAdOx1 nCoV-19)"/>
    <concept>
      <code value="15268603002"/>
      <display value="AZD 1222"/>
    </concept>
    <concept>
      <code value="15268603003"/>
      <display value="COVID-19 vaccine AstraZeneca"/>
    </concept>
    <concept>
      <code value="15268603004"/>
      <display value="Covishield"/>
    </concept>
    <concept>
      <code value="15268603005"/>
      <display value="ChAdOx1 nCoV-19"/>
    </concept>
    <concept>
      <code value="15268603007"/>
      <display value="Vaxzevria"/>
    </concept>
    <concept>
      <code value="15268603009"/>
      <display value="Vacuna COVID-19 AstraZeneca"/>
    </concept>
    <concept>
      <code value="15268603010"/>
      <display value="Vacina COVID-19 (recombinante)"/>
    </concept>
    <concept>
      <code value="15268603012"/>
      <display value="COVID-19 vacuna AstraZeneca"/>
    </concept>
  </concept>
  <concept>
    <code value="15268604001"/>
    <display value="Elasomeran"/>
    <concept>
      <code value="15268604002"/>
      <display value="Moderna COVID-19 vaccine"/>
    </concept>
    <concept>
      <code value="15268604003"/>
      <display value="COVID-19 vaccine Moderna"/>
    </concept>
    <concept>
      <code value="15268604004"/>
      <display value="TAK 919"/>
    </concept>
    <concept>
      <code value="15268604005"/>
      <display value="MRNA 1273"/>
    </concept>
    <concept>
      <code value="15268604006"/>
      <display value="CX-024414"/>
    </concept>
    <concept>
      <code value="15268604007"/>
      <display value="COVID-19 vaccine mRNA (mRNA 1273)"/>
    </concept>
    <concept>
      <code value="15268604008"/>
      <display value="Spikevax"/>
    </concept>
  </concept>
  <concept>
    <code value="15268607001"/>
    <display value="COVID-19 vaccine NRVV Ad5 (Ad5-nCoV)"/>
    <concept>
      <code value="15268607002"/>
      <display value="Ad5-nCoV"/>
    </concept>
    <concept>
      <code value="15268607005"/>
      <display value="Convidecia"/>
    </concept>
  </concept>
  <concept>
    <code value="15268614001"/>
    <display value="COVID-19 vaccine inact w.virion NIV-2020-770"/>
    <concept>
      <code value="15268614002"/>
      <display value="Covaxin"/>
    </concept>
    <concept>
      <code value="15268614003"/>
      <display value="BBV152"/>
    </concept>
  </concept>
  <concept>
    <code value="15268618001"/>
    <display value="COVID-19 vaccine prot. subunit (MVC-COV1901)"/>
    <concept>
      <code value="15268618002"/>
      <display value="Mvc covid-19 vaccine"/>
    </concept>
    <concept>
      <code value="15268618003"/>
      <display value="MVC-COV1901"/>
    </concept>
  </concept>
  <concept>
    <code value="15268620001"/>
    <display value="COVID-19 vaccine NRVV Ad5 (Gam-Covid-Vac)"/>
    <concept>
      <code value="15268620002"/>
      <display value="Gam-COVID-Vac component 2"/>
    </concept>
    <concept>
      <code value="15268620004"/>
      <display value="Sputnik V component 2"/>
    </concept>
  </concept>
  <concept>
    <code value="15268625001"/>
    <display value="Tozinameran"/>
    <concept>
      <code value="15268625002"/>
      <display value="BNT162b2"/>
    </concept>
    <concept>
      <code value="15268625003"/>
      <display value="Pfizer BioNTech COVID-19 vaccine"/>
    </concept>
    <concept>
      <code value="15268625005"/>
      <display value="Comirnaty"/>
    </concept>
    <concept>
      <code value="15268625006"/>
      <display value="COVID-19 vaccine mRNA (BNT162b2)"/>
    </concept>
    <concept>
      <code value="15268625007"/>
      <display value="Vacuna COVID-19 Pfizer BioNTech"/>
    </concept>
    <concept>
      <code value="15268625008"/>
      <display value="PF 07305885"/>
    </concept>
    <concept>
      <code value="15268625009"/>
      <display value="Vacuna Pfizer-BioNTech COVID-19"/>
    </concept>
  </concept>
  <concept>
    <code value="15268628001"/>
    <display value="COVID-19 vaccine prot. subunit (ZF 2001)"/>
    <concept>
      <code value="15268628003"/>
      <display value="ZF 2001"/>
    </concept>
    <concept>
      <code value="15268628006"/>
      <display value="Zifivax"/>
    </concept>
  </concept>
  <concept>
    <code value="15268640001"/>
    <display value="COVID-19 vaccine NRVV Ad26 (JNJ 78436735)"/>
    <concept>
      <code value="15268640002"/>
      <display value="JNJ 78436735"/>
    </concept>
    <concept>
      <code value="15268640003"/>
      <display value="Janssen COVID-19 vaccine"/>
    </concept>
    <concept>
      <code value="15268640004"/>
      <display value="COVID-19 vaccine Janssen"/>
    </concept>
    <concept>
      <code value="15268640005"/>
      <display value="Vacuna COVID-19 Janssen"/>
    </concept>
    <concept>
      <code value="15268640006"/>
      <display value="Vacina COVID-19 (recombinante)"/>
    </concept>
  </concept>
  <concept>
    <code value="15268643001"/>
    <display value="COVID-19 vaccine inact (Vero) HB02"/>
    <concept>
      <code value="15268643003"/>
      <display value="BBIBP-CorV"/>
    </concept>
    <concept>
      <code value="15268643005"/>
      <display value="COVID-19 vaccine (vero cell), inactivated"/>
    </concept>
    <concept>
      <code value="15268643007"/>
      <display value="Vacuna contra el SARS-COV-2 (Vero Cell), Inactivada"/>
    </concept>
    <concept>
      <code value="15268643009"/>
      <display value="Hayat vax"/>
    </concept>
    <concept>
      <code value="15268643011"/>
      <display value="Vacuna SARS-CoV-2 (celulas vero) inactivada"/>
    </concept>
    <concept>
      <code value="15268643012"/>
      <display value="COVID-19 vaccine inact (Vero) 19nCoV-CDC-Tan-HB02"/>
    </concept>
  </concept>
  <concept>
    <code value="15268644001"/>
    <display value="COVID-19 vaccine inact (Vero) CZ02"/>
    <concept>
      <code value="15268644002"/>
      <display value="CoronaVac"/>
    </concept>
    <concept>
      <code value="15268644004"/>
      <display value="Vacina adsorvida COVID-19 (inativada)"/>
    </concept>
  </concept>
  <concept>
    <code value="15268682001"/>
    <display value="COVID-19 vaccine prot. subunit (CIGB 66)"/>
    <concept>
      <code value="15268682002"/>
      <display value="Abdala"/>
    </concept>
    <concept>
      <code value="15268682003"/>
      <display value="CIGB 66"/>
    </concept>
  </concept>
  <concept>
    <code value="15268684001"/>
    <display value="COVID-19 vaccine NRVV Ad26 (Gam-Covid-Vac);COVID-19 vaccine NRVV Ad5 (Gam-Covid-Vac)"/>
    <concept>
      <code value="15268684002"/>
      <display value="Sputnik V"/>
    </concept>
    <concept>
      <code value="15268684003"/>
      <display value="Gam-COVID-Vac"/>
    </concept>
  </concept>
  <concept>
    <code value="152686A8001"/>
    <display value="Famtozinameran;Tozinameran"/>
    <concept>
      <code value="152686A8004"/>
      <display value="Comirnaty bivalente BA.4/BA.5"/>
    </concept>
  </concept>
  <concept>
    <code value="152686AA001"/>
    <display value="Riltozinameran;Tozinameran"/>
    <concept>
      <code value="152686AA003"/>
      <display value="Comirnaty bivalente BA.1"/>
    </concept>
  </concept>
</CodeSystem>