<?xml version="1.0" encoding="UTF-8"?>

<ValueSet xmlns="http://hl7.org/fhir">
  <id value="CodigoMedicamentoVS"/>
  <text>
    <status value="generated"/><div xmlns="http://www.w3.org/1999/xhtml"><p class="res-header-id"><b>Generated Narrative: ValueSet CodigoMedicamentoVS</b></p><a name="CodigoMedicamentoVS"> </a><a name="hcCodigoMedicamentoVS"> </a><a name="CodigoMedicamentoVS-en-US"> </a><p>This value set includes codes based on the following rules:</p><ul><li>Include codes from<a href="http://www.snomed.org/"><code>http://snomed.info/sct</code></a> where concept  is-a 105590001 (Substance)</li><li>Include codes from<a href="http://www.snomed.org/"><code>http://snomed.info/sct</code></a> where concept  is-a 105590001 (Substance)</li><li>Include all codes defined in <a href="CodeSystem-WHODrugDCCS.html"><code>https://paho.org/fhir/esavi/CodeSystem/WHODrugDCCS</code></a></li></ul></div>
  </text>
  <url value="https://paho.org/fhir/esavi/ValueSet/CodigoMedicamentoVS"/>
  <version value="0.2.0"/>
  <name value="CodigoMedicamentoVS"/>
  <title value="Codigo Medicamento"/>
  <status value="active"/>
  <experimental value="false"/>
  <date value="2021-03-11T00:00:00-03:00"/>
  <publisher value="ESAVI -"/>
  <contact>
    <name value="ESAVI -"/>
    <telecom>
      <system value="url"/>
      <value value="https://covid-19pharmacovigilance.paho.org/resources/updates-on-aefi"/>
    </telecom>
    <telecom>
      <system value="email"/>
      <value value="rizzatodan@paho.org"/>
    </telecom>
  </contact>
  <description value="Codigo Medicamento"/>
  <jurisdiction>
    <coding>
      <system value="http://unstats.un.org/unsd/methods/m49/m49.htm"/>
      <code value="001"/>
    </coding>
  </jurisdiction>
  <compose>
    <include>
      <system value="http://snomed.info/sct"/>
      <filter>
        <property value="concept"/>
        <op value="is-a"/>
        <value value="105590001"/>
      </filter>
    </include>
    <include>
      <system value="http://snomed.info/sct"/>
      <filter>
        <property value="concept"/>
        <op value="is-a"/>
        <value value="105590001"/>
      </filter>
    </include>
    <include>
      <system value="https://paho.org/fhir/esavi/CodeSystem/WHODrugDCCS"/>
    </include>
  </compose>
</ValueSet>