<?xml version="1.0" encoding="UTF-8"?><CodeSystem xmlns="http://hl7.org/fhir"><id value="codPaisesCS"/><text><status value="generated"/><div xmlns="http://www.w3.org/1999/xhtml"><p class="res-header-id"><b>Generated Narrative: CodeSystem codPaisesCS</b></p><a name="codPaisesCS"> </a><a name="hccodPaisesCS"> </a><a name="codPaisesCS-en-US"> </a><p>This case-insensitive code system <code>https://paho.org/fhir/esavi/CodeSystem/codPaisesCS</code> defines the following codes:</p><table class="codes"><tr><td style="white-space:nowrap"><b>Code</b></td><td><b>Display</b></td></tr><tr><td style="white-space:nowrap">ABW<a name="codPaisesCS-ABW"> </a></td><td>Aruba</td></tr><tr><td style="white-space:nowrap">AFG<a name="codPaisesCS-AFG"> </a></td><td>Afghanistan</td></tr><tr><td style="white-space:nowrap">AGO<a name="codPaisesCS-AGO"> </a></td><td>Angola</td></tr><tr><td style="white-space:nowrap">AIA<a name="codPaisesCS-AIA"> </a></td><td>Anguilla</td></tr><tr><td style="white-space:nowrap">ALA<a name="codPaisesCS-ALA"> </a></td><td>Eland Islands</td></tr><tr><td style="white-space:nowrap">ALB<a name="codPaisesCS-ALB"> </a></td><td>Albania</td></tr><tr><td style="white-space:nowrap">AND<a name="codPaisesCS-AND"> </a></td><td>Andorra</td></tr><tr><td style="white-space:nowrap">ARE<a name="codPaisesCS-ARE"> </a></td><td>United Arab Emirates</td></tr><tr><td style="white-space:nowrap">ARG<a name="codPaisesCS-ARG"> </a></td><td>Argentina</td></tr><tr><td style="white-space:nowrap">ARM<a name="codPaisesCS-ARM"> </a></td><td>Armenia</td></tr><tr><td style="white-space:nowrap">ASM<a name="codPaisesCS-ASM"> </a></td><td>American Samoa</td></tr><tr><td style="white-space:nowrap">ATA<a name="codPaisesCS-ATA"> </a></td><td>Antarctica</td></tr><tr><td style="white-space:nowrap">ATF<a name="codPaisesCS-ATF"> </a></td><td>French Southern Territories</td></tr><tr><td style="white-space:nowrap">ATG<a name="codPaisesCS-ATG"> </a></td><td>Antigua and Barbuda</td></tr><tr><td style="white-space:nowrap">AUS<a name="codPaisesCS-AUS"> </a></td><td>Australia</td></tr><tr><td style="white-space:nowrap">AUT<a name="codPaisesCS-AUT"> </a></td><td>Austria</td></tr><tr><td style="white-space:nowrap">AZE<a name="codPaisesCS-AZE"> </a></td><td>Azerbaijan</td></tr><tr><td style="white-space:nowrap">BDI<a name="codPaisesCS-BDI"> </a></td><td>Burundi</td></tr><tr><td style="white-space:nowrap">BEL<a name="codPaisesCS-BEL"> </a></td><td>Belgium</td></tr><tr><td style="white-space:nowrap">BEN<a name="codPaisesCS-BEN"> </a></td><td>Benin</td></tr><tr><td style="white-space:nowrap">BES<a name="codPaisesCS-BES"> </a></td><td>Bonaire, Sint Eustatius and Saba</td></tr><tr><td style="white-space:nowrap">BFA<a name="codPaisesCS-BFA"> </a></td><td>Burkina Faso</td></tr><tr><td style="white-space:nowrap">BGD<a name="codPaisesCS-BGD"> </a></td><td>Bangladesh</td></tr><tr><td style="white-space:nowrap">BGR<a name="codPaisesCS-BGR"> </a></td><td>Bulgaria</td></tr><tr><td style="white-space:nowrap">BHR<a name="codPaisesCS-BHR"> </a></td><td>Bahrain</td></tr><tr><td style="white-space:nowrap">BHS<a name="codPaisesCS-BHS"> </a></td><td>Bahamas</td></tr><tr><td style="white-space:nowrap">BIH<a name="codPaisesCS-BIH"> </a></td><td>Bosnia and Herzegovina</td></tr><tr><td style="white-space:nowrap">BLM<a name="codPaisesCS-BLM"> </a></td><td>Saint Barthilemy</td></tr><tr><td style="white-space:nowrap">BLR<a name="codPaisesCS-BLR"> </a></td><td>Belarus</td></tr><tr><td style="white-space:nowrap">BLZ<a name="codPaisesCS-BLZ"> </a></td><td>Belize</td></tr><tr><td style="white-space:nowrap">BMU<a name="codPaisesCS-BMU"> </a></td><td>Bermuda</td></tr><tr><td style="white-space:nowrap">BOL<a name="codPaisesCS-BOL"> </a></td><td>Bolivia, Plurinational State of</td></tr><tr><td style="white-space:nowrap">BRA<a name="codPaisesCS-BRA"> </a></td><td>Brazil</td></tr><tr><td style="white-space:nowrap">BRB<a name="codPaisesCS-BRB"> </a></td><td>Barbados</td></tr><tr><td style="white-space:nowrap">BRN<a name="codPaisesCS-BRN"> </a></td><td>Brunei Darussalam</td></tr><tr><td style="white-space:nowrap">BTN<a name="codPaisesCS-BTN"> </a></td><td>Bhutan</td></tr><tr><td style="white-space:nowrap">BVT<a name="codPaisesCS-BVT"> </a></td><td>Bouvet Island</td></tr><tr><td style="white-space:nowrap">BWA<a name="codPaisesCS-BWA"> </a></td><td>Botswana</td></tr><tr><td style="white-space:nowrap">CAF<a name="codPaisesCS-CAF"> </a></td><td>Central African Republic</td></tr><tr><td style="white-space:nowrap">CAN<a name="codPaisesCS-CAN"> </a></td><td>Canada</td></tr><tr><td style="white-space:nowrap">CCK<a name="codPaisesCS-CCK"> </a></td><td>Cocos (Keeling) Islands</td></tr><tr><td style="white-space:nowrap">CHE<a name="codPaisesCS-CHE"> </a></td><td>Switzerland</td></tr><tr><td style="white-space:nowrap">CHL<a name="codPaisesCS-CHL"> </a></td><td>Chile</td></tr><tr><td style="white-space:nowrap">CHN<a name="codPaisesCS-CHN"> </a></td><td>China</td></tr><tr><td style="white-space:nowrap">CIV<a name="codPaisesCS-CIV"> </a></td><td>Ctte d'Ivoire</td></tr><tr><td style="white-space:nowrap">CMR<a name="codPaisesCS-CMR"> </a></td><td>Cameroon</td></tr><tr><td style="white-space:nowrap">COD<a name="codPaisesCS-COD"> </a></td><td>Congo, the Democratic Republic of the</td></tr><tr><td style="white-space:nowrap">COG<a name="codPaisesCS-COG"> </a></td><td>Congo</td></tr><tr><td style="white-space:nowrap">COK<a name="codPaisesCS-COK"> </a></td><td>Cook Islands</td></tr><tr><td style="white-space:nowrap">COL<a name="codPaisesCS-COL"> </a></td><td>Colombia</td></tr><tr><td style="white-space:nowrap">COM<a name="codPaisesCS-COM"> </a></td><td>Comoros</td></tr><tr><td style="white-space:nowrap">CPV<a name="codPaisesCS-CPV"> </a></td><td>Cabo Verde</td></tr><tr><td style="white-space:nowrap">CRI<a name="codPaisesCS-CRI"> </a></td><td>Costa Rica</td></tr><tr><td style="white-space:nowrap">CUB<a name="codPaisesCS-CUB"> </a></td><td>Cuba</td></tr><tr><td style="white-space:nowrap">CUW<a name="codPaisesCS-CUW"> </a></td><td>Curagao</td></tr><tr><td style="white-space:nowrap">CXR<a name="codPaisesCS-CXR"> </a></td><td>Christmas Island</td></tr><tr><td style="white-space:nowrap">CYM<a name="codPaisesCS-CYM"> </a></td><td>Cayman Islands</td></tr><tr><td style="white-space:nowrap">CYP<a name="codPaisesCS-CYP"> </a></td><td>Cyprus</td></tr><tr><td style="white-space:nowrap">CZE<a name="codPaisesCS-CZE"> </a></td><td>Czechia</td></tr><tr><td style="white-space:nowrap">DEU<a name="codPaisesCS-DEU"> </a></td><td>Germany</td></tr><tr><td style="white-space:nowrap">DJI<a name="codPaisesCS-DJI"> </a></td><td>Djibouti</td></tr><tr><td style="white-space:nowrap">DMA<a name="codPaisesCS-DMA"> </a></td><td>Dominica</td></tr><tr><td style="white-space:nowrap">DNK<a name="codPaisesCS-DNK"> </a></td><td>Denmark</td></tr><tr><td style="white-space:nowrap">DOM<a name="codPaisesCS-DOM"> </a></td><td>Dominican Republic</td></tr><tr><td style="white-space:nowrap">DZA<a name="codPaisesCS-DZA"> </a></td><td>Algeria</td></tr><tr><td style="white-space:nowrap">ECU<a name="codPaisesCS-ECU"> </a></td><td>Ecuador</td></tr><tr><td style="white-space:nowrap">EGY<a name="codPaisesCS-EGY"> </a></td><td>Egypt</td></tr><tr><td style="white-space:nowrap">ERI<a name="codPaisesCS-ERI"> </a></td><td>Eritrea</td></tr><tr><td style="white-space:nowrap">ESH<a name="codPaisesCS-ESH"> </a></td><td>Western Sahara</td></tr><tr><td style="white-space:nowrap">ESP<a name="codPaisesCS-ESP"> </a></td><td>Spain</td></tr><tr><td style="white-space:nowrap">EST<a name="codPaisesCS-EST"> </a></td><td>Estonia</td></tr><tr><td style="white-space:nowrap">ETH<a name="codPaisesCS-ETH"> </a></td><td>Ethiopia</td></tr><tr><td style="white-space:nowrap">FIN<a name="codPaisesCS-FIN"> </a></td><td>Finland</td></tr><tr><td style="white-space:nowrap">FJI<a name="codPaisesCS-FJI"> </a></td><td>Fiji</td></tr><tr><td style="white-space:nowrap">FLK<a name="codPaisesCS-FLK"> </a></td><td>Falkland Islands (Malvinas)</td></tr><tr><td style="white-space:nowrap">FRA<a name="codPaisesCS-FRA"> </a></td><td>France</td></tr><tr><td style="white-space:nowrap">FRO<a name="codPaisesCS-FRO"> </a></td><td>Faroe Islands</td></tr><tr><td style="white-space:nowrap">FSM<a name="codPaisesCS-FSM"> </a></td><td>Micronesia, Federated States of</td></tr><tr><td style="white-space:nowrap">GAB<a name="codPaisesCS-GAB"> </a></td><td>Gabon</td></tr><tr><td style="white-space:nowrap">GBR<a name="codPaisesCS-GBR"> </a></td><td>United Kingdom</td></tr><tr><td style="white-space:nowrap">GEO<a name="codPaisesCS-GEO"> </a></td><td>Georgia</td></tr><tr><td style="white-space:nowrap">GGY<a name="codPaisesCS-GGY"> </a></td><td>Guernsey</td></tr><tr><td style="white-space:nowrap">GHA<a name="codPaisesCS-GHA"> </a></td><td>Ghana</td></tr><tr><td style="white-space:nowrap">GIB<a name="codPaisesCS-GIB"> </a></td><td>Gibraltar</td></tr><tr><td style="white-space:nowrap">GIN<a name="codPaisesCS-GIN"> </a></td><td>Guinea</td></tr><tr><td style="white-space:nowrap">GLP<a name="codPaisesCS-GLP"> </a></td><td>Guadeloupe</td></tr><tr><td style="white-space:nowrap">GMB<a name="codPaisesCS-GMB"> </a></td><td>Gambia</td></tr><tr><td style="white-space:nowrap">GNB<a name="codPaisesCS-GNB"> </a></td><td>Guinea-Bissau</td></tr><tr><td style="white-space:nowrap">GNQ<a name="codPaisesCS-GNQ"> </a></td><td>Equatorial Guinea</td></tr><tr><td style="white-space:nowrap">GRC<a name="codPaisesCS-GRC"> </a></td><td>Greece</td></tr><tr><td style="white-space:nowrap">GRD<a name="codPaisesCS-GRD"> </a></td><td>Grenada</td></tr><tr><td style="white-space:nowrap">GRL<a name="codPaisesCS-GRL"> </a></td><td>Greenland</td></tr><tr><td style="white-space:nowrap">GTM<a name="codPaisesCS-GTM"> </a></td><td>Guatemala</td></tr><tr><td style="white-space:nowrap">GUF<a name="codPaisesCS-GUF"> </a></td><td>French Guiana</td></tr><tr><td style="white-space:nowrap">GUM<a name="codPaisesCS-GUM"> </a></td><td>Guam</td></tr><tr><td style="white-space:nowrap">GUY<a name="codPaisesCS-GUY"> </a></td><td>Guyana</td></tr><tr><td style="white-space:nowrap">HKG<a name="codPaisesCS-HKG"> </a></td><td>Hong Kong</td></tr><tr><td style="white-space:nowrap">HMD<a name="codPaisesCS-HMD"> </a></td><td>Heard Island and McDonald Islands</td></tr><tr><td style="white-space:nowrap">HND<a name="codPaisesCS-HND"> </a></td><td>Honduras</td></tr><tr><td style="white-space:nowrap">HRV<a name="codPaisesCS-HRV"> </a></td><td>Croatia</td></tr><tr><td style="white-space:nowrap">HTI<a name="codPaisesCS-HTI"> </a></td><td>Haiti</td></tr><tr><td style="white-space:nowrap">HUN<a name="codPaisesCS-HUN"> </a></td><td>Hungary</td></tr><tr><td style="white-space:nowrap">IDN<a name="codPaisesCS-IDN"> </a></td><td>Indonesia</td></tr><tr><td style="white-space:nowrap">IMN<a name="codPaisesCS-IMN"> </a></td><td>Isle of Man</td></tr><tr><td style="white-space:nowrap">IND<a name="codPaisesCS-IND"> </a></td><td>India</td></tr><tr><td style="white-space:nowrap">IOT<a name="codPaisesCS-IOT"> </a></td><td>British Indian Ocean Territory</td></tr><tr><td style="white-space:nowrap">IRL<a name="codPaisesCS-IRL"> </a></td><td>Ireland</td></tr><tr><td style="white-space:nowrap">IRN<a name="codPaisesCS-IRN"> </a></td><td>Iran, Islamic Republic of</td></tr><tr><td style="white-space:nowrap">IRQ<a name="codPaisesCS-IRQ"> </a></td><td>Iraq</td></tr><tr><td style="white-space:nowrap">ISL<a name="codPaisesCS-ISL"> </a></td><td>Iceland</td></tr><tr><td style="white-space:nowrap">ISR<a name="codPaisesCS-ISR"> </a></td><td>Israel</td></tr><tr><td style="white-space:nowrap">ITA<a name="codPaisesCS-ITA"> </a></td><td>Italy</td></tr><tr><td style="white-space:nowrap">JAM<a name="codPaisesCS-JAM"> </a></td><td>Jamaica</td></tr><tr><td style="white-space:nowrap">JEY<a name="codPaisesCS-JEY"> </a></td><td>Jersey</td></tr><tr><td style="white-space:nowrap">JOR<a name="codPaisesCS-JOR"> </a></td><td>Jordan</td></tr><tr><td style="white-space:nowrap">JPN<a name="codPaisesCS-JPN"> </a></td><td>Japan</td></tr><tr><td style="white-space:nowrap">KAZ<a name="codPaisesCS-KAZ"> </a></td><td>Kazakhstan</td></tr><tr><td style="white-space:nowrap">KEN<a name="codPaisesCS-KEN"> </a></td><td>Kenya</td></tr><tr><td style="white-space:nowrap">KGZ<a name="codPaisesCS-KGZ"> </a></td><td>Kyrgyzstan</td></tr><tr><td style="white-space:nowrap">KHM<a name="codPaisesCS-KHM"> </a></td><td>Cambodia</td></tr><tr><td style="white-space:nowrap">KIR<a name="codPaisesCS-KIR"> </a></td><td>Kiribati</td></tr><tr><td style="white-space:nowrap">KNA<a name="codPaisesCS-KNA"> </a></td><td>Saint Kitts and Nevis</td></tr><tr><td style="white-space:nowrap">KOR<a name="codPaisesCS-KOR"> </a></td><td>Korea, Republic of</td></tr><tr><td style="white-space:nowrap">KWT<a name="codPaisesCS-KWT"> </a></td><td>Kuwait</td></tr><tr><td style="white-space:nowrap">LAO<a name="codPaisesCS-LAO"> </a></td><td>Lao People's Democratic Republic</td></tr><tr><td style="white-space:nowrap">LBN<a name="codPaisesCS-LBN"> </a></td><td>Lebanon</td></tr><tr><td style="white-space:nowrap">LBR<a name="codPaisesCS-LBR"> </a></td><td>Liberia</td></tr><tr><td style="white-space:nowrap">LBY<a name="codPaisesCS-LBY"> </a></td><td>Libya</td></tr><tr><td style="white-space:nowrap">LCA<a name="codPaisesCS-LCA"> </a></td><td>Saint Lucia</td></tr><tr><td style="white-space:nowrap">LIE<a name="codPaisesCS-LIE"> </a></td><td>Liechtenstein</td></tr><tr><td style="white-space:nowrap">LKA<a name="codPaisesCS-LKA"> </a></td><td>Sri Lanka</td></tr><tr><td style="white-space:nowrap">LSO<a name="codPaisesCS-LSO"> </a></td><td>Lesotho</td></tr><tr><td style="white-space:nowrap">LTU<a name="codPaisesCS-LTU"> </a></td><td>Lithuania</td></tr><tr><td style="white-space:nowrap">LUX<a name="codPaisesCS-LUX"> </a></td><td>Luxembourg</td></tr><tr><td style="white-space:nowrap">LVA<a name="codPaisesCS-LVA"> </a></td><td>Latvia</td></tr><tr><td style="white-space:nowrap">MAC<a name="codPaisesCS-MAC"> </a></td><td>Macao</td></tr><tr><td style="white-space:nowrap">MAF<a name="codPaisesCS-MAF"> </a></td><td>Saint Martin (French part)</td></tr><tr><td style="white-space:nowrap">MAR<a name="codPaisesCS-MAR"> </a></td><td>Morocco</td></tr><tr><td style="white-space:nowrap">MCO<a name="codPaisesCS-MCO"> </a></td><td>Monaco</td></tr><tr><td style="white-space:nowrap">MDA<a name="codPaisesCS-MDA"> </a></td><td>Moldova, Republic of</td></tr><tr><td style="white-space:nowrap">MDG<a name="codPaisesCS-MDG"> </a></td><td>Madagascar</td></tr><tr><td style="white-space:nowrap">MDV<a name="codPaisesCS-MDV"> </a></td><td>Maldives</td></tr><tr><td style="white-space:nowrap">MEX<a name="codPaisesCS-MEX"> </a></td><td>Mexico</td></tr><tr><td style="white-space:nowrap">MHL<a name="codPaisesCS-MHL"> </a></td><td>Marshall Islands</td></tr><tr><td style="white-space:nowrap">MKD<a name="codPaisesCS-MKD"> </a></td><td>Macedonia, the former Yugoslav Republic of</td></tr><tr><td style="white-space:nowrap">MLI<a name="codPaisesCS-MLI"> </a></td><td>Mali</td></tr><tr><td style="white-space:nowrap">MLT<a name="codPaisesCS-MLT"> </a></td><td>Malta</td></tr><tr><td style="white-space:nowrap">MMR<a name="codPaisesCS-MMR"> </a></td><td>Myanmar</td></tr><tr><td style="white-space:nowrap">MNE<a name="codPaisesCS-MNE"> </a></td><td>Montenegro</td></tr><tr><td style="white-space:nowrap">MNG<a name="codPaisesCS-MNG"> </a></td><td>Mongolia</td></tr><tr><td style="white-space:nowrap">MNP<a name="codPaisesCS-MNP"> </a></td><td>Northern Mariana Islands</td></tr><tr><td style="white-space:nowrap">MOZ<a name="codPaisesCS-MOZ"> </a></td><td>Mozambique</td></tr><tr><td style="white-space:nowrap">MRT<a name="codPaisesCS-MRT"> </a></td><td>Mauritania</td></tr><tr><td style="white-space:nowrap">MSR<a name="codPaisesCS-MSR"> </a></td><td>Montserrat</td></tr><tr><td style="white-space:nowrap">MTQ<a name="codPaisesCS-MTQ"> </a></td><td>Martinique</td></tr><tr><td style="white-space:nowrap">MUS<a name="codPaisesCS-MUS"> </a></td><td>Mauritius</td></tr><tr><td style="white-space:nowrap">MWI<a name="codPaisesCS-MWI"> </a></td><td>Malawi</td></tr><tr><td style="white-space:nowrap">MYS<a name="codPaisesCS-MYS"> </a></td><td>Malaysia</td></tr><tr><td style="white-space:nowrap">MYT<a name="codPaisesCS-MYT"> </a></td><td>Mayotte</td></tr><tr><td style="white-space:nowrap">NAM<a name="codPaisesCS-NAM"> </a></td><td>Namibia</td></tr><tr><td style="white-space:nowrap">NCL<a name="codPaisesCS-NCL"> </a></td><td>New Caledonia</td></tr><tr><td style="white-space:nowrap">NER<a name="codPaisesCS-NER"> </a></td><td>Niger</td></tr><tr><td style="white-space:nowrap">NFK<a name="codPaisesCS-NFK"> </a></td><td>Norfolk Island</td></tr><tr><td style="white-space:nowrap">NGA<a name="codPaisesCS-NGA"> </a></td><td>Nigeria</td></tr><tr><td style="white-space:nowrap">NIC<a name="codPaisesCS-NIC"> </a></td><td>Nicaragua</td></tr><tr><td style="white-space:nowrap">NIU<a name="codPaisesCS-NIU"> </a></td><td>Niue</td></tr><tr><td style="white-space:nowrap">NLD<a name="codPaisesCS-NLD"> </a></td><td>Netherlands</td></tr><tr><td style="white-space:nowrap">NOR<a name="codPaisesCS-NOR"> </a></td><td>Norway</td></tr><tr><td style="white-space:nowrap">NPL<a name="codPaisesCS-NPL"> </a></td><td>Nepal</td></tr><tr><td style="white-space:nowrap">NRU<a name="codPaisesCS-NRU"> </a></td><td>Nauru</td></tr><tr><td style="white-space:nowrap">NZL<a name="codPaisesCS-NZL"> </a></td><td>New Zealand</td></tr><tr><td style="white-space:nowrap">OMN<a name="codPaisesCS-OMN"> </a></td><td>Oman</td></tr><tr><td style="white-space:nowrap">PAK<a name="codPaisesCS-PAK"> </a></td><td>Pakistan</td></tr><tr><td style="white-space:nowrap">PAN<a name="codPaisesCS-PAN"> </a></td><td>Panama</td></tr><tr><td style="white-space:nowrap">PCN<a name="codPaisesCS-PCN"> </a></td><td>Pitcairn</td></tr><tr><td style="white-space:nowrap">PER<a name="codPaisesCS-PER"> </a></td><td>Peru</td></tr><tr><td style="white-space:nowrap">PHL<a name="codPaisesCS-PHL"> </a></td><td>Philippines</td></tr><tr><td style="white-space:nowrap">PLW<a name="codPaisesCS-PLW"> </a></td><td>Palau</td></tr><tr><td style="white-space:nowrap">PNG<a name="codPaisesCS-PNG"> </a></td><td>Papua New Guinea</td></tr><tr><td style="white-space:nowrap">POL<a name="codPaisesCS-POL"> </a></td><td>Poland</td></tr><tr><td style="white-space:nowrap">PRI<a name="codPaisesCS-PRI"> </a></td><td>Puerto Rico</td></tr><tr><td style="white-space:nowrap">PRK<a name="codPaisesCS-PRK"> </a></td><td>Korea, Democratic People's Republic of</td></tr><tr><td style="white-space:nowrap">PRT<a name="codPaisesCS-PRT"> </a></td><td>Portugal</td></tr><tr><td style="white-space:nowrap">PRY<a name="codPaisesCS-PRY"> </a></td><td>Paraguay</td></tr><tr><td style="white-space:nowrap">PSE<a name="codPaisesCS-PSE"> </a></td><td>Palestine, State of</td></tr><tr><td style="white-space:nowrap">PYF<a name="codPaisesCS-PYF"> </a></td><td>French Polynesia</td></tr><tr><td style="white-space:nowrap">QAT<a name="codPaisesCS-QAT"> </a></td><td>Qatar</td></tr><tr><td style="white-space:nowrap">REU<a name="codPaisesCS-REU"> </a></td><td>Riunion</td></tr><tr><td style="white-space:nowrap">ROU<a name="codPaisesCS-ROU"> </a></td><td>Romania</td></tr><tr><td style="white-space:nowrap">RUS<a name="codPaisesCS-RUS"> </a></td><td>Russian Federation</td></tr><tr><td style="white-space:nowrap">RWA<a name="codPaisesCS-RWA"> </a></td><td>Rwanda</td></tr><tr><td style="white-space:nowrap">SAU<a name="codPaisesCS-SAU"> </a></td><td>Saudi Arabia</td></tr><tr><td style="white-space:nowrap">SDN<a name="codPaisesCS-SDN"> </a></td><td>Sudan</td></tr><tr><td style="white-space:nowrap">SEN<a name="codPaisesCS-SEN"> </a></td><td>Senegal</td></tr><tr><td style="white-space:nowrap">SGP<a name="codPaisesCS-SGP"> </a></td><td>Singapore</td></tr><tr><td style="white-space:nowrap">SGS<a name="codPaisesCS-SGS"> </a></td><td>South Georgia and the South Sandwich Islands</td></tr><tr><td style="white-space:nowrap">SHN<a name="codPaisesCS-SHN"> </a></td><td>Saint Helena, Ascension and Tristan da Cunha</td></tr><tr><td style="white-space:nowrap">SJM<a name="codPaisesCS-SJM"> </a></td><td>Svalbard and Jan Mayen</td></tr><tr><td style="white-space:nowrap">SLB<a name="codPaisesCS-SLB"> </a></td><td>Solomon Islands</td></tr><tr><td style="white-space:nowrap">SLE<a name="codPaisesCS-SLE"> </a></td><td>Sierra Leone</td></tr><tr><td style="white-space:nowrap">SLV<a name="codPaisesCS-SLV"> </a></td><td>El Salvador</td></tr><tr><td style="white-space:nowrap">SMR<a name="codPaisesCS-SMR"> </a></td><td>San Marino</td></tr><tr><td style="white-space:nowrap">SOM<a name="codPaisesCS-SOM"> </a></td><td>Somalia</td></tr><tr><td style="white-space:nowrap">SPM<a name="codPaisesCS-SPM"> </a></td><td>Saint Pierre and Miquelon</td></tr><tr><td style="white-space:nowrap">SRB<a name="codPaisesCS-SRB"> </a></td><td>Serbia</td></tr><tr><td style="white-space:nowrap">SSD<a name="codPaisesCS-SSD"> </a></td><td>South Sudan</td></tr><tr><td style="white-space:nowrap">STP<a name="codPaisesCS-STP"> </a></td><td>Sao Tome and Principe</td></tr><tr><td style="white-space:nowrap">SUR<a name="codPaisesCS-SUR"> </a></td><td>Suriname</td></tr><tr><td style="white-space:nowrap">SVK<a name="codPaisesCS-SVK"> </a></td><td>Slovakia</td></tr><tr><td style="white-space:nowrap">SVN<a name="codPaisesCS-SVN"> </a></td><td>Slovenia</td></tr><tr><td style="white-space:nowrap">SWE<a name="codPaisesCS-SWE"> </a></td><td>Sweden</td></tr><tr><td style="white-space:nowrap">SWZ<a name="codPaisesCS-SWZ"> </a></td><td>Swaziland</td></tr><tr><td style="white-space:nowrap">SXM<a name="codPaisesCS-SXM"> </a></td><td>Sint Maarten (Dutch part)</td></tr><tr><td style="white-space:nowrap">SYC<a name="codPaisesCS-SYC"> </a></td><td>Seychelles</td></tr><tr><td style="white-space:nowrap">SYR<a name="codPaisesCS-SYR"> </a></td><td>Syrian Arab Republic</td></tr><tr><td style="white-space:nowrap">TCA<a name="codPaisesCS-TCA"> </a></td><td>Turks and Caicos Islands</td></tr><tr><td style="white-space:nowrap">TCD<a name="codPaisesCS-TCD"> </a></td><td>Chad</td></tr><tr><td style="white-space:nowrap">TGO<a name="codPaisesCS-TGO"> </a></td><td>Togo</td></tr><tr><td style="white-space:nowrap">THA<a name="codPaisesCS-THA"> </a></td><td>Thailand</td></tr><tr><td style="white-space:nowrap">TJK<a name="codPaisesCS-TJK"> </a></td><td>Tajikistan</td></tr><tr><td style="white-space:nowrap">TKL<a name="codPaisesCS-TKL"> </a></td><td>Tokelau</td></tr><tr><td style="white-space:nowrap">TKM<a name="codPaisesCS-TKM"> </a></td><td>Turkmenistan</td></tr><tr><td style="white-space:nowrap">TLS<a name="codPaisesCS-TLS"> </a></td><td>Timor-Leste</td></tr><tr><td style="white-space:nowrap">TON<a name="codPaisesCS-TON"> </a></td><td>Tonga</td></tr><tr><td style="white-space:nowrap">TTO<a name="codPaisesCS-TTO"> </a></td><td>Trinidad and Tobago</td></tr><tr><td style="white-space:nowrap">TUN<a name="codPaisesCS-TUN"> </a></td><td>Tunisia</td></tr><tr><td style="white-space:nowrap">TUR<a name="codPaisesCS-TUR"> </a></td><td>Turkey</td></tr><tr><td style="white-space:nowrap">TUV<a name="codPaisesCS-TUV"> </a></td><td>Tuvalu</td></tr><tr><td style="white-space:nowrap">TWN<a name="codPaisesCS-TWN"> </a></td><td>Taiwan, Province of China</td></tr><tr><td style="white-space:nowrap">TZA<a name="codPaisesCS-TZA"> </a></td><td>Tanzania, United Republic of</td></tr><tr><td style="white-space:nowrap">UGA<a name="codPaisesCS-UGA"> </a></td><td>Uganda</td></tr><tr><td style="white-space:nowrap">UKR<a name="codPaisesCS-UKR"> </a></td><td>Ukraine</td></tr><tr><td style="white-space:nowrap">UMI<a name="codPaisesCS-UMI"> </a></td><td>United States Minor Outlying Islands</td></tr><tr><td style="white-space:nowrap">URY<a name="codPaisesCS-URY"> </a></td><td>Uruguay</td></tr><tr><td style="white-space:nowrap">USA<a name="codPaisesCS-USA"> </a></td><td>United States of America</td></tr><tr><td style="white-space:nowrap">UZB<a name="codPaisesCS-UZB"> </a></td><td>Uzbekistan</td></tr><tr><td style="white-space:nowrap">VAT<a name="codPaisesCS-VAT"> </a></td><td>Holy See</td></tr><tr><td style="white-space:nowrap">VCT<a name="codPaisesCS-VCT"> </a></td><td>Saint Vincent and the Grenadines</td></tr><tr><td style="white-space:nowrap">VEN<a name="codPaisesCS-VEN"> </a></td><td>Venezuela, Bolivarian Republic of</td></tr><tr><td style="white-space:nowrap">VGB<a name="codPaisesCS-VGB"> </a></td><td>Virgin Islands, British</td></tr><tr><td style="white-space:nowrap">VIR<a name="codPaisesCS-VIR"> </a></td><td>Virgin Islands, U.S.</td></tr><tr><td style="white-space:nowrap">VNM<a name="codPaisesCS-VNM"> </a></td><td>Viet Nam</td></tr><tr><td style="white-space:nowrap">VUT<a name="codPaisesCS-VUT"> </a></td><td>Vanuatu</td></tr><tr><td style="white-space:nowrap">WLF<a name="codPaisesCS-WLF"> </a></td><td>Wallis and Futuna</td></tr><tr><td style="white-space:nowrap">WSM<a name="codPaisesCS-WSM"> </a></td><td>Samoa</td></tr><tr><td style="white-space:nowrap">YEM<a name="codPaisesCS-YEM"> </a></td><td>Yemen</td></tr><tr><td style="white-space:nowrap">ZAF<a name="codPaisesCS-ZAF"> </a></td><td>South Africa</td></tr><tr><td style="white-space:nowrap">ZMB<a name="codPaisesCS-ZMB"> </a></td><td>Zambia</td></tr><tr><td style="white-space:nowrap">ZWE<a name="codPaisesCS-ZWE"> </a></td><td>Zimbabwe</td></tr></table></div></text><url value="https://paho.org/fhir/esavi/CodeSystem/codPaisesCS"/><version value="0.2.0"/><name value="CodPaisesCS"/><title value="Códigos de Paises"/><status value="active"/><experimental value="false"/><date value="2021-03-11T00:00:00-03:00"/><publisher value="ESAVI -"/><contact><name value="ESAVI -"/><telecom><system value="url"/><value value="https://covid-19pharmacovigilance.paho.org/resources/updates-on-aefi"/></telecom><telecom><system value="email"/><value value="rizzatodan@paho.org"/></telecom></contact><description value="Codigos definidos para la identificación de países segun norma ISO3166-3"/><jurisdiction><coding><system value="http://unstats.un.org/unsd/methods/m49/m49.htm"/><code value="001"/></coding></jurisdiction><caseSensitive value="false"/><content value="complete"/><count value="249"/><concept><code value="ABW"/><display value="Aruba"/></concept><concept><code value="AFG"/><display value="Afghanistan"/></concept><concept><code value="AGO"/><display value="Angola"/></concept><concept><code value="AIA"/><display value="Anguilla"/></concept><concept><code value="ALA"/><display value="Eland Islands"/></concept><concept><code value="ALB"/><display value="Albania"/></concept><concept><code value="AND"/><display value="Andorra"/></concept><concept><code value="ARE"/><display value="United Arab Emirates"/></concept><concept><code value="ARG"/><display value="Argentina"/></concept><concept><code value="ARM"/><display value="Armenia"/></concept><concept><code value="ASM"/><display value="American Samoa"/></concept><concept><code value="ATA"/><display value="Antarctica"/></concept><concept><code value="ATF"/><display value="French Southern Territories"/></concept><concept><code value="ATG"/><display value="Antigua and Barbuda"/></concept><concept><code value="AUS"/><display value="Australia"/></concept><concept><code value="AUT"/><display value="Austria"/></concept><concept><code value="AZE"/><display value="Azerbaijan"/></concept><concept><code value="BDI"/><display value="Burundi"/></concept><concept><code value="BEL"/><display value="Belgium"/></concept><concept><code value="BEN"/><display value="Benin"/></concept><concept><code value="BES"/><display value="Bonaire, Sint Eustatius and Saba"/></concept><concept><code value="BFA"/><display value="Burkina Faso"/></concept><concept><code value="BGD"/><display value="Bangladesh"/></concept><concept><code value="BGR"/><display value="Bulgaria"/></concept><concept><code value="BHR"/><display value="Bahrain"/></concept><concept><code value="BHS"/><display value="Bahamas"/></concept><concept><code value="BIH"/><display value="Bosnia and Herzegovina"/></concept><concept><code value="BLM"/><display value="Saint Barthilemy"/></concept><concept><code value="BLR"/><display value="Belarus"/></concept><concept><code value="BLZ"/><display value="Belize"/></concept><concept><code value="BMU"/><display value="Bermuda"/></concept><concept><code value="BOL"/><display value="Bolivia, Plurinational State of"/></concept><concept><code value="BRA"/><display value="Brazil"/></concept><concept><code value="BRB"/><display value="Barbados"/></concept><concept><code value="BRN"/><display value="Brunei Darussalam"/></concept><concept><code value="BTN"/><display value="Bhutan"/></concept><concept><code value="BVT"/><display value="Bouvet Island"/></concept><concept><code value="BWA"/><display value="Botswana"/></concept><concept><code value="CAF"/><display value="Central African Republic"/></concept><concept><code value="CAN"/><display value="Canada"/></concept><concept><code value="CCK"/><display value="Cocos (Keeling) Islands"/></concept><concept><code value="CHE"/><display value="Switzerland"/></concept><concept><code value="CHL"/><display value="Chile"/></concept><concept><code value="CHN"/><display value="China"/></concept><concept><code value="CIV"/><display value="Ctte d'Ivoire"/></concept><concept><code value="CMR"/><display value="Cameroon"/></concept><concept><code value="COD"/><display value="Congo, the Democratic Republic of the"/></concept><concept><code value="COG"/><display value="Congo"/></concept><concept><code value="COK"/><display value="Cook Islands"/></concept><concept><code value="COL"/><display value="Colombia"/></concept><concept><code value="COM"/><display value="Comoros"/></concept><concept><code value="CPV"/><display value="Cabo Verde"/></concept><concept><code value="CRI"/><display value="Costa Rica"/></concept><concept><code value="CUB"/><display value="Cuba"/></concept><concept><code value="CUW"/><display value="Curagao"/></concept><concept><code value="CXR"/><display value="Christmas Island"/></concept><concept><code value="CYM"/><display value="Cayman Islands"/></concept><concept><code value="CYP"/><display value="Cyprus"/></concept><concept><code value="CZE"/><display value="Czechia"/></concept><concept><code value="DEU"/><display value="Germany"/></concept><concept><code value="DJI"/><display value="Djibouti"/></concept><concept><code value="DMA"/><display value="Dominica"/></concept><concept><code value="DNK"/><display value="Denmark"/></concept><concept><code value="DOM"/><display value="Dominican Republic"/></concept><concept><code value="DZA"/><display value="Algeria"/></concept><concept><code value="ECU"/><display value="Ecuador"/></concept><concept><code value="EGY"/><display value="Egypt"/></concept><concept><code value="ERI"/><display value="Eritrea"/></concept><concept><code value="ESH"/><display value="Western Sahara"/></concept><concept><code value="ESP"/><display value="Spain"/></concept><concept><code value="EST"/><display value="Estonia"/></concept><concept><code value="ETH"/><display value="Ethiopia"/></concept><concept><code value="FIN"/><display value="Finland"/></concept><concept><code value="FJI"/><display value="Fiji"/></concept><concept><code value="FLK"/><display value="Falkland Islands (Malvinas)"/></concept><concept><code value="FRA"/><display value="France"/></concept><concept><code value="FRO"/><display value="Faroe Islands"/></concept><concept><code value="FSM"/><display value="Micronesia, Federated States of"/></concept><concept><code value="GAB"/><display value="Gabon"/></concept><concept><code value="GBR"/><display value="United Kingdom"/></concept><concept><code value="GEO"/><display value="Georgia"/></concept><concept><code value="GGY"/><display value="Guernsey"/></concept><concept><code value="GHA"/><display value="Ghana"/></concept><concept><code value="GIB"/><display value="Gibraltar"/></concept><concept><code value="GIN"/><display value="Guinea"/></concept><concept><code value="GLP"/><display value="Guadeloupe"/></concept><concept><code value="GMB"/><display value="Gambia"/></concept><concept><code value="GNB"/><display value="Guinea-Bissau"/></concept><concept><code value="GNQ"/><display value="Equatorial Guinea"/></concept><concept><code value="GRC"/><display value="Greece"/></concept><concept><code value="GRD"/><display value="Grenada"/></concept><concept><code value="GRL"/><display value="Greenland"/></concept><concept><code value="GTM"/><display value="Guatemala"/></concept><concept><code value="GUF"/><display value="French Guiana"/></concept><concept><code value="GUM"/><display value="Guam"/></concept><concept><code value="GUY"/><display value="Guyana"/></concept><concept><code value="HKG"/><display value="Hong Kong"/></concept><concept><code value="HMD"/><display value="Heard Island and McDonald Islands"/></concept><concept><code value="HND"/><display value="Honduras"/></concept><concept><code value="HRV"/><display value="Croatia"/></concept><concept><code value="HTI"/><display value="Haiti"/></concept><concept><code value="HUN"/><display value="Hungary"/></concept><concept><code value="IDN"/><display value="Indonesia"/></concept><concept><code value="IMN"/><display value="Isle of Man"/></concept><concept><code value="IND"/><display value="India"/></concept><concept><code value="IOT"/><display value="British Indian Ocean Territory"/></concept><concept><code value="IRL"/><display value="Ireland"/></concept><concept><code value="IRN"/><display value="Iran, Islamic Republic of"/></concept><concept><code value="IRQ"/><display value="Iraq"/></concept><concept><code value="ISL"/><display value="Iceland"/></concept><concept><code value="ISR"/><display value="Israel"/></concept><concept><code value="ITA"/><display value="Italy"/></concept><concept><code value="JAM"/><display value="Jamaica"/></concept><concept><code value="JEY"/><display value="Jersey"/></concept><concept><code value="JOR"/><display value="Jordan"/></concept><concept><code value="JPN"/><display value="Japan"/></concept><concept><code value="KAZ"/><display value="Kazakhstan"/></concept><concept><code value="KEN"/><display value="Kenya"/></concept><concept><code value="KGZ"/><display value="Kyrgyzstan"/></concept><concept><code value="KHM"/><display value="Cambodia"/></concept><concept><code value="KIR"/><display value="Kiribati"/></concept><concept><code value="KNA"/><display value="Saint Kitts and Nevis"/></concept><concept><code value="KOR"/><display value="Korea, Republic of"/></concept><concept><code value="KWT"/><display value="Kuwait"/></concept><concept><code value="LAO"/><display value="Lao People's Democratic Republic"/></concept><concept><code value="LBN"/><display value="Lebanon"/></concept><concept><code value="LBR"/><display value="Liberia"/></concept><concept><code value="LBY"/><display value="Libya"/></concept><concept><code value="LCA"/><display value="Saint Lucia"/></concept><concept><code value="LIE"/><display value="Liechtenstein"/></concept><concept><code value="LKA"/><display value="Sri Lanka"/></concept><concept><code value="LSO"/><display value="Lesotho"/></concept><concept><code value="LTU"/><display value="Lithuania"/></concept><concept><code value="LUX"/><display value="Luxembourg"/></concept><concept><code value="LVA"/><display value="Latvia"/></concept><concept><code value="MAC"/><display value="Macao"/></concept><concept><code value="MAF"/><display value="Saint Martin (French part)"/></concept><concept><code value="MAR"/><display value="Morocco"/></concept><concept><code value="MCO"/><display value="Monaco"/></concept><concept><code value="MDA"/><display value="Moldova, Republic of"/></concept><concept><code value="MDG"/><display value="Madagascar"/></concept><concept><code value="MDV"/><display value="Maldives"/></concept><concept><code value="MEX"/><display value="Mexico"/></concept><concept><code value="MHL"/><display value="Marshall Islands"/></concept><concept><code value="MKD"/><display value="Macedonia, the former Yugoslav Republic of"/></concept><concept><code value="MLI"/><display value="Mali"/></concept><concept><code value="MLT"/><display value="Malta"/></concept><concept><code value="MMR"/><display value="Myanmar"/></concept><concept><code value="MNE"/><display value="Montenegro"/></concept><concept><code value="MNG"/><display value="Mongolia"/></concept><concept><code value="MNP"/><display value="Northern Mariana Islands"/></concept><concept><code value="MOZ"/><display value="Mozambique"/></concept><concept><code value="MRT"/><display value="Mauritania"/></concept><concept><code value="MSR"/><display value="Montserrat"/></concept><concept><code value="MTQ"/><display value="Martinique"/></concept><concept><code value="MUS"/><display value="Mauritius"/></concept><concept><code value="MWI"/><display value="Malawi"/></concept><concept><code value="MYS"/><display value="Malaysia"/></concept><concept><code value="MYT"/><display value="Mayotte"/></concept><concept><code value="NAM"/><display value="Namibia"/></concept><concept><code value="NCL"/><display value="New Caledonia"/></concept><concept><code value="NER"/><display value="Niger"/></concept><concept><code value="NFK"/><display value="Norfolk Island"/></concept><concept><code value="NGA"/><display value="Nigeria"/></concept><concept><code value="NIC"/><display value="Nicaragua"/></concept><concept><code value="NIU"/><display value="Niue"/></concept><concept><code value="NLD"/><display value="Netherlands"/></concept><concept><code value="NOR"/><display value="Norway"/></concept><concept><code value="NPL"/><display value="Nepal"/></concept><concept><code value="NRU"/><display value="Nauru"/></concept><concept><code value="NZL"/><display value="New Zealand"/></concept><concept><code value="OMN"/><display value="Oman"/></concept><concept><code value="PAK"/><display value="Pakistan"/></concept><concept><code value="PAN"/><display value="Panama"/></concept><concept><code value="PCN"/><display value="Pitcairn"/></concept><concept><code value="PER"/><display value="Peru"/></concept><concept><code value="PHL"/><display value="Philippines"/></concept><concept><code value="PLW"/><display value="Palau"/></concept><concept><code value="PNG"/><display value="Papua New Guinea"/></concept><concept><code value="POL"/><display value="Poland"/></concept><concept><code value="PRI"/><display value="Puerto Rico"/></concept><concept><code value="PRK"/><display value="Korea, Democratic People's Republic of"/></concept><concept><code value="PRT"/><display value="Portugal"/></concept><concept><code value="PRY"/><display value="Paraguay"/></concept><concept><code value="PSE"/><display value="Palestine, State of"/></concept><concept><code value="PYF"/><display value="French Polynesia"/></concept><concept><code value="QAT"/><display value="Qatar"/></concept><concept><code value="REU"/><display value="Riunion"/></concept><concept><code value="ROU"/><display value="Romania"/></concept><concept><code value="RUS"/><display value="Russian Federation"/></concept><concept><code value="RWA"/><display value="Rwanda"/></concept><concept><code value="SAU"/><display value="Saudi Arabia"/></concept><concept><code value="SDN"/><display value="Sudan"/></concept><concept><code value="SEN"/><display value="Senegal"/></concept><concept><code value="SGP"/><display value="Singapore"/></concept><concept><code value="SGS"/><display value="South Georgia and the South Sandwich Islands"/></concept><concept><code value="SHN"/><display value="Saint Helena, Ascension and Tristan da Cunha"/></concept><concept><code value="SJM"/><display value="Svalbard and Jan Mayen"/></concept><concept><code value="SLB"/><display value="Solomon Islands"/></concept><concept><code value="SLE"/><display value="Sierra Leone"/></concept><concept><code value="SLV"/><display value="El Salvador"/></concept><concept><code value="SMR"/><display value="San Marino"/></concept><concept><code value="SOM"/><display value="Somalia"/></concept><concept><code value="SPM"/><display value="Saint Pierre and Miquelon"/></concept><concept><code value="SRB"/><display value="Serbia"/></concept><concept><code value="SSD"/><display value="South Sudan"/></concept><concept><code value="STP"/><display value="Sao Tome and Principe"/></concept><concept><code value="SUR"/><display value="Suriname"/></concept><concept><code value="SVK"/><display value="Slovakia"/></concept><concept><code value="SVN"/><display value="Slovenia"/></concept><concept><code value="SWE"/><display value="Sweden"/></concept><concept><code value="SWZ"/><display value="Swaziland"/></concept><concept><code value="SXM"/><display value="Sint Maarten (Dutch part)"/></concept><concept><code value="SYC"/><display value="Seychelles"/></concept><concept><code value="SYR"/><display value="Syrian Arab Republic"/></concept><concept><code value="TCA"/><display value="Turks and Caicos Islands"/></concept><concept><code value="TCD"/><display value="Chad"/></concept><concept><code value="TGO"/><display value="Togo"/></concept><concept><code value="THA"/><display value="Thailand"/></concept><concept><code value="TJK"/><display value="Tajikistan"/></concept><concept><code value="TKL"/><display value="Tokelau"/></concept><concept><code value="TKM"/><display value="Turkmenistan"/></concept><concept><code value="TLS"/><display value="Timor-Leste"/></concept><concept><code value="TON"/><display value="Tonga"/></concept><concept><code value="TTO"/><display value="Trinidad and Tobago"/></concept><concept><code value="TUN"/><display value="Tunisia"/></concept><concept><code value="TUR"/><display value="Turkey"/></concept><concept><code value="TUV"/><display value="Tuvalu"/></concept><concept><code value="TWN"/><display value="Taiwan, Province of China"/></concept><concept><code value="TZA"/><display value="Tanzania, United Republic of"/></concept><concept><code value="UGA"/><display value="Uganda"/></concept><concept><code value="UKR"/><display value="Ukraine"/></concept><concept><code value="UMI"/><display value="United States Minor Outlying Islands"/></concept><concept><code value="URY"/><display value="Uruguay"/></concept><concept><code value="USA"/><display value="United States of America"/></concept><concept><code value="UZB"/><display value="Uzbekistan"/></concept><concept><code value="VAT"/><display value="Holy See"/></concept><concept><code value="VCT"/><display value="Saint Vincent and the Grenadines"/></concept><concept><code value="VEN"/><display value="Venezuela, Bolivarian Republic of"/></concept><concept><code value="VGB"/><display value="Virgin Islands, British"/></concept><concept><code value="VIR"/><display value="Virgin Islands, U.S."/></concept><concept><code value="VNM"/><display value="Viet Nam"/></concept><concept><code value="VUT"/><display value="Vanuatu"/></concept><concept><code value="WLF"/><display value="Wallis and Futuna"/></concept><concept><code value="WSM"/><display value="Samoa"/></concept><concept><code value="YEM"/><display value="Yemen"/></concept><concept><code value="ZAF"/><display value="South Africa"/></concept><concept><code value="ZMB"/><display value="Zambia"/></concept><concept><code value="ZWE"/><display value="Zimbabwe"/></concept></CodeSystem>