<?xml version="1.0" encoding="UTF-8"?><CodeSystem xmlns="http://hl7.org/fhir"><id value="DirOrgNotiCS"/><text><status value="generated"/><div xmlns="http://www.w3.org/1999/xhtml"><p>This case-insensitive code system <code>https://paho.org/fhir/esavi/CodeSystem/DirOrgNotiCS</code> defines the following codes:</p><table class="codes"><tr><td style="white-space:nowrap"><b>Code</b></td><td><b>Display</b></td></tr><tr><td style="white-space:nowrap">AR_B_06126<a name="DirOrgNotiCS-AR_B_06126"> </a></td><td>Campana (Partido), Buenos Aires, Argentina</td></tr><tr><td style="white-space:nowrap">AR_B_06134<a name="DirOrgNotiCS-AR_B_06134"> </a></td><td>Cañuelas (Partido), Buenos Aires, Argentina</td></tr><tr><td style="white-space:nowrap">AR_B_06140<a name="DirOrgNotiCS-AR_B_06140"> </a></td><td>Capitán Sarmiento (Partido), Buenos Aires, Argentina</td></tr><tr><td style="white-space:nowrap">AR_B_06147<a name="DirOrgNotiCS-AR_B_06147"> </a></td><td>Carlos Casares (Partido), Buenos Aires, Argentina</td></tr><tr><td style="white-space:nowrap">AR_B_06154<a name="DirOrgNotiCS-AR_B_06154"> </a></td><td>Carlos Tejedor (Partido), Buenos Aires, Argentina</td></tr><tr><td style="white-space:nowrap">AR_B_06161<a name="DirOrgNotiCS-AR_B_06161"> </a></td><td>Carmen de Areco (Partido), Buenos Aires, Argentina</td></tr><tr><td style="white-space:nowrap">AR_B_06168<a name="DirOrgNotiCS-AR_B_06168"> </a></td><td>Castelli (Partido), Buenos Aires, Argentina</td></tr><tr><td style="white-space:nowrap">AR_B_06175<a name="DirOrgNotiCS-AR_B_06175"> </a></td><td>Colón (Partido), Buenos Aires, Argentina</td></tr><tr><td style="white-space:nowrap">AR_B_06182<a name="DirOrgNotiCS-AR_B_06182"> </a></td><td>Coronel de Marina Leonardo Rosales (Partido), Buenos Aires, Argentina</td></tr><tr><td style="white-space:nowrap">AR_B_06189<a name="DirOrgNotiCS-AR_B_06189"> </a></td><td>Coronel Dorrego (Partido), Buenos Aires, Argentina</td></tr><tr><td style="white-space:nowrap">AR_B_06196<a name="DirOrgNotiCS-AR_B_06196"> </a></td><td>Coronel Pringles (Partido), Buenos Aires, Argentina</td></tr><tr><td style="white-space:nowrap">AR_B_06203<a name="DirOrgNotiCS-AR_B_06203"> </a></td><td>Coronel Suárez (Partido), Buenos Aires, Argentina</td></tr><tr><td style="white-space:nowrap">AR_B_06665<a name="DirOrgNotiCS-AR_B_06665"> </a></td><td>Ramallo (Partido), Buenos Aires, Argentina</td></tr><tr><td style="white-space:nowrap">AR_C_02001<a name="DirOrgNotiCS-AR_C_02001"> </a></td><td>Comuna 1 (Comuna), Ciudad Autonoma de Buenos Aires, Argentina</td></tr><tr><td style="white-space:nowrap">AR_C_02002<a name="DirOrgNotiCS-AR_C_02002"> </a></td><td>Comuna 2 (Comuna), Ciudad Autonoma de Buenos Aires, Argentina</td></tr><tr><td style="white-space:nowrap">AR_C_02003<a name="DirOrgNotiCS-AR_C_02003"> </a></td><td>Comuna 3 (Comuna), Ciudad Autonoma de Buenos Aires, Argentina</td></tr><tr><td style="white-space:nowrap">AR_C_02004<a name="DirOrgNotiCS-AR_C_02004"> </a></td><td>Comuna 4 (Comuna), Ciudad Autonoma de Buenos Aires, Argentina</td></tr><tr><td style="white-space:nowrap">AR_C_02005<a name="DirOrgNotiCS-AR_C_02005"> </a></td><td>Comuna 5 (Comuna), Ciudad Autonoma de Buenos Aires, Argentina</td></tr><tr><td style="white-space:nowrap">AR_C_02006<a name="DirOrgNotiCS-AR_C_02006"> </a></td><td>Comuna 6 (Comuna), Ciudad Autonoma de Buenos Aires, Argentina</td></tr><tr><td style="white-space:nowrap">AR_C_02007<a name="DirOrgNotiCS-AR_C_02007"> </a></td><td>Comuna 7 (Comuna), Ciudad Autonoma de Buenos Aires, Argentina</td></tr><tr><td style="white-space:nowrap">AR_C_02008<a name="DirOrgNotiCS-AR_C_02008"> </a></td><td>Comuna 8 (Comuna), Ciudad Autonoma de Buenos Aires, Argentina</td></tr><tr><td style="white-space:nowrap">AR_C_02009<a name="DirOrgNotiCS-AR_C_02009"> </a></td><td>Comuna 9 (Comuna), Ciudad Autonoma de Buenos Aires, Argentina</td></tr><tr><td style="white-space:nowrap">AR_C_02010<a name="DirOrgNotiCS-AR_C_02010"> </a></td><td>Comuna 10 (Comuna), Ciudad Autonoma de Buenos Aires, Argentina</td></tr><tr><td style="white-space:nowrap">AR_C_02011<a name="DirOrgNotiCS-AR_C_02011"> </a></td><td>Comuna 11 (Comuna), Ciudad Autonoma de Buenos Aires, Argentina</td></tr><tr><td style="white-space:nowrap">AR_C_02012<a name="DirOrgNotiCS-AR_C_02012"> </a></td><td>Comuna 12 (Comuna), Ciudad Autonoma de Buenos Aires, Argentina</td></tr><tr><td style="white-space:nowrap">AR_C_02013<a name="DirOrgNotiCS-AR_C_02013"> </a></td><td>Comuna 13 (Comuna), Ciudad Autonoma de Buenos Aires, Argentina</td></tr><tr><td style="white-space:nowrap">AR_C_02014<a name="DirOrgNotiCS-AR_C_02014"> </a></td><td>Comuna 14 (Comuna), Ciudad Autonoma de Buenos Aires, Argentina</td></tr><tr><td style="white-space:nowrap">AR_C_02015<a name="DirOrgNotiCS-AR_C_02015"> </a></td><td>Comuna 15 (Comuna), Ciudad Autonoma de Buenos Aires, Argentina</td></tr><tr><td style="white-space:nowrap">BO_B_080801<a name="DirOrgNotiCS-BO_B_080801"> </a></td><td>Magdalena (Municipio), Beni, Bolivia (Plurinational State of)</td></tr><tr><td style="white-space:nowrap">BO_B_080802<a name="DirOrgNotiCS-BO_B_080802"> </a></td><td>Baures (Municipio), Beni, Bolivia (Plurinational State of)</td></tr><tr><td style="white-space:nowrap">BO_B_080803<a name="DirOrgNotiCS-BO_B_080803"> </a></td><td>Huacaraje (Municipio), Beni, Bolivia (Plurinational State of)</td></tr><tr><td style="white-space:nowrap">BO_C_030101<a name="DirOrgNotiCS-BO_C_030101"> </a></td><td>Cochabamba (Municipio), Cochabamba, Bolivia (Plurinational State of)</td></tr><tr><td style="white-space:nowrap">BO_C_030201<a name="DirOrgNotiCS-BO_C_030201"> </a></td><td>Aiquile (Municipio), Cochabamba, Bolivia (Plurinational State of)</td></tr><tr><td style="white-space:nowrap">BO_C_030202<a name="DirOrgNotiCS-BO_C_030202"> </a></td><td>Pasorapa (Municipio), Cochabamba, Bolivia (Plurinational State of)</td></tr><tr><td style="white-space:nowrap">BO_C_030203<a name="DirOrgNotiCS-BO_C_030203"> </a></td><td>Omereque (Municipio), Cochabamba, Bolivia (Plurinational State of)</td></tr><tr><td style="white-space:nowrap">BO_C_030301<a name="DirOrgNotiCS-BO_C_030301"> </a></td><td>Ayopaya (Municipio), Cochabamba, Bolivia (Plurinational State of)</td></tr><tr><td style="white-space:nowrap">BO_C_030302<a name="DirOrgNotiCS-BO_C_030302"> </a></td><td>Morochata (Municipio), Cochabamba, Bolivia (Plurinational State of)</td></tr><tr><td style="white-space:nowrap">BO_C_030303<a name="DirOrgNotiCS-BO_C_030303"> </a></td><td>Cocapata (Municipio), Cochabamba, Bolivia (Plurinational State of)</td></tr><tr><td style="white-space:nowrap">BO_C_030401<a name="DirOrgNotiCS-BO_C_030401"> </a></td><td>Tarata (Municipio), Cochabamba, Bolivia (Plurinational State of)</td></tr><tr><td style="white-space:nowrap">BR_AL_27_05705<a name="DirOrgNotiCS-BR_AL_27_05705"> </a></td><td>Olho d'Água das Flores (Municipio), Alagoas, Brazil</td></tr><tr><td style="white-space:nowrap">BR_AL_27_05804<a name="DirOrgNotiCS-BR_AL_27_05804"> </a></td><td>Olho d'Água do Casado (Municipio), Alagoas, Brazil</td></tr><tr><td style="white-space:nowrap">BR_AL_27_05903<a name="DirOrgNotiCS-BR_AL_27_05903"> </a></td><td>Olho d'Água Grande (Municipio), Alagoas, Brazil</td></tr><tr><td style="white-space:nowrap">BR_AL_27_06000<a name="DirOrgNotiCS-BR_AL_27_06000"> </a></td><td>Olivença (Municipio), Alagoas, Brazil</td></tr><tr><td style="white-space:nowrap">BR_AL_27_06109<a name="DirOrgNotiCS-BR_AL_27_06109"> </a></td><td>Ouro Branco (Municipio), Alagoas, Brazil</td></tr><tr><td style="white-space:nowrap">BR_AL_27_06208<a name="DirOrgNotiCS-BR_AL_27_06208"> </a></td><td>Palestina (Municipio), Alagoas, Brazil</td></tr><tr><td style="white-space:nowrap">BR_AL_27_06307<a name="DirOrgNotiCS-BR_AL_27_06307"> </a></td><td>Palmeira dos Índios (Municipio), Alagoas, Brazil</td></tr><tr><td style="white-space:nowrap">BR_AL_27_06406<a name="DirOrgNotiCS-BR_AL_27_06406"> </a></td><td>Pão de Açúcar (Municipio), Alagoas, Brazil</td></tr><tr><td style="white-space:nowrap">BR_AL_27_06422<a name="DirOrgNotiCS-BR_AL_27_06422"> </a></td><td>Pariconha (Municipio), Alagoas, Brazil</td></tr><tr><td style="white-space:nowrap">BR_AL_27_06448<a name="DirOrgNotiCS-BR_AL_27_06448"> </a></td><td>Paripueira (Municipio), Alagoas, Brazil</td></tr><tr><td style="white-space:nowrap">BR_AL_27_06505<a name="DirOrgNotiCS-BR_AL_27_06505"> </a></td><td>Passo de Camaragibe (Municipio), Alagoas, Brazil</td></tr><tr><td style="white-space:nowrap">BR_AL_27_06604<a name="DirOrgNotiCS-BR_AL_27_06604"> </a></td><td>Paulo Jacinto (Municipio), Alagoas, Brazil</td></tr><tr><td style="white-space:nowrap">BR_AL_27_06703<a name="DirOrgNotiCS-BR_AL_27_06703"> </a></td><td>Penedo (Municipio), Alagoas, Brazil</td></tr><tr><td style="white-space:nowrap">BR_AL_27_06802<a name="DirOrgNotiCS-BR_AL_27_06802"> </a></td><td>Piaçabuçu (Municipio), Alagoas, Brazil</td></tr><tr><td style="white-space:nowrap">CL_VS_05801<a name="DirOrgNotiCS-CL_VS_05801"> </a></td><td>Quilpué (Comuna), Region de Valparaiso, Chile</td></tr><tr><td style="white-space:nowrap">CL_VS_05802<a name="DirOrgNotiCS-CL_VS_05802"> </a></td><td>Limache (Comuna), Region de Valparaiso, Chile</td></tr><tr><td style="white-space:nowrap">CL_VS_05803<a name="DirOrgNotiCS-CL_VS_05803"> </a></td><td>Olmué (Comuna), Region de Valparaiso, Chile</td></tr><tr><td style="white-space:nowrap">CL_VS_05804<a name="DirOrgNotiCS-CL_VS_05804"> </a></td><td>Villa Alemana (Comuna), Region de Valparaiso, Chile</td></tr><tr><td style="white-space:nowrap">CO_AMA_91001<a name="DirOrgNotiCS-CO_AMA_91001"> </a></td><td>Leticia (Municipio), Amazonas, Colombia</td></tr><tr><td style="white-space:nowrap">CO_AMA_91263<a name="DirOrgNotiCS-CO_AMA_91263"> </a></td><td>El Encanto (Municipio), Amazonas, Colombia</td></tr><tr><td style="white-space:nowrap">CO_AMA_91405<a name="DirOrgNotiCS-CO_AMA_91405"> </a></td><td>La Chorrera (Municipio), Amazonas, Colombia</td></tr><tr><td style="white-space:nowrap">CO_AMA_91407<a name="DirOrgNotiCS-CO_AMA_91407"> </a></td><td>La Pedrera (Municipio), Amazonas, Colombia</td></tr><tr><td style="white-space:nowrap">CO_AMA_91430<a name="DirOrgNotiCS-CO_AMA_91430"> </a></td><td>La Victoria (Municipio), Amazonas, Colombia</td></tr><tr><td style="white-space:nowrap">CO_AMA_91460<a name="DirOrgNotiCS-CO_AMA_91460"> </a></td><td>Mirití- Paraná (Municipio), Amazonas, Colombia</td></tr><tr><td style="white-space:nowrap">DO_0904<a name="DirOrgNotiCS-DO_0904"> </a></td><td>Jamao al Norte (Municipio), Espaillat, Dominican Republic</td></tr><tr><td style="white-space:nowrap">DO_1001<a name="DirOrgNotiCS-DO_1001"> </a></td><td>Jimaní (Municipio), Independencia, Dominican Republic</td></tr><tr><td style="white-space:nowrap">DO_1002<a name="DirOrgNotiCS-DO_1002"> </a></td><td>Duvergé (Municipio), Independencia, Dominican Republic</td></tr><tr><td style="white-space:nowrap">EC_D_2203<a name="DirOrgNotiCS-EC_D_2203"> </a></td><td>La Joya de Los Sachas (Canton), Orellana, Ecuador</td></tr><tr><td style="white-space:nowrap">EC_D_2204<a name="DirOrgNotiCS-EC_D_2204"> </a></td><td>Loreto (Canton), Orellana, Ecuador</td></tr><tr><td style="white-space:nowrap">EC_E_0801<a name="DirOrgNotiCS-EC_E_0801"> </a></td><td>Esmeraldas (Canton), Esmeraldas, Ecuador</td></tr><tr><td style="white-space:nowrap">GT_QZ_0908<a name="DirOrgNotiCS-GT_QZ_0908"> </a></td><td>San Miguel Sigüila (Municipio), Quetzaltenango, Guatemala</td></tr><tr><td style="white-space:nowrap">GT_QZ_0909<a name="DirOrgNotiCS-GT_QZ_0909"> </a></td><td>Ostuncalco (Municipio), Quetzaltenango, Guatemala</td></tr><tr><td style="white-space:nowrap">GT_QZ_0910<a name="DirOrgNotiCS-GT_QZ_0910"> </a></td><td>San Mateo (Municipio), Quetzaltenango, Guatemala</td></tr><tr><td style="white-space:nowrap">GT_QZ_0911<a name="DirOrgNotiCS-GT_QZ_0911"> </a></td><td>Concepción Chiquirichapa (Municipio), Quetzaltenango, Guatemala</td></tr><tr><td style="white-space:nowrap">GT_QZ_0912<a name="DirOrgNotiCS-GT_QZ_0912"> </a></td><td>San Martín Sacatepéquez (Municipio), Quetzaltenango, Guatemala</td></tr><tr><td style="white-space:nowrap">HN_CH_0601<a name="DirOrgNotiCS-HN_CH_0601"> </a></td><td>Choluteca (Municipio), Choluteca, Honduras</td></tr><tr><td style="white-space:nowrap">HN_CH_0602<a name="DirOrgNotiCS-HN_CH_0602"> </a></td><td>Apacilagua (Municipio), Choluteca, Honduras</td></tr><tr><td style="white-space:nowrap">HN_CH_0603<a name="DirOrgNotiCS-HN_CH_0603"> </a></td><td>Concepción de María (Municipio), Choluteca, Honduras</td></tr><tr><td style="white-space:nowrap">HN_CH_0604<a name="DirOrgNotiCS-HN_CH_0604"> </a></td><td>Duyure (Municipio), Choluteca, Honduras</td></tr><tr><td style="white-space:nowrap">MX_CS_07003<a name="DirOrgNotiCS-MX_CS_07003"> </a></td><td>Acapetahua (Municipio), Chiapas, Mexico</td></tr><tr><td style="white-space:nowrap">MX_CS_07004<a name="DirOrgNotiCS-MX_CS_07004"> </a></td><td>Altamirano (Municipio), Chiapas, Mexico</td></tr><tr><td style="white-space:nowrap">MX_CS_07005<a name="DirOrgNotiCS-MX_CS_07005"> </a></td><td>Amatán (Municipio), Chiapas, Mexico</td></tr><tr><td style="white-space:nowrap">PE_ICA_0201<a name="DirOrgNotiCS-PE_ICA_0201"> </a></td><td>Chincha Alta (Distrito), Ica, Peru</td></tr><tr><td style="white-space:nowrap">PE_ICA_0211<a name="DirOrgNotiCS-PE_ICA_0211"> </a></td><td>Tambo de Mora (Distrito), Ica, Peru</td></tr></table></div></text><url value="https://paho.org/fhir/esavi/CodeSystem/DirOrgNotiCS"/><version value="0.1.45"/><name value="DirOrgNotiCS"/><title value="Códigos PAHO para Direcciones"/><status value="active"/><experimental value="false"/><date value="2021-03-11T00:00:00-03:00"/><publisher value="ESAVI -"/><contact><name value="ESAVI -"/><telecom><system value="url"/><value value="https://covid-19pharmacovigilance.paho.org/resources/updates-on-aefi"/></telecom><telecom><system value="email"/><value value="rizzatodan@paho.org"/></telecom></contact><description value="Códigos para Direcciones según PAHO"/><jurisdiction><coding><system value="http://unstats.un.org/unsd/methods/m49/m49.htm"/><code value="001"/></coding></jurisdiction><caseSensitive value="false"/><content value="complete"/><count value="83"/><concept><code value="AR_B_06126"/><display value="Campana (Partido), Buenos Aires, Argentina"/></concept><concept><code value="AR_B_06134"/><display value="Cañuelas (Partido), Buenos Aires, Argentina"/></concept><concept><code value="AR_B_06140"/><display value="Capitán Sarmiento (Partido), Buenos Aires, Argentina"/></concept><concept><code value="AR_B_06147"/><display value="Carlos Casares (Partido), Buenos Aires, Argentina"/></concept><concept><code value="AR_B_06154"/><display value="Carlos Tejedor (Partido), Buenos Aires, Argentina"/></concept><concept><code value="AR_B_06161"/><display value="Carmen de Areco (Partido), Buenos Aires, Argentina"/></concept><concept><code value="AR_B_06168"/><display value="Castelli (Partido), Buenos Aires, Argentina"/></concept><concept><code value="AR_B_06175"/><display value="Colón (Partido), Buenos Aires, Argentina"/></concept><concept><code value="AR_B_06182"/><display value="Coronel de Marina Leonardo Rosales (Partido), Buenos Aires, Argentina"/></concept><concept><code value="AR_B_06189"/><display value="Coronel Dorrego (Partido), Buenos Aires, Argentina"/></concept><concept><code value="AR_B_06196"/><display value="Coronel Pringles (Partido), Buenos Aires, Argentina"/></concept><concept><code value="AR_B_06203"/><display value="Coronel Suárez (Partido), Buenos Aires, Argentina"/></concept><concept><code value="AR_B_06665"/><display value="Ramallo (Partido), Buenos Aires, Argentina"/></concept><concept><code value="AR_C_02001"/><display value="Comuna 1 (Comuna), Ciudad Autonoma de Buenos Aires, Argentina"/></concept><concept><code value="AR_C_02002"/><display value="Comuna 2 (Comuna), Ciudad Autonoma de Buenos Aires, Argentina"/></concept><concept><code value="AR_C_02003"/><display value="Comuna 3 (Comuna), Ciudad Autonoma de Buenos Aires, Argentina"/></concept><concept><code value="AR_C_02004"/><display value="Comuna 4 (Comuna), Ciudad Autonoma de Buenos Aires, Argentina"/></concept><concept><code value="AR_C_02005"/><display value="Comuna 5 (Comuna), Ciudad Autonoma de Buenos Aires, Argentina"/></concept><concept><code value="AR_C_02006"/><display value="Comuna 6 (Comuna), Ciudad Autonoma de Buenos Aires, Argentina"/></concept><concept><code value="AR_C_02007"/><display value="Comuna 7 (Comuna), Ciudad Autonoma de Buenos Aires, Argentina"/></concept><concept><code value="AR_C_02008"/><display value="Comuna 8 (Comuna), Ciudad Autonoma de Buenos Aires, Argentina"/></concept><concept><code value="AR_C_02009"/><display value="Comuna 9 (Comuna), Ciudad Autonoma de Buenos Aires, Argentina"/></concept><concept><code value="AR_C_02010"/><display value="Comuna 10 (Comuna), Ciudad Autonoma de Buenos Aires, Argentina"/></concept><concept><code value="AR_C_02011"/><display value="Comuna 11 (Comuna), Ciudad Autonoma de Buenos Aires, Argentina"/></concept><concept><code value="AR_C_02012"/><display value="Comuna 12 (Comuna), Ciudad Autonoma de Buenos Aires, Argentina"/></concept><concept><code value="AR_C_02013"/><display value="Comuna 13 (Comuna), Ciudad Autonoma de Buenos Aires, Argentina"/></concept><concept><code value="AR_C_02014"/><display value="Comuna 14 (Comuna), Ciudad Autonoma de Buenos Aires, Argentina"/></concept><concept><code value="AR_C_02015"/><display value="Comuna 15 (Comuna), Ciudad Autonoma de Buenos Aires, Argentina"/></concept><concept><code value="BO_B_080801"/><display value="Magdalena (Municipio), Beni, Bolivia (Plurinational State of)"/></concept><concept><code value="BO_B_080802"/><display value="Baures (Municipio), Beni, Bolivia (Plurinational State of)"/></concept><concept><code value="BO_B_080803"/><display value="Huacaraje (Municipio), Beni, Bolivia (Plurinational State of)"/></concept><concept><code value="BO_C_030101"/><display value="Cochabamba (Municipio), Cochabamba, Bolivia (Plurinational State of)"/></concept><concept><code value="BO_C_030201"/><display value="Aiquile (Municipio), Cochabamba, Bolivia (Plurinational State of)"/></concept><concept><code value="BO_C_030202"/><display value="Pasorapa (Municipio), Cochabamba, Bolivia (Plurinational State of)"/></concept><concept><code value="BO_C_030203"/><display value="Omereque (Municipio), Cochabamba, Bolivia (Plurinational State of)"/></concept><concept><code value="BO_C_030301"/><display value="Ayopaya (Municipio), Cochabamba, Bolivia (Plurinational State of)"/></concept><concept><code value="BO_C_030302"/><display value="Morochata (Municipio), Cochabamba, Bolivia (Plurinational State of)"/></concept><concept><code value="BO_C_030303"/><display value="Cocapata (Municipio), Cochabamba, Bolivia (Plurinational State of)"/></concept><concept><code value="BO_C_030401"/><display value="Tarata (Municipio), Cochabamba, Bolivia (Plurinational State of)"/></concept><concept><code value="BR_AL_27_05705"/><display value="Olho d'Água das Flores (Municipio), Alagoas, Brazil"/></concept><concept><code value="BR_AL_27_05804"/><display value="Olho d'Água do Casado (Municipio), Alagoas, Brazil"/></concept><concept><code value="BR_AL_27_05903"/><display value="Olho d'Água Grande (Municipio), Alagoas, Brazil"/></concept><concept><code value="BR_AL_27_06000"/><display value="Olivença (Municipio), Alagoas, Brazil"/></concept><concept><code value="BR_AL_27_06109"/><display value="Ouro Branco (Municipio), Alagoas, Brazil"/></concept><concept><code value="BR_AL_27_06208"/><display value="Palestina (Municipio), Alagoas, Brazil"/></concept><concept><code value="BR_AL_27_06307"/><display value="Palmeira dos Índios (Municipio), Alagoas, Brazil"/></concept><concept><code value="BR_AL_27_06406"/><display value="Pão de Açúcar (Municipio), Alagoas, Brazil"/></concept><concept><code value="BR_AL_27_06422"/><display value="Pariconha (Municipio), Alagoas, Brazil"/></concept><concept><code value="BR_AL_27_06448"/><display value="Paripueira (Municipio), Alagoas, Brazil"/></concept><concept><code value="BR_AL_27_06505"/><display value="Passo de Camaragibe (Municipio), Alagoas, Brazil"/></concept><concept><code value="BR_AL_27_06604"/><display value="Paulo Jacinto (Municipio), Alagoas, Brazil"/></concept><concept><code value="BR_AL_27_06703"/><display value="Penedo (Municipio), Alagoas, Brazil"/></concept><concept><code value="BR_AL_27_06802"/><display value="Piaçabuçu (Municipio), Alagoas, Brazil"/></concept><concept><code value="CL_VS_05801"/><display value="Quilpué (Comuna), Region de Valparaiso, Chile"/></concept><concept><code value="CL_VS_05802"/><display value="Limache (Comuna), Region de Valparaiso, Chile"/></concept><concept><code value="CL_VS_05803"/><display value="Olmué (Comuna), Region de Valparaiso, Chile"/></concept><concept><code value="CL_VS_05804"/><display value="Villa Alemana (Comuna), Region de Valparaiso, Chile"/></concept><concept><code value="CO_AMA_91001"/><display value="Leticia (Municipio), Amazonas, Colombia"/></concept><concept><code value="CO_AMA_91263"/><display value="El Encanto (Municipio), Amazonas, Colombia"/></concept><concept><code value="CO_AMA_91405"/><display value="La Chorrera (Municipio), Amazonas, Colombia"/></concept><concept><code value="CO_AMA_91407"/><display value="La Pedrera (Municipio), Amazonas, Colombia"/></concept><concept><code value="CO_AMA_91430"/><display value="La Victoria (Municipio), Amazonas, Colombia"/></concept><concept><code value="CO_AMA_91460"/><display value="Mirití- Paraná (Municipio), Amazonas, Colombia"/></concept><concept><code value="DO_0904"/><display value="Jamao al Norte (Municipio), Espaillat, Dominican Republic"/></concept><concept><code value="DO_1001"/><display value="Jimaní (Municipio), Independencia, Dominican Republic"/></concept><concept><code value="DO_1002"/><display value="Duvergé (Municipio), Independencia, Dominican Republic"/></concept><concept><code value="EC_D_2203"/><display value="La Joya de Los Sachas (Canton), Orellana, Ecuador"/></concept><concept><code value="EC_D_2204"/><display value="Loreto (Canton), Orellana, Ecuador"/></concept><concept><code value="EC_E_0801"/><display value="Esmeraldas (Canton), Esmeraldas, Ecuador"/></concept><concept><code value="GT_QZ_0908"/><display value="San Miguel Sigüila (Municipio), Quetzaltenango, Guatemala"/></concept><concept><code value="GT_QZ_0909"/><display value="Ostuncalco (Municipio), Quetzaltenango, Guatemala"/></concept><concept><code value="GT_QZ_0910"/><display value="San Mateo (Municipio), Quetzaltenango, Guatemala"/></concept><concept><code value="GT_QZ_0911"/><display value="Concepción Chiquirichapa (Municipio), Quetzaltenango, Guatemala"/></concept><concept><code value="GT_QZ_0912"/><display value="San Martín Sacatepéquez (Municipio), Quetzaltenango, Guatemala"/></concept><concept><code value="HN_CH_0601"/><display value="Choluteca (Municipio), Choluteca, Honduras"/></concept><concept><code value="HN_CH_0602"/><display value="Apacilagua (Municipio), Choluteca, Honduras"/></concept><concept><code value="HN_CH_0603"/><display value="Concepción de María (Municipio), Choluteca, Honduras"/></concept><concept><code value="HN_CH_0604"/><display value="Duyure (Municipio), Choluteca, Honduras"/></concept><concept><code value="MX_CS_07003"/><display value="Acapetahua (Municipio), Chiapas, Mexico"/></concept><concept><code value="MX_CS_07004"/><display value="Altamirano (Municipio), Chiapas, Mexico"/></concept><concept><code value="MX_CS_07005"/><display value="Amatán (Municipio), Chiapas, Mexico"/></concept><concept><code value="PE_ICA_0201"/><display value="Chincha Alta (Distrito), Ica, Peru"/></concept><concept><code value="PE_ICA_0211"/><display value="Tambo de Mora (Distrito), Ica, Peru"/></concept></CodeSystem>