<?xml version="1.0" encoding="UTF-8"?><CodeSystem xmlns="http://hl7.org/fhir"><id value="ClasificacionDesenlaceWHOAEFICS"/><text><status value="generated"/><div xmlns="http://www.w3.org/1999/xhtml"><p class="res-header-id"><b>Generated Narrative: CodeSystem ClasificacionDesenlaceWHOAEFICS</b></p><a name="ClasificacionDesenlaceWHOAEFICS"> </a><a name="hcClasificacionDesenlaceWHOAEFICS"> </a><a name="ClasificacionDesenlaceWHOAEFICS-en-US"> </a><p>This case-insensitive code system <code>https://paho.org/fhir/esavi/CodeSystem/ClasificacionDesenlaceWHOAEFICS</code> defines the following codes in an undefined hierarchy:</p><table class="codes"><tr><td><b>Lvl</b></td><td style="white-space:nowrap"><b>Code</b></td><td><b>Display</b></td></tr><tr><td>1</td><td style="white-space:nowrap">A<a name="ClasificacionDesenlaceWHOAEFICS-A"> </a></td><td>Con asociación causal congruente con la vacuna o proceso de vacunación</td></tr><tr><td>2</td><td style="white-space:nowrap">  A1<a name="ClasificacionDesenlaceWHOAEFICS-A1"> </a></td><td>Evento relacionado con la vacuna o cualquiera de sus componentes</td></tr><tr><td>2</td><td style="white-space:nowrap">  A2<a name="ClasificacionDesenlaceWHOAEFICS-A2"> </a></td><td>Evento relacionado con una desviacion de calidad del producto biologico o la vacuna</td></tr><tr><td>2</td><td style="white-space:nowrap">  A3<a name="ClasificacionDesenlaceWHOAEFICS-A3"> </a></td><td>Evento relacionado con un error programatico</td></tr><tr><td>2</td><td style="white-space:nowrap">  A4<a name="ClasificacionDesenlaceWHOAEFICS-A4"> </a></td><td>Evento por estres que tuvo lugar inmediatemente antes, durante o inmediatamente despues del proceso de vacunacion</td></tr><tr><td>1</td><td style="white-space:nowrap">B<a name="ClasificacionDesenlaceWHOAEFICS-B"> </a></td><td>Indeterminado</td></tr><tr><td>2</td><td style="white-space:nowrap">  B1<a name="ClasificacionDesenlaceWHOAEFICS-B1"> </a></td><td>La relacion temporal es congruente, pero no hay evidencia definitiva suficiente sobre una relacion causal con la vacuna (puede ser un evento recientemente asociadoa  la vacuna [señal])</td></tr><tr><td>2</td><td style="white-space:nowrap">  B2<a name="ClasificacionDesenlaceWHOAEFICS-B2"> </a></td><td>Factores determinantes para la clasificación muestran tendencias conflictivas a favor y en contra de una asociacion causal con la vacunació</td></tr><tr><td>1</td><td style="white-space:nowrap">C<a name="ClasificacionDesenlaceWHOAEFICS-C"> </a></td><td>Sin Asociacion causal congruente con la vacuna o proceso de vacunacion</td></tr><tr><td>1</td><td style="white-space:nowrap">NC<a name="ClasificacionDesenlaceWHOAEFICS-NC"> </a></td><td>No clasificable</td></tr></table></div></text><url value="https://paho.org/fhir/esavi/CodeSystem/ClasificacionDesenlaceWHOAEFICS"/><version value="0.2.0"/><name value="ClasificacionDesenlaceWHOAEFICS"/><title value="Clasificación de causalidad WHO-AEFI"/><status value="active"/><experimental value="false"/><date value="2021-03-11T00:00:00-03:00"/><publisher value="ESAVI -"/><contact><name value="ESAVI -"/><telecom><system value="url"/><value value="https://covid-19pharmacovigilance.paho.org/resources/updates-on-aefi"/></telecom><telecom><system value="email"/><value value="rizzatodan@paho.org"/></telecom></contact><description value="Método de clasificación de causalidad WHO-AEFI"/><jurisdiction><coding><system value="http://unstats.un.org/unsd/methods/m49/m49.htm"/><code value="001"/></coding></jurisdiction><caseSensitive value="false"/><content value="complete"/><count value="10"/><concept><code value="A"/><display value="Con asociación causal congruente con la vacuna o proceso de vacunación"/><concept><code value="A1"/><display value="Evento relacionado con la vacuna o cualquiera de sus componentes"/></concept><concept><code value="A2"/><display value="Evento relacionado con una desviacion de calidad del producto biologico o la vacuna"/></concept><concept><code value="A3"/><display value="Evento relacionado con un error programatico"/></concept><concept><code value="A4"/><display value="Evento por estres que tuvo lugar inmediatemente antes, durante o inmediatamente despues del proceso de vacunacion"/></concept></concept><concept><code value="B"/><display value="Indeterminado"/><concept><code value="B1"/><display value="La relacion temporal es congruente, pero no hay evidencia definitiva suficiente sobre una relacion causal con la vacuna (puede ser un evento recientemente asociadoa  la vacuna [señal])"/></concept><concept><code value="B2"/><display value="Factores determinantes para la clasificación muestran tendencias conflictivas a favor y en contra de una asociacion causal con la vacunació"/></concept></concept><concept><code value="C"/><display value="Sin Asociacion causal congruente con la vacuna o proceso de vacunacion"/></concept><concept><code value="NC"/><display value="No clasificable"/></concept></CodeSystem>