<?xml version="1.0" encoding="UTF-8"?><CodeSystem xmlns="http://hl7.org/fhir"><id value="ClasificacionDesenlaceWHOUMCCS"/><text><status value="generated"/><div xmlns="http://www.w3.org/1999/xhtml"><p>This  code system <code>https://paho.org/fhir/esavi/CodeSystem/ClasificacionDesenlaceWHOUMCCS</code> defines the following codes:</p><table class="codes"><tr><td style="white-space:nowrap"><b>Code</b></td><td><b>Display</b></td></tr><tr><td style="white-space:nowrap">01<a name="ClasificacionDesenlaceWHOUMCCS-01"> </a></td><td>Definitivo</td></tr><tr><td style="white-space:nowrap">02<a name="ClasificacionDesenlaceWHOUMCCS-02"> </a></td><td>Probable</td></tr><tr><td style="white-space:nowrap">03<a name="ClasificacionDesenlaceWHOUMCCS-03"> </a></td><td>Posible</td></tr><tr><td style="white-space:nowrap">04<a name="ClasificacionDesenlaceWHOUMCCS-04"> </a></td><td>Improbable</td></tr><tr><td style="white-space:nowrap">05<a name="ClasificacionDesenlaceWHOUMCCS-05"> </a></td><td>Condicional / No clasificado</td></tr><tr><td style="white-space:nowrap">06<a name="ClasificacionDesenlaceWHOUMCCS-06"> </a></td><td>No evaluable / No clasificable</td></tr></table></div></text><url value="https://paho.org/fhir/esavi/CodeSystem/ClasificacionDesenlaceWHOUMCCS"/><version value="0.1.3409"/><name value="ClasificacionDesenlaceWHOUMCCS"/><title value="Clasificación de causalidad WHO-UMC"/><status value="active"/><date value="2021-03-11T00:00:00-03:00"/><publisher value="ESAVI -"/><contact><name value="ESAVI -"/><telecom><system value="url"/><value value="https://covid-19pharmacovigilance.paho.org/resources/updates-on-aefi"/></telecom><telecom><system value="email"/><value value="rizzatodan@paho.org"/></telecom></contact><description value="Método de clasificación de causalidad WHO-UMC"/><jurisdiction><coding><system value="http://unstats.un.org/unsd/methods/m49/m49.htm"/><code value="001"/></coding></jurisdiction><content value="complete"/><count value="6"/><concept><code value="01"/><display value="Definitivo"/></concept><concept><code value="02"/><display value="Probable"/></concept><concept><code value="03"/><display value="Posible"/></concept><concept><code value="04"/><display value="Improbable"/></concept><concept><code value="05"/><display value="Condicional / No clasificado"/></concept><concept><code value="06"/><display value="No evaluable / No clasificable"/></concept></CodeSystem>