<?xml version="1.0" encoding="UTF-8"?><CodeSystem xmlns="http://hl7.org/fhir"><id value="ModoConfirmacionInfeccionCS"/><text><status value="generated"/><div xmlns="http://www.w3.org/1999/xhtml"><p>This  code system <code>https://paho.org/fhir/esavi/CodeSystem/ModoConfirmacionInfeccionCS</code> defines the following codes:</p><table class="codes"><tr><td style="white-space:nowrap"><b>Code</b></td><td><b>Display</b></td></tr><tr><td style="white-space:nowrap">1<a name="ModoConfirmacionInfeccionCS-1"> </a></td><td>Por criterio clínico epidemiológico</td></tr><tr><td style="white-space:nowrap">2<a name="ModoConfirmacionInfeccionCS-2"> </a></td><td>por inmunoensayo</td></tr><tr><td style="white-space:nowrap">3<a name="ModoConfirmacionInfeccionCS-3"> </a></td><td>Por pruebas moleculares</td></tr><tr><td style="white-space:nowrap">4<a name="ModoConfirmacionInfeccionCS-4"> </a></td><td>Por aislamiento viral</td></tr><tr><td style="white-space:nowrap">5<a name="ModoConfirmacionInfeccionCS-5"> </a></td><td>Otra</td></tr></table></div></text><url value="https://paho.org/fhir/esavi/CodeSystem/ModoConfirmacionInfeccionCS"/><version value="0.1.41"/><name value="ModoConfirmacionInfeccionCS"/><title value="Modo de Confirmación de la Infección"/><status value="active"/><date value="2021-03-11T00:00:00-03:00"/><publisher value="ESAVI -"/><contact><name value="ESAVI -"/><telecom><system value="url"/><value value="https://covid-19pharmacovigilance.paho.org/resources/updates-on-aefi"/></telecom><telecom><system value="email"/><value value="rizzatodan@paho.org"/></telecom></contact><description value="Modos de Confirmacion de Infección por COVID-19"/><jurisdiction><coding><system value="http://unstats.un.org/unsd/methods/m49/m49.htm"/><code value="001"/></coding></jurisdiction><content value="complete"/><count value="5"/><concept><code value="1"/><display value="Por criterio clínico epidemiológico"/></concept><concept><code value="2"/><display value="por inmunoensayo"/></concept><concept><code value="3"/><display value="Por pruebas moleculares"/></concept><concept><code value="4"/><display value="Por aislamiento viral"/></concept><concept><code value="5"/><display value="Otra"/></concept></CodeSystem>