<?xml version="1.0" encoding="UTF-8"?><CodeSystem xmlns="http://hl7.org/fhir"><id value="ComplicacionEmbarazoCS"/><text><status value="generated"/><div xmlns="http://www.w3.org/1999/xhtml"><p class="res-header-id"><b>Generated Narrative: CodeSystem ComplicacionEmbarazoCS</b></p><a name="ComplicacionEmbarazoCS"> </a><a name="hcComplicacionEmbarazoCS"> </a><a name="ComplicacionEmbarazoCS-en-US"> </a><p>This case-insensitive code system <code>https://paho.org/fhir/esavi/CodeSystem/ComplicacionEmbarazoCS</code> defines the following codes:</p><table class="codes"><tr><td style="white-space:nowrap"><b>Code</b></td><td><b>Display</b></td></tr><tr><td style="white-space:nowrap">01<a name="ComplicacionEmbarazoCS-01"> </a></td><td>Del Embarazo</td></tr><tr><td style="white-space:nowrap">02<a name="ComplicacionEmbarazoCS-02"> </a></td><td>Del Parto</td></tr><tr><td style="white-space:nowrap">03<a name="ComplicacionEmbarazoCS-03"> </a></td><td>Puerperio fetal</td></tr><tr><td style="white-space:nowrap">04<a name="ComplicacionEmbarazoCS-04"> </a></td><td>Neonatal</td></tr><tr><td style="white-space:nowrap">05<a name="ComplicacionEmbarazoCS-05"> </a></td><td>Anomalía Congénita</td></tr></table></div></text><url value="https://paho.org/fhir/esavi/CodeSystem/ComplicacionEmbarazoCS"/><version value="0.2.0"/><name value="ComplicacionEmbarazoCS"/><title value="Complicaciones de Embarazo"/><status value="active"/><experimental value="false"/><date value="2021-03-11T00:00:00-03:00"/><publisher value="ESAVI -"/><contact><name value="ESAVI -"/><telecom><system value="url"/><value value="https://covid-19pharmacovigilance.paho.org/resources/updates-on-aefi"/></telecom><telecom><system value="email"/><value value="rizzatodan@paho.org"/></telecom></contact><description value="Códigos para las Complicaciones de Embarazo"/><jurisdiction><coding><system value="http://unstats.un.org/unsd/methods/m49/m49.htm"/><code value="001"/></coding></jurisdiction><caseSensitive value="false"/><content value="complete"/><count value="5"/><concept><code value="01"/><display value="Del Embarazo"/></concept><concept><code value="02"/><display value="Del Parto"/></concept><concept><code value="03"/><display value="Puerperio fetal"/></concept><concept><code value="04"/><display value="Neonatal"/></concept><concept><code value="05"/><display value="Anomalía Congénita"/></concept></CodeSystem>