<?xml version="1.0" encoding="UTF-8"?><ImplementationGuide xmlns="http://hl7.org/fhir"><id value="uv.esavi"/><text><status value="extensions"/><div xmlns="http://www.w3.org/1999/xhtml"><h2>ESAVI</h2><p>The official URL for this implementation guide is: </p><pre>https://paho.org/fhir/esavi/ImplementationGuide/uv.esavi</pre></div></text><url value="https://paho.org/fhir/esavi/ImplementationGuide/uv.esavi"/><version value="0.1.45"/><name value="ESAVI"/><title value="Guía de Implementación FHIR de ESAVI"/><status value="draft"/><date value="2024-02-12T18:43:38-03:00"/><publisher value="ESAVI -"/><contact><name value="ESAVI -"/><telecom><system value="url"/><value value="https://covid-19pharmacovigilance.paho.org/resources/updates-on-aefi"/></telecom><telecom><system value="email"/><value value="rizzatodan@paho.org"/></telecom></contact><jurisdiction><coding><system value="http://unstats.un.org/unsd/methods/m49/m49.htm"/><code value="001"/></coding></jurisdiction><packageId value="uv.esavi"/><license value="CC0-1.0"/><fhirVersion value="4.0.1"/><dependsOn id="hl7tx"><extension url="http://hl7.org/fhir/tools/StructureDefinition/implementationguide-dependency-comment"><valueMarkdown value="Automatically added as a dependency - all IGs depend on HL7 Terminology"/></extension><uri value="http://terminology.hl7.org/ImplementationGuide/hl7.terminology"/><packageId value="hl7.terminology.r4"/><version value="5.3.0"/></dependsOn><dependsOn id="hl7ext"><extension url="http://hl7.org/fhir/tools/StructureDefinition/implementationguide-dependency-comment"><valueMarkdown value="Automatically added as a dependency - all IGs depend on the HL7 Extension Pack"/></extension><uri value="http://hl7.org/fhir/extensions/ImplementationGuide/hl7.fhir.uv.extensions"/><packageId value="hl7.fhir.uv.extensions.r4"/><version value="1.0.0"/></dependsOn><definition><extension url="http://hl7.org/fhir/tools/StructureDefinition/ig-parameter"><extension url="code"><valueString value="copyrightyear"/></extension><extension url="value"><valueString value="2021+"/></extension></extension><extension url="http://hl7.org/fhir/tools/StructureDefinition/ig-parameter"><extension url="code"><valueString value="releaselabel"/></extension><extension url="value"><valueString value="ci-build"/></extension></extension><extension url="http://hl7.org/fhir/tools/StructureDefinition/ig-parameter"><extension url="code"><valueString value="autoload-resources"/></extension><extension url="value"><valueString value="true"/></extension></extension><extension url="http://hl7.org/fhir/tools/StructureDefinition/ig-parameter"><extension url="code"><valueString value="path-liquid"/></extension><extension url="value"><valueString value="template/liquid"/></extension></extension><extension url="http://hl7.org/fhir/tools/StructureDefinition/ig-parameter"><extension url="code"><valueString value="path-liquid"/></extension><extension url="value"><valueString value="input/liquid"/></extension></extension><extension url="http://hl7.org/fhir/tools/StructureDefinition/ig-parameter"><extension url="code"><valueString value="path-qa"/></extension><extension url="value"><valueString value="temp/qa"/></extension></extension><extension url="http://hl7.org/fhir/tools/StructureDefinition/ig-parameter"><extension url="code"><valueString value="path-temp"/></extension><extension url="value"><valueString value="temp/pages"/></extension></extension><extension url="http://hl7.org/fhir/tools/StructureDefinition/ig-parameter"><extension url="code"><valueString value="path-output"/></extension><extension url="value"><valueString value="output"/></extension></extension><extension url="http://hl7.org/fhir/tools/StructureDefinition/ig-parameter"><extension url="code"><valueString value="path-suppressed-warnings"/></extension><extension url="value"><valueString value="input/ignoreWarnings.txt"/></extension></extension><extension url="http://hl7.org/fhir/tools/StructureDefinition/ig-parameter"><extension url="code"><valueString value="path-history"/></extension><extension url="value"><valueString value="https://paho.org/fhir/esavi/history.html"/></extension></extension><extension url="http://hl7.org/fhir/tools/StructureDefinition/ig-parameter"><extension url="code"><valueString value="template-html"/></extension><extension url="value"><valueString value="template-page.html"/></extension></extension><extension url="http://hl7.org/fhir/tools/StructureDefinition/ig-parameter"><extension url="code"><valueString value="template-md"/></extension><extension url="value"><valueString value="template-page-md.html"/></extension></extension><extension url="http://hl7.org/fhir/tools/StructureDefinition/ig-parameter"><extension url="code"><valueString value="apply-contact"/></extension><extension url="value"><valueString value="true"/></extension></extension><extension url="http://hl7.org/fhir/tools/StructureDefinition/ig-parameter"><extension url="code"><valueString value="apply-context"/></extension><extension url="value"><valueString value="true"/></extension></extension><extension url="http://hl7.org/fhir/tools/StructureDefinition/ig-parameter"><extension url="code"><valueString value="apply-copyright"/></extension><extension url="value"><valueString value="true"/></extension></extension><extension url="http://hl7.org/fhir/tools/StructureDefinition/ig-parameter"><extension url="code"><valueString value="apply-jurisdiction"/></extension><extension url="value"><valueString value="true"/></extension></extension><extension url="http://hl7.org/fhir/tools/StructureDefinition/ig-parameter"><extension url="code"><valueString value="apply-license"/></extension><extension url="value"><valueString value="true"/></extension></extension><extension url="http://hl7.org/fhir/tools/StructureDefinition/ig-parameter"><extension url="code"><valueString value="apply-publisher"/></extension><extension url="value"><valueString value="true"/></extension></extension><extension url="http://hl7.org/fhir/tools/StructureDefinition/ig-parameter"><extension url="code"><valueString value="apply-version"/></extension><extension url="value"><valueString value="true"/></extension></extension><extension url="http://hl7.org/fhir/tools/StructureDefinition/ig-parameter"><extension url="code"><valueString value="apply-wg"/></extension><extension url="value"><valueString value="true"/></extension></extension><extension url="http://hl7.org/fhir/tools/StructureDefinition/ig-parameter"><extension url="code"><valueString value="active-tables"/></extension><extension url="value"><valueString value="true"/></extension></extension><extension url="http://hl7.org/fhir/tools/StructureDefinition/ig-parameter"><extension url="code"><valueString value="fmm-definition"/></extension><extension url="value"><valueString value="http://hl7.org/fhir/versions.html#maturity"/></extension></extension><extension url="http://hl7.org/fhir/tools/StructureDefinition/ig-parameter"><extension url="code"><valueString value="propagate-status"/></extension><extension url="value"><valueString value="true"/></extension></extension><extension url="http://hl7.org/fhir/tools/StructureDefinition/ig-parameter"><extension url="code"><valueString value="excludelogbinaryformat"/></extension><extension url="value"><valueString value="true"/></extension></extension><extension url="http://hl7.org/fhir/tools/StructureDefinition/ig-parameter"><extension url="code"><valueString value="tabbed-snapshots"/></extension><extension url="value"><valueString value="true"/></extension></extension><extension url="http://hl7.org/fhir/tools/StructureDefinition/ig-internal-dependency"><valueCode value="hl7.fhir.uv.tools#0.1.0"/></extension><extension url="http://hl7.org/fhir/tools/StructureDefinition/ig-parameter"><extension url="code"><valueCode value="copyrightyear"/></extension><extension url="value"><valueString value="2021+"/></extension></extension><extension url="http://hl7.org/fhir/tools/StructureDefinition/ig-parameter"><extension url="code"><valueCode value="releaselabel"/></extension><extension url="value"><valueString value="ci-build"/></extension></extension><extension url="http://hl7.org/fhir/tools/StructureDefinition/ig-parameter"><extension url="code"><valueCode value="autoload-resources"/></extension><extension url="value"><valueString value="true"/></extension></extension><extension url="http://hl7.org/fhir/tools/StructureDefinition/ig-parameter"><extension url="code"><valueCode value="path-liquid"/></extension><extension url="value"><valueString value="template/liquid"/></extension></extension><extension url="http://hl7.org/fhir/tools/StructureDefinition/ig-parameter"><extension url="code"><valueCode value="path-liquid"/></extension><extension url="value"><valueString value="input/liquid"/></extension></extension><extension url="http://hl7.org/fhir/tools/StructureDefinition/ig-parameter"><extension url="code"><valueCode value="path-qa"/></extension><extension url="value"><valueString value="temp/qa"/></extension></extension><extension url="http://hl7.org/fhir/tools/StructureDefinition/ig-parameter"><extension url="code"><valueCode value="path-temp"/></extension><extension url="value"><valueString value="temp/pages"/></extension></extension><extension url="http://hl7.org/fhir/tools/StructureDefinition/ig-parameter"><extension url="code"><valueCode value="path-output"/></extension><extension url="value"><valueString value="output"/></extension></extension><extension url="http://hl7.org/fhir/tools/StructureDefinition/ig-parameter"><extension url="code"><valueCode value="path-suppressed-warnings"/></extension><extension url="value"><valueString value="input/ignoreWarnings.txt"/></extension></extension><extension url="http://hl7.org/fhir/tools/StructureDefinition/ig-parameter"><extension url="code"><valueCode value="path-history"/></extension><extension url="value"><valueString value="https://paho.org/fhir/esavi/history.html"/></extension></extension><extension url="http://hl7.org/fhir/tools/StructureDefinition/ig-parameter"><extension url="code"><valueCode value="template-html"/></extension><extension url="value"><valueString value="template-page.html"/></extension></extension><extension url="http://hl7.org/fhir/tools/StructureDefinition/ig-parameter"><extension url="code"><valueCode value="template-md"/></extension><extension url="value"><valueString value="template-page-md.html"/></extension></extension><extension url="http://hl7.org/fhir/tools/StructureDefinition/ig-parameter"><extension url="code"><valueCode value="apply-contact"/></extension><extension url="value"><valueString value="true"/></extension></extension><extension url="http://hl7.org/fhir/tools/StructureDefinition/ig-parameter"><extension url="code"><valueCode value="apply-context"/></extension><extension url="value"><valueString value="true"/></extension></extension><extension url="http://hl7.org/fhir/tools/StructureDefinition/ig-parameter"><extension url="code"><valueCode value="apply-copyright"/></extension><extension url="value"><valueString value="true"/></extension></extension><extension url="http://hl7.org/fhir/tools/StructureDefinition/ig-parameter"><extension url="code"><valueCode value="apply-jurisdiction"/></extension><extension url="value"><valueString value="true"/></extension></extension><extension url="http://hl7.org/fhir/tools/StructureDefinition/ig-parameter"><extension url="code"><valueCode value="apply-license"/></extension><extension url="value"><valueString value="true"/></extension></extension><extension url="http://hl7.org/fhir/tools/StructureDefinition/ig-parameter"><extension url="code"><valueCode value="apply-publisher"/></extension><extension url="value"><valueString value="true"/></extension></extension><extension url="http://hl7.org/fhir/tools/StructureDefinition/ig-parameter"><extension url="code"><valueCode value="apply-version"/></extension><extension url="value"><valueString value="true"/></extension></extension><extension url="http://hl7.org/fhir/tools/StructureDefinition/ig-parameter"><extension url="code"><valueCode value="apply-wg"/></extension><extension url="value"><valueString value="true"/></extension></extension><extension url="http://hl7.org/fhir/tools/StructureDefinition/ig-parameter"><extension url="code"><valueCode value="active-tables"/></extension><extension url="value"><valueString value="true"/></extension></extension><extension url="http://hl7.org/fhir/tools/StructureDefinition/ig-parameter"><extension url="code"><valueCode value="fmm-definition"/></extension><extension url="value"><valueString value="http://hl7.org/fhir/versions.html#maturity"/></extension></extension><extension url="http://hl7.org/fhir/tools/StructureDefinition/ig-parameter"><extension url="code"><valueCode value="propagate-status"/></extension><extension url="value"><valueString value="true"/></extension></extension><extension url="http://hl7.org/fhir/tools/StructureDefinition/ig-parameter"><extension url="code"><valueCode value="excludelogbinaryformat"/></extension><extension url="value"><valueString value="true"/></extension></extension><extension url="http://hl7.org/fhir/tools/StructureDefinition/ig-parameter"><extension url="code"><valueCode value="tabbed-snapshots"/></extension><extension url="value"><valueString value="true"/></extension></extension><extension url="http://hl7.org/fhir/tools/StructureDefinition/ig-parameter"><extension url="code"><valueCode value="copyrightyear"/></extension><extension url="value"><valueString value="2021+"/></extension></extension><extension url="http://hl7.org/fhir/tools/StructureDefinition/ig-parameter"><extension url="code"><valueCode value="releaselabel"/></extension><extension url="value"><valueString value="ci-build"/></extension></extension><extension url="http://hl7.org/fhir/tools/StructureDefinition/ig-parameter"><extension url="code"><valueCode value="autoload-resources"/></extension><extension url="value"><valueString value="true"/></extension></extension><extension url="http://hl7.org/fhir/tools/StructureDefinition/ig-parameter"><extension url="code"><valueCode value="path-liquid"/></extension><extension url="value"><valueString value="template/liquid"/></extension></extension><extension url="http://hl7.org/fhir/tools/StructureDefinition/ig-parameter"><extension url="code"><valueCode value="path-liquid"/></extension><extension url="value"><valueString value="input/liquid"/></extension></extension><extension url="http://hl7.org/fhir/tools/StructureDefinition/ig-parameter"><extension url="code"><valueCode value="path-qa"/></extension><extension url="value"><valueString value="temp/qa"/></extension></extension><extension url="http://hl7.org/fhir/tools/StructureDefinition/ig-parameter"><extension url="code"><valueCode value="path-temp"/></extension><extension url="value"><valueString value="temp/pages"/></extension></extension><extension url="http://hl7.org/fhir/tools/StructureDefinition/ig-parameter"><extension url="code"><valueCode value="path-output"/></extension><extension url="value"><valueString value="output"/></extension></extension><extension url="http://hl7.org/fhir/tools/StructureDefinition/ig-parameter"><extension url="code"><valueCode value="path-suppressed-warnings"/></extension><extension url="value"><valueString value="input/ignoreWarnings.txt"/></extension></extension><extension url="http://hl7.org/fhir/tools/StructureDefinition/ig-parameter"><extension url="code"><valueCode value="path-history"/></extension><extension url="value"><valueString value="https://paho.org/fhir/esavi/history.html"/></extension></extension><extension url="http://hl7.org/fhir/tools/StructureDefinition/ig-parameter"><extension url="code"><valueCode value="template-html"/></extension><extension url="value"><valueString value="template-page.html"/></extension></extension><extension url="http://hl7.org/fhir/tools/StructureDefinition/ig-parameter"><extension url="code"><valueCode value="template-md"/></extension><extension url="value"><valueString value="template-page-md.html"/></extension></extension><extension url="http://hl7.org/fhir/tools/StructureDefinition/ig-parameter"><extension url="code"><valueCode value="apply-contact"/></extension><extension url="value"><valueString value="true"/></extension></extension><extension url="http://hl7.org/fhir/tools/StructureDefinition/ig-parameter"><extension url="code"><valueCode value="apply-context"/></extension><extension url="value"><valueString value="true"/></extension></extension><extension url="http://hl7.org/fhir/tools/StructureDefinition/ig-parameter"><extension url="code"><valueCode value="apply-copyright"/></extension><extension url="value"><valueString value="true"/></extension></extension><extension url="http://hl7.org/fhir/tools/StructureDefinition/ig-parameter"><extension url="code"><valueCode value="apply-jurisdiction"/></extension><extension url="value"><valueString value="true"/></extension></extension><extension url="http://hl7.org/fhir/tools/StructureDefinition/ig-parameter"><extension url="code"><valueCode value="apply-license"/></extension><extension url="value"><valueString value="true"/></extension></extension><extension url="http://hl7.org/fhir/tools/StructureDefinition/ig-parameter"><extension url="code"><valueCode value="apply-publisher"/></extension><extension url="value"><valueString value="true"/></extension></extension><extension url="http://hl7.org/fhir/tools/StructureDefinition/ig-parameter"><extension url="code"><valueCode value="apply-version"/></extension><extension url="value"><valueString value="true"/></extension></extension><extension url="http://hl7.org/fhir/tools/StructureDefinition/ig-parameter"><extension url="code"><valueCode value="apply-wg"/></extension><extension url="value"><valueString value="true"/></extension></extension><extension url="http://hl7.org/fhir/tools/StructureDefinition/ig-parameter"><extension url="code"><valueCode value="active-tables"/></extension><extension url="value"><valueString value="true"/></extension></extension><extension url="http://hl7.org/fhir/tools/StructureDefinition/ig-parameter"><extension url="code"><valueCode value="fmm-definition"/></extension><extension url="value"><valueString value="http://hl7.org/fhir/versions.html#maturity"/></extension></extension><extension url="http://hl7.org/fhir/tools/StructureDefinition/ig-parameter"><extension url="code"><valueCode value="propagate-status"/></extension><extension url="value"><valueString value="true"/></extension></extension><extension url="http://hl7.org/fhir/tools/StructureDefinition/ig-parameter"><extension url="code"><valueCode value="excludelogbinaryformat"/></extension><extension url="value"><valueString value="true"/></extension></extension><extension url="http://hl7.org/fhir/tools/StructureDefinition/ig-parameter"><extension url="code"><valueCode value="tabbed-snapshots"/></extension><extension url="value"><valueString value="true"/></extension></extension><grouping id="-str-profile"><name value="Structures: Resource Profiles"/><description value="These define constraints on FHIR resources for systems conforming to this implementation guide."/></grouping><grouping id="-term-valueset"><name value="Terminology: Value Sets"/><description value="These define sets of codes used by systems conforming to this implementation guide."/></grouping><grouping id="-term-codesystem"><name value="Terminology: Code Systems"/><description value="These define new code systems used by systems conforming to this implementation guide."/></grouping><grouping id="-ex-example"><name value="Example: Example Instances"/><description value="These are example instances that show what data produced and consumed by systems conforming with this implementation guide might look like."/></grouping><resource><extension url="http://hl7.org/fhir/tools/StructureDefinition/resource-sort"><valueInteger value="999999999"/></extension><extension url="http://hl7.org/fhir/StructureDefinition/implementationguide-page"><valueUri value="StructureDefinition-ESAVIQuestionnaireResponse.html"/></extension><reference><reference value="StructureDefinition/ESAVIQuestionnaireResponse"/></reference><name value="Respuesta de Cuestionario ESAVI"/><description value="Perfil con los elementos mínimos a considerar para generar la respuesta al cuestinario de ESAVI de la OPS"/><exampleBoolean value="false"/><groupingId value="-str-profile"/></resource><resource><extension url="http://hl7.org/fhir/tools/StructureDefinition/resource-sort"><valueInteger value="999999999"/></extension><extension url="http://hl7.org/fhir/StructureDefinition/implementationguide-page"><valueUri value="ValueSet-ClasificacionDesenlaceNaranjoVS.html"/></extension><reference><reference value="ValueSet/ClasificacionDesenlaceNaranjoVS"/></reference><name value="Clasificación de causalidad Naranjo"/><description value="Método de clasificación de causalidad Naranjo"/><exampleBoolean value="false"/><groupingId value="-term-valueset"/></resource><resource><extension url="http://hl7.org/fhir/tools/StructureDefinition/resource-sort"><valueInteger value="999999999"/></extension><extension url="http://hl7.org/fhir/StructureDefinition/implementationguide-page"><valueUri value="ValueSet-ClasificacionDesenlaceWHOAEFIVS.html"/></extension><reference><reference value="ValueSet/ClasificacionDesenlaceWHOAEFIVS"/></reference><name value="Clasificación de causalidad WHO-AEFI"/><description value="Método de clasificación de causalidad WHO-AEFI"/><exampleBoolean value="false"/><groupingId value="-term-valueset"/></resource><resource><extension url="http://hl7.org/fhir/tools/StructureDefinition/resource-sort"><valueInteger value="999999999"/></extension><extension url="http://hl7.org/fhir/StructureDefinition/implementationguide-page"><valueUri value="ValueSet-ClasificacionDesenlaceWHOUMCVS.html"/></extension><reference><reference value="ValueSet/ClasificacionDesenlaceWHOUMCVS"/></reference><name value="Clasificación de causalidad WHO-UMC"/><description value="Método de clasificación de causalidad WHO-UMC"/><exampleBoolean value="false"/><groupingId value="-term-valueset"/></resource><resource><extension url="http://hl7.org/fhir/tools/StructureDefinition/resource-sort"><valueInteger value="999999999"/></extension><extension url="http://hl7.org/fhir/StructureDefinition/implementationguide-page"><valueUri value="ValueSet-CodigoMedicamentoVS.html"/></extension><reference><reference value="ValueSet/CodigoMedicamentoVS"/></reference><name value="Codigo Medicamento"/><description value="Codigo Medicamento"/><exampleBoolean value="false"/><groupingId value="-term-valueset"/></resource><resource><extension url="http://hl7.org/fhir/tools/StructureDefinition/resource-sort"><valueInteger value="999999999"/></extension><extension url="http://hl7.org/fhir/StructureDefinition/implementationguide-page"><valueUri value="ValueSet-CodigoWhoVacunaVS.html"/></extension><reference><reference value="ValueSet/CodigoWhoVacunaVS"/></reference><name value="Codigo WHODrug de la vacuna"/><description value="Codificación Estandarizda del código de las Vacunas según WhoDrug"/><exampleBoolean value="false"/><groupingId value="-term-valueset"/></resource><resource><extension url="http://hl7.org/fhir/tools/StructureDefinition/resource-sort"><valueInteger value="999999999"/></extension><extension url="http://hl7.org/fhir/StructureDefinition/implementationguide-page"><valueUri value="ValueSet-ComplicacionEmbarazoVS.html"/></extension><reference><reference value="ValueSet/ComplicacionEmbarazoVS"/></reference><name value="Complicaciones Embarazo"/><description value="Conjunto de Valores para la Sección de Complicaciones Embarazo ESAVI"/><exampleBoolean value="false"/><groupingId value="-term-valueset"/></resource><resource><extension url="http://hl7.org/fhir/tools/StructureDefinition/resource-sort"><valueInteger value="999999999"/></extension><extension url="http://hl7.org/fhir/StructureDefinition/implementationguide-page"><valueUri value="ValueSet-EsaviMedDRAVS.html"/></extension><reference><reference value="ValueSet/EsaviMedDRAVS"/></reference><name value="Código MedDRA del Evento Adverso notificado"/><description value="Código MedDRA del Evento Adverso notificado"/><exampleBoolean value="false"/><groupingId value="-term-valueset"/></resource><resource><extension url="http://hl7.org/fhir/tools/StructureDefinition/resource-sort"><valueInteger value="999999999"/></extension><extension url="http://hl7.org/fhir/StructureDefinition/implementationguide-page"><valueUri value="ValueSet-CodigoNoWhoVacunaVS.html"/></extension><reference><reference value="ValueSet/CodigoNoWhoVacunaVS"/></reference><name value="Código no WHODrug de la Vacuna"/><description value="Código no WHODrug de la Vacuna"/><exampleBoolean value="false"/><groupingId value="-term-valueset"/></resource><resource><extension url="http://hl7.org/fhir/tools/StructureDefinition/resource-sort"><valueInteger value="999999999"/></extension><extension url="http://hl7.org/fhir/StructureDefinition/implementationguide-page"><valueUri value="ValueSet-ComplicacionEmbarazoMedDRAVS.html"/></extension><reference><reference value="ValueSet/ComplicacionEmbarazoMedDRAVS"/></reference><name value="Códigos MEDDRA Complicaciones en Embarazo ESAVI"/><description value="Codificacion Estandarizada de diagnóticos de complicaciones de embarazo mediante códigos MedDRA"/><exampleBoolean value="false"/><groupingId value="-term-valueset"/></resource><resource><extension url="http://hl7.org/fhir/tools/StructureDefinition/resource-sort"><valueInteger value="999999999"/></extension><extension url="http://hl7.org/fhir/StructureDefinition/implementationguide-page"><valueUri value="ValueSet-DirOrgNotiVS.html"/></extension><reference><reference value="ValueSet/DirOrgNotiVS"/></reference><name value="Códigos PAHO para Direcciones"/><description value="Conjunto de Valores para dirección según OPS"/><exampleBoolean value="false"/><groupingId value="-term-valueset"/></resource><resource><extension url="http://hl7.org/fhir/tools/StructureDefinition/resource-sort"><valueInteger value="999999999"/></extension><extension url="http://hl7.org/fhir/StructureDefinition/implementationguide-page"><valueUri value="ValueSet-CodigoMedDRAEnfPreviaVS.html"/></extension><reference><reference value="ValueSet/CodigoMedDRAEnfPreviaVS"/></reference><name value="Códigos de MedDRA para representar enfermedades previas en un ESAVI-PAHO"/><description value="Describe las enfermedades previas en un ESAVI codificadas en MedDRA"/><exampleBoolean value="false"/><groupingId value="-term-valueset"/></resource><resource><extension url="http://hl7.org/fhir/tools/StructureDefinition/resource-sort"><valueInteger value="999999999"/></extension><extension url="http://hl7.org/fhir/StructureDefinition/implementationguide-page"><valueUri value="ValueSet-codPaises.html"/></extension><reference><reference value="ValueSet/codPaises"/></reference><name value="Códigos de Países"/><description value="Codigos definidos para la identificación de países segun norma ISO3166-N"/><exampleBoolean value="false"/><groupingId value="-term-valueset"/></resource><resource><extension url="http://hl7.org/fhir/tools/StructureDefinition/resource-sort"><valueInteger value="999999999"/></extension><extension url="http://hl7.org/fhir/StructureDefinition/implementationguide-page"><valueUri value="ValueSet-ClasificacionDesenlaceVS.html"/></extension><reference><reference value="ValueSet/ClasificacionDesenlaceVS"/></reference><name value="Desenlaces Tras ESAVI"/><description value="Clasificación de Desenlace Tras Sufrir ESAVI"/><exampleBoolean value="false"/><groupingId value="-term-valueset"/></resource><resource><extension url="http://hl7.org/fhir/tools/StructureDefinition/resource-sort"><valueInteger value="999999999"/></extension><extension url="http://hl7.org/fhir/StructureDefinition/implementationguide-page"><valueUri value="ValueSet-EnfermedadesPreviasCodificacionVS.html"/></extension><reference><reference value="ValueSet/EnfermedadesPreviasCodificacionVS"/></reference><name value="Enfermedades previas en un ESAVI-PAHO"/><description value="Describe las enfermedades previas en un ESAVI codificadas en CIE10, CIE11 o SNOMED CT"/><exampleBoolean value="false"/><groupingId value="-term-valueset"/></resource><resource><extension url="http://hl7.org/fhir/tools/StructureDefinition/resource-sort"><valueInteger value="999999999"/></extension><extension url="http://hl7.org/fhir/StructureDefinition/implementationguide-page"><valueUri value="ValueSet-CodigoWhoFabricanteVS.html"/></extension><reference><reference value="ValueSet/CodigoWhoFabricanteVS"/></reference><name value="Fabricantes Vacuna"/><description value="Códigos Fabricantes Vacunas de WHO"/><exampleBoolean value="false"/><groupingId value="-term-valueset"/></resource><resource><extension url="http://hl7.org/fhir/tools/StructureDefinition/resource-sort"><valueInteger value="999999999"/></extension><extension url="http://hl7.org/fhir/StructureDefinition/implementationguide-page"><valueUri value="ValueSet-FormaFarmaceuticaVS.html"/></extension><reference><reference value="ValueSet/FormaFarmaceuticaVS"/></reference><name value="Identificación Formas Farmacéuticas"/><description value="Describe y lista las formas farmaceuticas de medicamentos para registro en ESAVI segun SNOMED CT"/><exampleBoolean value="false"/><groupingId value="-term-valueset"/></resource><resource><extension url="http://hl7.org/fhir/tools/StructureDefinition/resource-sort"><valueInteger value="999999999"/></extension><extension url="http://hl7.org/fhir/StructureDefinition/implementationguide-page"><valueUri value="ValueSet-ModoConfirmacionInfeccionVS.html"/></extension><reference><reference value="ValueSet/ModoConfirmacionInfeccionVS"/></reference><name value="Modos Confirmación Infección COVID-19"/><description value="Modos de Confirmacion de Infección por COVID-19"/><exampleBoolean value="false"/><groupingId value="-term-valueset"/></resource><resource><extension url="http://hl7.org/fhir/tools/StructureDefinition/resource-sort"><valueInteger value="999999999"/></extension><extension url="http://hl7.org/fhir/StructureDefinition/implementationguide-page"><valueUri value="ValueSet-ModoVerificacionVacunaVS.html"/></extension><reference><reference value="ValueSet/ModoVerificacionVacunaVS"/></reference><name value="Modos Verificación Vacuna Previa"/><description value="Modos de Verificacion de Vacuna o Esquema de Vacunación Completado"/><exampleBoolean value="false"/><groupingId value="-term-valueset"/></resource><resource><extension url="http://hl7.org/fhir/tools/StructureDefinition/resource-sort"><valueInteger value="999999999"/></extension><extension url="http://hl7.org/fhir/StructureDefinition/implementationguide-page"><valueUri value="ValueSet-ComplicacionEmbarazoOtroVS.html"/></extension><reference><reference value="ValueSet/ComplicacionEmbarazoOtroVS"/></reference><name value="Otros Códigos Complicaciones en Embarazo ESAVI"/><description value="Codificacion Estandarizada de diagnóticos de complicaciones de embarazo mediante códigos Snomed y CIE-10"/><exampleBoolean value="false"/><groupingId value="-term-valueset"/></resource><resource><extension url="http://hl7.org/fhir/tools/StructureDefinition/resource-sort"><valueInteger value="999999999"/></extension><extension url="http://hl7.org/fhir/StructureDefinition/implementationguide-page"><valueUri value="ValueSet-EsaviOtroVS.html"/></extension><reference><reference value="ValueSet/EsaviOtroVS"/></reference><name value="Otros Códigos Evento Adverso"/><description value="Evento Adverso en otro sistema según Snomed y CIE-10"/><exampleBoolean value="false"/><groupingId value="-term-valueset"/></resource><resource><extension url="http://hl7.org/fhir/tools/StructureDefinition/resource-sort"><valueInteger value="999999999"/></extension><extension url="http://hl7.org/fhir/StructureDefinition/implementationguide-page"><valueUri value="ValueSet-RespuestaSiNoNosabeVS.html"/></extension><reference><reference value="ValueSet/RespuestaSiNoNosabeVS"/></reference><name value="Respuestas Simples"/><description value="Códigos para capturar respuestas simples si/no/no sabe"/><exampleBoolean value="false"/><groupingId value="-term-valueset"/></resource><resource><extension url="http://hl7.org/fhir/tools/StructureDefinition/resource-sort"><valueInteger value="999999999"/></extension><extension url="http://hl7.org/fhir/StructureDefinition/implementationguide-page"><valueUri value="ValueSet-SistemasDeCodificacionVS.html"/></extension><reference><reference value="ValueSet/SistemasDeCodificacionVS"/></reference><name value="Sistemas De Codificacion"/><description value="Sistemas De Codificacion para Determinación de Códigos"/><exampleBoolean value="false"/><groupingId value="-term-valueset"/></resource><resource><extension url="http://hl7.org/fhir/tools/StructureDefinition/resource-sort"><valueInteger value="999999999"/></extension><extension url="http://hl7.org/fhir/StructureDefinition/implementationguide-page"><valueUri value="ValueSet-SistemaClasfCausalidadVS.html"/></extension><reference><reference value="ValueSet/SistemaClasfCausalidadVS"/></reference><name value="Tipo de Método de clasificación de causalidad"/><description value="Códigos para Tipos Métodos de Clasificación de Causalidad"/><exampleBoolean value="false"/><groupingId value="-term-valueset"/></resource><resource><extension url="http://hl7.org/fhir/tools/StructureDefinition/resource-sort"><valueInteger value="999999999"/></extension><extension url="http://hl7.org/fhir/StructureDefinition/implementationguide-page"><valueUri value="ValueSet-ProfesionalNotificadorVS.html"/></extension><reference><reference value="ValueSet/ProfesionalNotificadorVS"/></reference><name value="Tipo de Profesional Notificador"/><description value="Códigos de Tipo de Notificadores de ESAVI para PAHO"/><exampleBoolean value="false"/><groupingId value="-term-valueset"/></resource><resource><extension url="http://hl7.org/fhir/tools/StructureDefinition/resource-sort"><valueInteger value="999999999"/></extension><extension url="http://hl7.org/fhir/StructureDefinition/implementationguide-page"><valueUri value="ValueSet-ViaAdminMedicamentoVS.html"/></extension><reference><reference value="ValueSet/ViaAdminMedicamentoVS"/></reference><name value="Vías de Administración de Medicamentos"/><description value="Describe y lista las vías de administración de medicamentos para registro en ESAVI segun SNOMED CT"/><exampleBoolean value="false"/><groupingId value="-term-valueset"/></resource><resource><extension url="http://hl7.org/fhir/tools/StructureDefinition/resource-sort"><valueInteger value="999999999"/></extension><extension url="http://hl7.org/fhir/StructureDefinition/implementationguide-page"><valueUri value="CodeSystem-ClasificacionDesenlaceNaranjoCS.html"/></extension><reference><reference value="CodeSystem/ClasificacionDesenlaceNaranjoCS"/></reference><name value="Clasificación de causalidad Naranjo"/><description value="Método de clasificación de causalidad Naranjo"/><exampleBoolean value="false"/><groupingId value="-term-codesystem"/></resource><resource><extension url="http://hl7.org/fhir/tools/StructureDefinition/resource-sort"><valueInteger value="999999999"/></extension><extension url="http://hl7.org/fhir/StructureDefinition/implementationguide-page"><valueUri value="CodeSystem-ClasificacionDesenlaceWHOAEFICS.html"/></extension><reference><reference value="CodeSystem/ClasificacionDesenlaceWHOAEFICS"/></reference><name value="Clasificación de causalidad WHO-AEFI"/><description value="Método de clasificación de causalidad WHO-AEFI"/><exampleBoolean value="false"/><groupingId value="-term-codesystem"/></resource><resource><extension url="http://hl7.org/fhir/tools/StructureDefinition/resource-sort"><valueInteger value="999999999"/></extension><extension url="http://hl7.org/fhir/StructureDefinition/implementationguide-page"><valueUri value="CodeSystem-ClasificacionDesenlaceWHOUMCCS.html"/></extension><reference><reference value="CodeSystem/ClasificacionDesenlaceWHOUMCCS"/></reference><name value="Clasificación de causalidad WHO-UMC"/><description value="Método de clasificación de causalidad WHO-UMC"/><exampleBoolean value="false"/><groupingId value="-term-codesystem"/></resource><resource><extension url="http://hl7.org/fhir/tools/StructureDefinition/resource-sort"><valueInteger value="999999999"/></extension><extension url="http://hl7.org/fhir/StructureDefinition/implementationguide-page"><valueUri value="CodeSystem-ComplicacionEmbarazoCS.html"/></extension><reference><reference value="CodeSystem/ComplicacionEmbarazoCS"/></reference><name value="Complicaciones de Embarazo"/><description value="Códigos para las Complicaciones de Embarazo"/><exampleBoolean value="false"/><groupingId value="-term-codesystem"/></resource><resource><extension url="http://hl7.org/fhir/tools/StructureDefinition/resource-sort"><valueInteger value="999999999"/></extension><extension url="http://hl7.org/fhir/StructureDefinition/implementationguide-page"><valueUri value="CodeSystem-DirOrgNotiCS.html"/></extension><reference><reference value="CodeSystem/DirOrgNotiCS"/></reference><name value="Códigos PAHO para Direcciones"/><description value="Códigos para Direcciones según PAHO"/><exampleBoolean value="false"/><groupingId value="-term-codesystem"/></resource><resource><extension url="http://hl7.org/fhir/tools/StructureDefinition/resource-sort"><valueInteger value="999999999"/></extension><extension url="http://hl7.org/fhir/StructureDefinition/implementationguide-page"><valueUri value="CodeSystem-codPaisesCS.html"/></extension><reference><reference value="CodeSystem/codPaisesCS"/></reference><name value="Códigos de Paises"/><description value="Codigos definidos para la identificación de países segun norma ISO3166-3"/><exampleBoolean value="false"/><groupingId value="-term-codesystem"/></resource><resource><extension url="http://hl7.org/fhir/tools/StructureDefinition/resource-sort"><valueInteger value="999999999"/></extension><extension url="http://hl7.org/fhir/StructureDefinition/implementationguide-page"><valueUri value="CodeSystem-ClasificacionDesenlaceCS.html"/></extension><reference><reference value="CodeSystem/ClasificacionDesenlaceCS"/></reference><name value="Desenlaces Tras ESAVI"/><description value="Clasificación de Desenlace Tras Sufrir ESAVI"/><exampleBoolean value="false"/><groupingId value="-term-codesystem"/></resource><resource><extension url="http://hl7.org/fhir/tools/StructureDefinition/resource-sort"><valueInteger value="999999999"/></extension><extension url="http://hl7.org/fhir/StructureDefinition/implementationguide-page"><valueUri value="CodeSystem-CodigoWhoFabricanteCS.html"/></extension><reference><reference value="CodeSystem/CodigoWhoFabricanteCS"/></reference><name value="Fabricante   Vacuna"/><description value="Códigos Fabricantes Vacunas de WHO"/><exampleBoolean value="false"/><groupingId value="-term-codesystem"/></resource><resource><extension url="http://hl7.org/fhir/tools/StructureDefinition/resource-sort"><valueInteger value="999999999"/></extension><extension url="http://hl7.org/fhir/StructureDefinition/implementationguide-page"><valueUri value="CodeSystem-ModoConfirmacionInfeccionCS.html"/></extension><reference><reference value="CodeSystem/ModoConfirmacionInfeccionCS"/></reference><name value="Modo de Confirmación de la Infección"/><description value="Modos de Confirmacion de Infección por COVID-19"/><exampleBoolean value="false"/><groupingId value="-term-codesystem"/></resource><resource><extension url="http://hl7.org/fhir/tools/StructureDefinition/resource-sort"><valueInteger value="999999999"/></extension><extension url="http://hl7.org/fhir/StructureDefinition/implementationguide-page"><valueUri value="CodeSystem-ModoVerificacionVacunaCS.html"/></extension><reference><reference value="CodeSystem/ModoVerificacionVacunaCS"/></reference><name value="Modo de Verificación de Vacunación Previa"/><description value="Modos de Verificacion de Vacuna o Esquema de Vacunación Completado"/><exampleBoolean value="false"/><groupingId value="-term-codesystem"/></resource><resource><extension url="http://hl7.org/fhir/tools/StructureDefinition/resource-sort"><valueInteger value="999999999"/></extension><extension url="http://hl7.org/fhir/StructureDefinition/implementationguide-page"><valueUri value="CodeSystem-RespuestaSiNoNosabeCS.html"/></extension><reference><reference value="CodeSystem/RespuestaSiNoNosabeCS"/></reference><name value="Respuestas Simples"/><description value="Códigos para capturar respuestas simples si/no/no sabe"/><exampleBoolean value="false"/><groupingId value="-term-codesystem"/></resource><resource><extension url="http://hl7.org/fhir/tools/StructureDefinition/resource-sort"><valueInteger value="999999999"/></extension><extension url="http://hl7.org/fhir/StructureDefinition/implementationguide-page"><valueUri value="CodeSystem-SistemasDeCodificacionCS.html"/></extension><reference><reference value="CodeSystem/SistemasDeCodificacionCS"/></reference><name value="Sistemas De Codificacion"/><description value="Sistemas De Codificacion para Determinación de Códigos"/><exampleBoolean value="false"/><groupingId value="-term-codesystem"/></resource><resource><extension url="http://hl7.org/fhir/tools/StructureDefinition/resource-sort"><valueInteger value="999999999"/></extension><extension url="http://hl7.org/fhir/StructureDefinition/implementationguide-page"><valueUri value="CodeSystem-SistemaClasfCausalidadCS.html"/></extension><reference><reference value="CodeSystem/SistemaClasfCausalidadCS"/></reference><name value="Tipo de Método de clasificación de causalidad"/><description value="Códigos para Tipos de Métodos de Clasificación de Causalidad"/><exampleBoolean value="false"/><groupingId value="-term-codesystem"/></resource><resource><extension url="http://hl7.org/fhir/tools/StructureDefinition/resource-sort"><valueInteger value="999999999"/></extension><extension url="http://hl7.org/fhir/StructureDefinition/implementationguide-page"><valueUri value="CodeSystem-ProfesionalNotificadorCS.html"/></extension><reference><reference value="CodeSystem/ProfesionalNotificadorCS"/></reference><name value="Tipo de Profesional Notificador"/><description value="Códigos de Tipo de Notificadores de ESAVI para PAHO"/><exampleBoolean value="false"/><groupingId value="-term-codesystem"/></resource><resource><extension url="http://hl7.org/fhir/tools/StructureDefinition/resource-sort"><valueInteger value="999999999"/></extension><extension url="http://hl7.org/fhir/StructureDefinition/implementationguide-page"><valueUri value="Questionnaire-CuestionarioESAVI.html"/></extension><reference><reference value="Questionnaire/CuestionarioESAVI"/></reference><name value="Cuestionario ESAVI"/><description value="Cuestionario ESAVI"/><exampleBoolean value="true"/><groupingId value="-ex-example"/></resource><resource><extension url="http://hl7.org/fhir/tools/StructureDefinition/resource-sort"><valueInteger value="999999999"/></extension><extension url="http://hl7.org/fhir/StructureDefinition/implementationguide-page"><valueUri value="QuestionnaireResponse-ejDosNuevo.html"/></extension><reference><reference value="QuestionnaireResponse/ejDosNuevo"/></reference><name value="ejDosNuevo"/><description value="Ejemplo de cuestionario Respondido 2"/><exampleCanonical value="https://paho.org/fhir/esavi/StructureDefinition/ESAVIQuestionnaireResponse"/><groupingId value="-ex-example"/></resource><resource><extension url="http://hl7.org/fhir/tools/StructureDefinition/resource-sort"><valueInteger value="999999999"/></extension><extension url="http://hl7.org/fhir/StructureDefinition/implementationguide-page"><valueUri value="QuestionnaireResponse-ejUnoNuevo.html"/></extension><reference><reference value="QuestionnaireResponse/ejUnoNuevo"/></reference><name value="ejUnoNuevo"/><description value="Ejemplo de cuestionario Respondido 1"/><exampleCanonical value="https://paho.org/fhir/esavi/StructureDefinition/ESAVIQuestionnaireResponse"/><groupingId value="-ex-example"/></resource><page><extension url="http://hl7.org/fhir/tools/StructureDefinition/ig-page-name"><valueUrl value="toc.html"/></extension><nameUrl value="toc.html"/><title value="Table of Contents"/><generation value="html"/><page><extension url="http://hl7.org/fhir/tools/StructureDefinition/ig-page-name"><valueUrl value="index.html"/></extension><nameUrl value="index.html"/><title value="Inicio"/><generation value="markdown"/></page><page><extension url="http://hl7.org/fhir/tools/StructureDefinition/ig-page-name"><valueUrl value="objetivos.html"/></extension><nameUrl value="objetivos.html"/><title value="Objetivos"/><generation value="markdown"/></page><page><extension url="http://hl7.org/fhir/tools/StructureDefinition/ig-page-name"><valueUrl value="alcance.html"/></extension><nameUrl value="alcance.html"/><title value="Alcance"/><generation value="markdown"/></page><page><extension url="http://hl7.org/fhir/tools/StructureDefinition/ig-page-name"><valueUrl value="uso.html"/></extension><nameUrl value="uso.html"/><title value="Como llenar la Guía"/><generation value="markdown"/></page><page><extension url="http://hl7.org/fhir/tools/StructureDefinition/ig-page-name"><valueUrl value="actores_CasosUso.html"/></extension><nameUrl value="actores_CasosUso.html"/><title value="Actores y Casos de Uso"/><generation value="markdown"/></page><page><extension url="http://hl7.org/fhir/tools/StructureDefinition/ig-page-name"><valueUrl value="artifacts.html"/></extension><nameUrl value="artifacts.html"/><title value="Artefactos"/><generation value="html"/><page><extension url="http://hl7.org/fhir/tools/StructureDefinition/ig-page-name"><valueUrl value="StructureDefinition-ESAVIQuestionnaireResponse.html"/></extension><nameUrl value="StructureDefinition-ESAVIQuestionnaireResponse.html"/><title value="Respuesta de Cuestionario ESAVI"/><generation value="generated"/></page><page><extension url="http://hl7.org/fhir/tools/StructureDefinition/ig-page-name"><valueUrl value="ValueSet-ClasificacionDesenlaceNaranjoVS.html"/></extension><nameUrl value="ValueSet-ClasificacionDesenlaceNaranjoVS.html"/><title value="Clasificación de causalidad Naranjo"/><generation value="generated"/></page><page><extension url="http://hl7.org/fhir/tools/StructureDefinition/ig-page-name"><valueUrl value="ValueSet-ClasificacionDesenlaceWHOAEFIVS.html"/></extension><nameUrl value="ValueSet-ClasificacionDesenlaceWHOAEFIVS.html"/><title value="Clasificación de causalidad WHO-AEFI"/><generation value="generated"/></page><page><extension url="http://hl7.org/fhir/tools/StructureDefinition/ig-page-name"><valueUrl value="ValueSet-ClasificacionDesenlaceWHOUMCVS.html"/></extension><nameUrl value="ValueSet-ClasificacionDesenlaceWHOUMCVS.html"/><title value="Clasificación de causalidad WHO-UMC"/><generation value="generated"/></page><page><extension url="http://hl7.org/fhir/tools/StructureDefinition/ig-page-name"><valueUrl value="ValueSet-CodigoMedicamentoVS.html"/></extension><nameUrl value="ValueSet-CodigoMedicamentoVS.html"/><title value="Codigo Medicamento"/><generation value="generated"/></page><page><extension url="http://hl7.org/fhir/tools/StructureDefinition/ig-page-name"><valueUrl value="ValueSet-CodigoWhoVacunaVS.html"/></extension><nameUrl value="ValueSet-CodigoWhoVacunaVS.html"/><title value="Codigo WHODrug de la vacuna"/><generation value="generated"/></page><page><extension url="http://hl7.org/fhir/tools/StructureDefinition/ig-page-name"><valueUrl value="ValueSet-ComplicacionEmbarazoVS.html"/></extension><nameUrl value="ValueSet-ComplicacionEmbarazoVS.html"/><title value="Complicaciones Embarazo"/><generation value="generated"/></page><page><extension url="http://hl7.org/fhir/tools/StructureDefinition/ig-page-name"><valueUrl value="ValueSet-EsaviMedDRAVS.html"/></extension><nameUrl value="ValueSet-EsaviMedDRAVS.html"/><title value="Código MedDRA del Evento Adverso notificado"/><generation value="generated"/></page><page><extension url="http://hl7.org/fhir/tools/StructureDefinition/ig-page-name"><valueUrl value="ValueSet-CodigoNoWhoVacunaVS.html"/></extension><nameUrl value="ValueSet-CodigoNoWhoVacunaVS.html"/><title value="Código no WHODrug de la Vacuna"/><generation value="generated"/></page><page><extension url="http://hl7.org/fhir/tools/StructureDefinition/ig-page-name"><valueUrl value="ValueSet-CodigoMedDRAEnfPreviaVS.html"/></extension><nameUrl value="ValueSet-CodigoMedDRAEnfPreviaVS.html"/><title value="Códigos de MedDRA para representar enfermedades previas en un ESAVI-PAHO"/><generation value="generated"/></page><page><extension url="http://hl7.org/fhir/tools/StructureDefinition/ig-page-name"><valueUrl value="ValueSet-codPaises.html"/></extension><nameUrl value="ValueSet-codPaises.html"/><title value="Códigos de Países"/><generation value="generated"/></page><page><extension url="http://hl7.org/fhir/tools/StructureDefinition/ig-page-name"><valueUrl value="ValueSet-ComplicacionEmbarazoMedDRAVS.html"/></extension><nameUrl value="ValueSet-ComplicacionEmbarazoMedDRAVS.html"/><title value="Códigos MEDDRA Complicaciones en Embarazo ESAVI"/><generation value="generated"/></page><page><extension url="http://hl7.org/fhir/tools/StructureDefinition/ig-page-name"><valueUrl value="ValueSet-DirOrgNotiVS.html"/></extension><nameUrl value="ValueSet-DirOrgNotiVS.html"/><title value="Códigos PAHO para Direcciones"/><generation value="generated"/></page><page><extension url="http://hl7.org/fhir/tools/StructureDefinition/ig-page-name"><valueUrl value="ValueSet-ClasificacionDesenlaceVS.html"/></extension><nameUrl value="ValueSet-ClasificacionDesenlaceVS.html"/><title value="Desenlaces Tras ESAVI"/><generation value="generated"/></page><page><extension url="http://hl7.org/fhir/tools/StructureDefinition/ig-page-name"><valueUrl value="ValueSet-EnfermedadesPreviasCodificacionVS.html"/></extension><nameUrl value="ValueSet-EnfermedadesPreviasCodificacionVS.html"/><title value="Enfermedades previas en un ESAVI-PAHO"/><generation value="generated"/></page><page><extension url="http://hl7.org/fhir/tools/StructureDefinition/ig-page-name"><valueUrl value="ValueSet-CodigoWhoFabricanteVS.html"/></extension><nameUrl value="ValueSet-CodigoWhoFabricanteVS.html"/><title value="Fabricantes Vacuna"/><generation value="generated"/></page><page><extension url="http://hl7.org/fhir/tools/StructureDefinition/ig-page-name"><valueUrl value="ValueSet-FormaFarmaceuticaVS.html"/></extension><nameUrl value="ValueSet-FormaFarmaceuticaVS.html"/><title value="Identificación Formas Farmacéuticas"/><generation value="generated"/></page><page><extension url="http://hl7.org/fhir/tools/StructureDefinition/ig-page-name"><valueUrl value="ValueSet-ModoConfirmacionInfeccionVS.html"/></extension><nameUrl value="ValueSet-ModoConfirmacionInfeccionVS.html"/><title value="Modos Confirmación Infección COVID-19"/><generation value="generated"/></page><page><extension url="http://hl7.org/fhir/tools/StructureDefinition/ig-page-name"><valueUrl value="ValueSet-ModoVerificacionVacunaVS.html"/></extension><nameUrl value="ValueSet-ModoVerificacionVacunaVS.html"/><title value="Modos Verificación Vacuna Previa"/><generation value="generated"/></page><page><extension url="http://hl7.org/fhir/tools/StructureDefinition/ig-page-name"><valueUrl value="ValueSet-ComplicacionEmbarazoOtroVS.html"/></extension><nameUrl value="ValueSet-ComplicacionEmbarazoOtroVS.html"/><title value="Otros Códigos Complicaciones en Embarazo ESAVI"/><generation value="generated"/></page><page><extension url="http://hl7.org/fhir/tools/StructureDefinition/ig-page-name"><valueUrl value="ValueSet-EsaviOtroVS.html"/></extension><nameUrl value="ValueSet-EsaviOtroVS.html"/><title value="Otros Códigos Evento Adverso"/><generation value="generated"/></page><page><extension url="http://hl7.org/fhir/tools/StructureDefinition/ig-page-name"><valueUrl value="ValueSet-RespuestaSiNoNosabeVS.html"/></extension><nameUrl value="ValueSet-RespuestaSiNoNosabeVS.html"/><title value="Respuestas Simples"/><generation value="generated"/></page><page><extension url="http://hl7.org/fhir/tools/StructureDefinition/ig-page-name"><valueUrl value="ValueSet-SistemasDeCodificacionVS.html"/></extension><nameUrl value="ValueSet-SistemasDeCodificacionVS.html"/><title value="Sistemas De Codificacion"/><generation value="generated"/></page><page><extension url="http://hl7.org/fhir/tools/StructureDefinition/ig-page-name"><valueUrl value="ValueSet-SistemaClasfCausalidadVS.html"/></extension><nameUrl value="ValueSet-SistemaClasfCausalidadVS.html"/><title value="Tipo de Método de clasificación de causalidad"/><generation value="generated"/></page><page><extension url="http://hl7.org/fhir/tools/StructureDefinition/ig-page-name"><valueUrl value="ValueSet-ProfesionalNotificadorVS.html"/></extension><nameUrl value="ValueSet-ProfesionalNotificadorVS.html"/><title value="Tipo de Profesional Notificador"/><generation value="generated"/></page><page><extension url="http://hl7.org/fhir/tools/StructureDefinition/ig-page-name"><valueUrl value="ValueSet-ViaAdminMedicamentoVS.html"/></extension><nameUrl value="ValueSet-ViaAdminMedicamentoVS.html"/><title value="Vías de Administración de Medicamentos"/><generation value="generated"/></page><page><extension url="http://hl7.org/fhir/tools/StructureDefinition/ig-page-name"><valueUrl value="CodeSystem-ClasificacionDesenlaceNaranjoCS.html"/></extension><nameUrl value="CodeSystem-ClasificacionDesenlaceNaranjoCS.html"/><title value="Clasificación de causalidad Naranjo"/><generation value="generated"/></page><page><extension url="http://hl7.org/fhir/tools/StructureDefinition/ig-page-name"><valueUrl value="CodeSystem-ClasificacionDesenlaceWHOAEFICS.html"/></extension><nameUrl value="CodeSystem-ClasificacionDesenlaceWHOAEFICS.html"/><title value="Clasificación de causalidad WHO-AEFI"/><generation value="generated"/></page><page><extension url="http://hl7.org/fhir/tools/StructureDefinition/ig-page-name"><valueUrl value="CodeSystem-ClasificacionDesenlaceWHOUMCCS.html"/></extension><nameUrl value="CodeSystem-ClasificacionDesenlaceWHOUMCCS.html"/><title value="Clasificación de causalidad WHO-UMC"/><generation value="generated"/></page><page><extension url="http://hl7.org/fhir/tools/StructureDefinition/ig-page-name"><valueUrl value="CodeSystem-ComplicacionEmbarazoCS.html"/></extension><nameUrl value="CodeSystem-ComplicacionEmbarazoCS.html"/><title value="Complicaciones de Embarazo"/><generation value="generated"/></page><page><extension url="http://hl7.org/fhir/tools/StructureDefinition/ig-page-name"><valueUrl value="CodeSystem-codPaisesCS.html"/></extension><nameUrl value="CodeSystem-codPaisesCS.html"/><title value="Códigos de Paises"/><generation value="generated"/></page><page><extension url="http://hl7.org/fhir/tools/StructureDefinition/ig-page-name"><valueUrl value="CodeSystem-DirOrgNotiCS.html"/></extension><nameUrl value="CodeSystem-DirOrgNotiCS.html"/><title value="Códigos PAHO para Direcciones"/><generation value="generated"/></page><page><extension url="http://hl7.org/fhir/tools/StructureDefinition/ig-page-name"><valueUrl value="CodeSystem-ClasificacionDesenlaceCS.html"/></extension><nameUrl value="CodeSystem-ClasificacionDesenlaceCS.html"/><title value="Desenlaces Tras ESAVI"/><generation value="generated"/></page><page><extension url="http://hl7.org/fhir/tools/StructureDefinition/ig-page-name"><valueUrl value="CodeSystem-CodigoWhoFabricanteCS.html"/></extension><nameUrl value="CodeSystem-CodigoWhoFabricanteCS.html"/><title value="Fabricante   Vacuna"/><generation value="generated"/></page><page><extension url="http://hl7.org/fhir/tools/StructureDefinition/ig-page-name"><valueUrl value="CodeSystem-ModoConfirmacionInfeccionCS.html"/></extension><nameUrl value="CodeSystem-ModoConfirmacionInfeccionCS.html"/><title value="Modo de Confirmación de la Infección"/><generation value="generated"/></page><page><extension url="http://hl7.org/fhir/tools/StructureDefinition/ig-page-name"><valueUrl value="CodeSystem-ModoVerificacionVacunaCS.html"/></extension><nameUrl value="CodeSystem-ModoVerificacionVacunaCS.html"/><title value="Modo de Verificación de Vacunación Previa"/><generation value="generated"/></page><page><extension url="http://hl7.org/fhir/tools/StructureDefinition/ig-page-name"><valueUrl value="CodeSystem-RespuestaSiNoNosabeCS.html"/></extension><nameUrl value="CodeSystem-RespuestaSiNoNosabeCS.html"/><title value="Respuestas Simples"/><generation value="generated"/></page><page><extension url="http://hl7.org/fhir/tools/StructureDefinition/ig-page-name"><valueUrl value="CodeSystem-SistemasDeCodificacionCS.html"/></extension><nameUrl value="CodeSystem-SistemasDeCodificacionCS.html"/><title value="Sistemas De Codificacion"/><generation value="generated"/></page><page><extension url="http://hl7.org/fhir/tools/StructureDefinition/ig-page-name"><valueUrl value="CodeSystem-SistemaClasfCausalidadCS.html"/></extension><nameUrl value="CodeSystem-SistemaClasfCausalidadCS.html"/><title value="Tipo de Método de clasificación de causalidad"/><generation value="generated"/></page><page><extension url="http://hl7.org/fhir/tools/StructureDefinition/ig-page-name"><valueUrl value="CodeSystem-ProfesionalNotificadorCS.html"/></extension><nameUrl value="CodeSystem-ProfesionalNotificadorCS.html"/><title value="Tipo de Profesional Notificador"/><generation value="generated"/></page><page><extension url="http://hl7.org/fhir/tools/StructureDefinition/ig-page-name"><valueUrl value="Questionnaire-CuestionarioESAVI.html"/></extension><nameUrl value="Questionnaire-CuestionarioESAVI.html"/><title value="Cuestionario ESAVI"/><generation value="generated"/></page><page><extension url="http://hl7.org/fhir/tools/StructureDefinition/ig-page-name"><valueUrl value="QuestionnaireResponse-ejDosNuevo.html"/></extension><nameUrl value="QuestionnaireResponse-ejDosNuevo.html"/><title value="ejDosNuevo"/><generation value="generated"/></page><page><extension url="http://hl7.org/fhir/tools/StructureDefinition/ig-page-name"><valueUrl value="QuestionnaireResponse-ejUnoNuevo.html"/></extension><nameUrl value="QuestionnaireResponse-ejUnoNuevo.html"/><title value="ejUnoNuevo"/><generation value="generated"/></page></page><page><extension url="http://hl7.org/fhir/tools/StructureDefinition/ig-page-name"><valueUrl value="mapeos.html"/></extension><nameUrl value="mapeos.html"/><title value="Mapeos"/><generation value="markdown"/></page><page><extension url="http://hl7.org/fhir/tools/StructureDefinition/ig-page-name"><valueUrl value="terminologias.html"/></extension><nameUrl value="terminologias.html"/><title value="Terminologias"/><generation value="markdown"/></page><page><extension url="http://hl7.org/fhir/tools/StructureDefinition/ig-page-name"><valueUrl value="descargas.html"/></extension><nameUrl value="descargas.html"/><title value="Descargas"/><generation value="markdown"/></page><page><extension url="http://hl7.org/fhir/tools/StructureDefinition/ig-page-name"><valueUrl value="generalidades.html"/></extension><nameUrl value="generalidades.html"/><title value="Generalidades"/><generation value="markdown"/></page><page><extension url="http://hl7.org/fhir/tools/StructureDefinition/ig-page-name"><valueUrl value="consideraciones.html"/></extension><nameUrl value="consideraciones.html"/><title value="Consideraciones"/><generation value="markdown"/></page><page><extension url="http://hl7.org/fhir/tools/StructureDefinition/ig-page-name"><valueUrl value="operaciones.html"/></extension><nameUrl value="operaciones.html"/><title value="Operaciones"/><generation value="markdown"/></page><page><extension url="http://hl7.org/fhir/tools/StructureDefinition/ig-page-name"><valueUrl value="seguridad.html"/></extension><nameUrl value="seguridad.html"/><title value="Seguridad"/><generation value="markdown"/></page></page><parameter><code value="path-resource"/><value value="input/capabilities"/></parameter><parameter><code value="path-resource"/><value value="input/examples"/></parameter><parameter><code value="path-resource"/><value value="input/extensions"/></parameter><parameter><code value="path-resource"/><value value="input/models"/></parameter><parameter><code value="path-resource"/><value value="input/operations"/></parameter><parameter><code value="path-resource"/><value value="input/profiles"/></parameter><parameter><code value="path-resource"/><value value="input/resources"/></parameter><parameter><code value="path-resource"/><value value="input/vocabulary"/></parameter><parameter><code value="path-resource"/><value value="input/maps"/></parameter><parameter><code value="path-resource"/><value value="input/testing"/></parameter><parameter><code value="path-resource"/><value value="input/history"/></parameter><parameter><code value="path-resource"/><value value="fsh-generated/resources"/></parameter><parameter><code value="path-pages"/><value value="template/config"/></parameter><parameter><code value="path-pages"/><value value="input/images"/></parameter><parameter><code value="path-tx-cache"/><value value="input-cache/txcache"/></parameter></definition></ImplementationGuide>