<?xml version="1.0" encoding="UTF-8"?><ValueSet xmlns="http://hl7.org/fhir"><id value="CodigoMedicamentoVS"/><text><status value="generated"/><div xmlns="http://www.w3.org/1999/xhtml"><p>This value set includes codes based on the following rules:</p><ul><li>Include codes from <a href="http://www.snomed.org/"><code>http://snomed.info/sct</code></a> where concept  is-a  105590001</li><li>Include all codes defined in <a href="http://www.whocc.no/atc"><code>http://www.whocc.no/atc</code></a></li><li>Include codes from <code>http://id.who.int/icd11/mms</code> where concept  is-a  XM4843</li></ul></div></text><url value="https://paho.org/fhir/esavi/ValueSet/CodigoMedicamentoVS"/><version value="0.1.41"/><name value="CodigoMedicamentoVS"/><title value="Codigo Medicamento"/><status value="active"/><date value="2021-03-11T00:00:00-03:00"/><publisher value="ESAVI -"/><contact><name value="ESAVI -"/><telecom><system value="url"/><value value="https://covid-19pharmacovigilance.paho.org/resources/updates-on-aefi"/></telecom><telecom><system value="email"/><value value="rizzatodan@paho.org"/></telecom></contact><description value="Codigo Medicamento"/><jurisdiction><coding><system value="http://unstats.un.org/unsd/methods/m49/m49.htm"/><code value="001"/></coding></jurisdiction><compose><include><system value="http://snomed.info/sct"/><filter><property value="concept"/><op value="is-a"/><value value="105590001"/></filter></include><include><system value="http://www.whocc.no/atc"/></include><include><system value="http://id.who.int/icd11/mms"/><filter><property value="concept"/><op value="is-a"/><value value="XM4843"/></filter></include></compose></ValueSet>