<?xml version="1.0" encoding="UTF-8"?><ValueSet xmlns="http://hl7.org/fhir"><id value="ProfesionalNotificadorVS"/><text><status value="generated"/><div xmlns="http://www.w3.org/1999/xhtml"><ul><li>Include all codes defined in <a href="CodeSystem-ProfesionalNotificadorCS.html"><code>https://paho.org/fhir/esavi/CodeSystem/ProfesionalNotificadorCS</code></a></li></ul></div></text><url value="https://paho.org/fhir/esavi/ValueSet/ProfesionalNotificadorVS"/><version value="0.1.41"/><name value="ProfesionalNotificadorVS"/><title value="Tipo de Profesional Notificador"/><status value="active"/><date value="2022-02-02"/><publisher value="ESAVI -"/><contact><name value="ESAVI -"/><telecom><system value="url"/><value value="https://covid-19pharmacovigilance.paho.org/resources/updates-on-aefi"/></telecom><telecom><system value="email"/><value value="rizzatodan@paho.org"/></telecom></contact><description value="Códigos de Tipo de Notificadores de ESAVI para PAHO"/><jurisdiction><coding><system value="http://unstats.un.org/unsd/methods/m49/m49.htm"/><code value="001"/></coding></jurisdiction><compose><include><system value="https://paho.org/fhir/esavi/CodeSystem/ProfesionalNotificadorCS"/></include></compose></ValueSet>