<?xml version="1.0" encoding="UTF-8"?><ValueSet xmlns="http://hl7.org/fhir"><id value="FormaFarmaceuticaVS"/><text><status value="generated"/><div xmlns="http://www.w3.org/1999/xhtml"><ul><li>Include codes from <a href="http://www.snomed.org/"><code>http://snomed.info/sct</code></a> where concept  is-a  736478001 (null)</li></ul></div></text><url value="https://paho.org/fhir/esavi/ValueSet/FormaFarmaceuticaVS"/><version value="0.1.3409"/><name value="FormaFarmaceuticaVS"/><title value="Identificación Formas Farmacéuticas"/><status value="active"/><date value="2021-03-11T00:00:00-03:00"/><publisher value="ESAVI -"/><contact><name value="ESAVI -"/><telecom><system value="url"/><value value="https://covid-19pharmacovigilance.paho.org/resources/updates-on-aefi"/></telecom><telecom><system value="email"/><value value="rizzatodan@paho.org"/></telecom></contact><description value="Describe y lista las formas farmaceuticas de medicamentos para registro en ESAVI segun SNOMED CT"/><jurisdiction><coding><system value="http://unstats.un.org/unsd/methods/m49/m49.htm"/><code value="001"/></coding></jurisdiction><compose><include><system value="http://snomed.info/sct"/><filter><property value="concept"/><op value="is-a"/><value value="736478001"/></filter></include></compose></ValueSet>