<?xml version="1.0" encoding="UTF-8"?><ValueSet xmlns="http://hl7.org/fhir"><id value="CodigoWhoVacunaVS"/><text><status value="generated"/><div xmlns="http://www.w3.org/1999/xhtml"><p class="res-header-id"><b>Generated Narrative: ValueSet CodigoWhoVacunaVS</b></p><a name="CodigoWhoVacunaVS"> </a><a name="hcCodigoWhoVacunaVS"> </a><a name="CodigoWhoVacunaVS-en-US"> </a><ul><li>Include all codes defined in <a href="CodeSystem-WHODrugDCCS.html"><code>https://paho.org/fhir/esavi/CodeSystem/WHODrugDCCS</code></a></li></ul></div></text><url value="https://paho.org/fhir/esavi/ValueSet/CodigoWhoVacunaVS"/><version value="0.2.0"/><name value="CodigoWhoVacunaVS"/><title value="Codigo WHODrug de la vacuna"/><status value="active"/><experimental value="false"/><date value="2021-03-11T00:00:00-03:00"/><publisher value="ESAVI -"/><contact><name value="ESAVI -"/><telecom><system value="url"/><value value="https://covid-19pharmacovigilance.paho.org/resources/updates-on-aefi"/></telecom><telecom><system value="email"/><value value="rizzatodan@paho.org"/></telecom></contact><description value="Codificación Estandarizda del código de las Vacunas según WhoDrug"/><jurisdiction><coding><system value="http://unstats.un.org/unsd/methods/m49/m49.htm"/><code value="001"/></coding></jurisdiction><compose><include><system value="https://paho.org/fhir/esavi/CodeSystem/WHODrugDCCS"/></include></compose></ValueSet>