[
  {
    "id": "ClasificacionDesenlaceCS",
    "type": "CodeSystem",
    "url": "http://paho.org/esavi/CodeSystem/ClasificacionDesenlaceCS",
    "version": "0.1.0",
    "name": "ClasificacionDesenlaceCS"
  },
  {
    "id": "ClasificacionDesenlaceWHOAEFICS",
    "type": "CodeSystem",
    "url": "http://paho.org/esavi/CodeSystem/ClasificacionDesenlaceWHOAEFICS",
    "version": "0.1.0",
    "name": "ClasificacionDesenlaceWHOAEFICS"
  },
  {
    "id": "ClasificacionDesenlaceWHONaranjoCS",
    "type": "CodeSystem",
    "url": "http://paho.org/esavi/CodeSystem/ClasificacionDesenlaceWHONaranjoCS",
    "version": "0.1.0",
    "name": "ClasificacionDesenlaceWHONaranjoCS"
  },
  {
    "id": "ClasificacionDesenlaceWHOUMCCS",
    "type": "CodeSystem",
    "url": "http://paho.org/esavi/CodeSystem/ClasificacionDesenlaceWHOUMCCS",
    "version": "0.1.0",
    "name": "ClasificacionDesenlaceWHOUMCCS"
  },
  {
    "id": "CodigoMedicamentoCS",
    "type": "CodeSystem",
    "url": "http://paho.org/esavi/CodeSystem/CodigoMedicamentoCS",
    "version": "0.1.0",
    "name": "CodigoMedicamentoCS"
  },
  {
    "id": "CodigoNoWhoVacunaCS",
    "type": "CodeSystem",
    "url": "http://paho.org/esavi/CodeSystem/CodigoNoWhoVacunaCS",
    "version": "0.1.0",
    "name": "CodigoNoWhoVacunaCS"
  },
  {
    "id": "CodigoWhoFabricanteCS",
    "type": "CodeSystem",
    "url": "http://paho.org/esavi/CodeSystem/CodigoWhoFabricanteCS",
    "version": "0.1.0",
    "name": "CodigoWhoFabricanteCS"
  },
  {
    "id": "ComplicacionEmbarazoCS",
    "type": "CodeSystem",
    "url": "http://paho.org/esavi/CodeSystem/ComplicacionEmbarazoCS",
    "version": "0.1.0",
    "name": "ComplicacionEmbarazoCS"
  },
  {
    "id": "DirOrgNotiCS",
    "type": "CodeSystem",
    "url": "http://paho.org/esavi/CodeSystem/DirOrgNotiCS",
    "version": "0.1.0",
    "name": "DirOrgNotiCS"
  },
  {
    "id": "DosisVacunaCS",
    "type": "CodeSystem",
    "url": "http://paho.org/esavi/CodeSystem/DosisVacunaCS",
    "version": "0.1.0",
    "name": "DosisVacunaCS"
  },
  {
    "id": "EventoAdversoVacunaCS",
    "type": "CodeSystem",
    "url": "http://paho.org/esavi/CodeSystem/EventoAdversoVacunaCS",
    "version": "0.1.0",
    "name": "EventoAdversoVacunaCS"
  },
  {
    "id": "GrupoEtnicoCS",
    "type": "CodeSystem",
    "url": "http://paho.org/esavi/CodeSystem/GrupoEtnicoCS",
    "version": "0.1.0",
    "name": "GrupoEtnicoCS"
  },
  {
    "id": "InvestigacionTipoCS",
    "type": "CodeSystem",
    "url": "http://paho.org/esavi/CodeSystem/InvestigacionTipoCS",
    "version": "0.1.0",
    "name": "InvestigacionTipoCS"
  },
  {
    "id": "ModoConfirmacionInfeccionCS",
    "type": "CodeSystem",
    "url": "http://paho.org/esavi/CodeSystem/ModoConfirmacionInfeccionCS",
    "version": "0.1.0",
    "name": "ModoConfirmacionInfeccionCS"
  },
  {
    "id": "ModoVerificacionVacunaCS",
    "type": "CodeSystem",
    "url": "http://paho.org/esavi/CodeSystem/ModoVerificacionVacunaCS",
    "version": "0.1.0",
    "name": "ModoVerificacionVacunaCS"
  },
  {
    "id": "ProfesionalNotificadorCS",
    "type": "CodeSystem",
    "url": "http://paho.org/esavi/CodeSystem/ProfesionalNotificadorCS",
    "version": "0.1.0",
    "name": "ProfesionalNotificadorCS"
  },
  {
    "id": "RespuestaSiNoNosabeCS",
    "type": "CodeSystem",
    "url": "http://paho.org/esavi/CodeSystem/RespuestaSiNoNosabeCS",
    "version": "0.1.0",
    "name": "RespuestaSiNoNosabeCS"
  },
  {
    "id": "RespuestaVerdaderoFalsoCS",
    "type": "CodeSystem",
    "url": "http://paho.org/esavi/CodeSystem/RespuestaVerdaderoFalsoCS",
    "version": "0.1.0",
    "name": "RespuestaVerdaderoFalsoCS"
  },
  {
    "id": "SeccionesNotificacionCS",
    "type": "CodeSystem",
    "url": "http://paho.org/esavi/CodeSystem/SeccionesNotificacionCS",
    "version": "0.1.0",
    "name": "SeccionesNotificacionCS"
  },
  {
    "id": "SistemaClasfCausalidadCS",
    "type": "CodeSystem",
    "url": "http://paho.org/esavi/CodeSystem/SistemaClasfCausalidadCS",
    "version": "0.1.0",
    "name": "SistemaClasfCausalidadCS"
  },
  {
    "id": "SistemasDeCodificacionCS",
    "type": "CodeSystem",
    "url": "http://paho.org/esavi/CodeSystem/SistemasDeCodificacionCS",
    "version": "0.1.0",
    "name": "SistemasDeCodificacionCS"
  },
  {
    "id": "uv.esavi",
    "type": "ImplementationGuide",
    "url": "http://paho.org/esavi/ImplementationGuide/uv.esavi",
    "version": "0.1.0",
    "name": "ESAVI"
  },
  {
    "id": "EjemploQuestionnaireEsavi",
    "type": "Questionnaire",
    "url": "http://paho.org/esavi/Questionnaire/EjemploQuestionnaireEsavi",
    "version": "0.1.0",
    "name": "OPSQuestionarioESAVI"
  },
  {
    "id": "ESAVIQuestionnaireResponse",
    "type": "StructureDefinition",
    "url": "http://paho.org/esavi/StructureDefinition/ESAVIQuestionnaireResponse",
    "version": "0.1.0",
    "name": "ESAVIQuestionnaireResponse"
  },
  {
    "id": "ClasificacionDesenlaceVS",
    "type": "ValueSet",
    "url": "http://paho.org/esavi/ValueSet/ClasificacionDesenlaceVS",
    "version": "0.1.0",
    "name": "ClasificacionDesenlaceVS"
  },
  {
    "id": "ClasificacionDesenlaceWHOAEFIVS",
    "type": "ValueSet",
    "url": "http://paho.org/esavi/ValueSet/ClasificacionDesenlaceWHOAEFIVS",
    "version": "0.1.0",
    "name": "ClasificacionDesenlaceWHOAEFIVS"
  },
  {
    "id": "ClasificacionDesenlaceWHONaranjoVS",
    "type": "ValueSet",
    "url": "http://paho.org/esavi/ValueSet/ClasificacionDesenlaceWHONaranjoVS",
    "version": "0.1.0",
    "name": "ClasificacionDesenlaceWHONaranjoVS"
  },
  {
    "id": "ClasificacionDesenlaceWHOUMCVS",
    "type": "ValueSet",
    "url": "http://paho.org/esavi/ValueSet/ClasificacionDesenlaceWHOUMCVS",
    "version": "0.1.0",
    "name": "ClasificacionDesenlaceWHOUMCVS"
  },
  {
    "id": "CodPaises",
    "type": "ValueSet",
    "url": "http://paho.org/esavi/ValueSet/CodPaises",
    "version": "0.1.0",
    "name": "CodPaises"
  },
  {
    "id": "CodigoMedDRAEnfPreviaVS",
    "type": "ValueSet",
    "url": "http://paho.org/esavi/ValueSet/CodigoMedDRAEnfPreviaVS",
    "version": "0.1.0",
    "name": "CodigoMedDRAEnfPreviaVS"
  },
  {
    "id": "CodigoMedicamentoVS",
    "type": "ValueSet",
    "url": "http://paho.org/esavi/ValueSet/CodigoMedicamentoVS",
    "version": "0.1.0",
    "name": "CodigoMedicamentoVS"
  },
  {
    "id": "CodigoNoWhoVacunaVS",
    "type": "ValueSet",
    "url": "http://paho.org/esavi/ValueSet/CodigoNoWhoVacunaVS",
    "version": "0.1.0",
    "name": "CodigoNoWhoVacunaVS"
  },
  {
    "id": "CodigoOtroVacunaVS",
    "type": "ValueSet",
    "url": "http://paho.org/esavi/ValueSet/CodigoOtroVacunaVS",
    "version": "0.1.0",
    "name": "CodigoOtroVacunaVS"
  },
  {
    "id": "CodigoWhoFabricanteVS",
    "type": "ValueSet",
    "url": "http://paho.org/esavi/ValueSet/CodigoWhoFabricanteVS",
    "version": "0.1.0",
    "name": "CodigoWhoFabricanteVS"
  },
  {
    "id": "CodigoWhoVacunaVS",
    "type": "ValueSet",
    "url": "http://paho.org/esavi/ValueSet/CodigoWhoVacunaVS",
    "version": "0.1.0",
    "name": "CodigoWhoVacunaVS"
  },
  {
    "id": "ComplicacionEmbarazoMedDRAVS",
    "type": "ValueSet",
    "url": "http://paho.org/esavi/ValueSet/ComplicacionEmbarazoMedDRAVS",
    "version": "0.1.0",
    "name": "ComplicacionEmbarazoMedDRAVS"
  },
  {
    "id": "ComplicacionEmbarazoOtroVS",
    "type": "ValueSet",
    "url": "http://paho.org/esavi/ValueSet/ComplicacionEmbarazoOtroVS",
    "version": "0.1.0",
    "name": "ComplicacionEmbarazoOtroVS"
  },
  {
    "id": "ComplicacionEmbarazoVS",
    "type": "ValueSet",
    "url": "http://paho.org/esavi/ValueSet/ComplicacionEmbarazoVS",
    "version": "0.1.0",
    "name": "ComplicacionEmbarazoVS"
  },
  {
    "id": "DirOrgNotiVS",
    "type": "ValueSet",
    "url": "http://paho.org/esavi/ValueSet/DirOrgNotiVS",
    "version": "0.1.0",
    "name": "DirOrgNotiVS"
  },
  {
    "id": "DosisVacunaVS",
    "type": "ValueSet",
    "url": "http://paho.org/esavi/ValueSet/DosisVacunaVS",
    "version": "0.1.0",
    "name": "DosisVacunaVS"
  },
  {
    "id": "EnfermedadesPreviasCodificacionVS",
    "type": "ValueSet",
    "url": "http://paho.org/esavi/ValueSet/EnfermedadesPreviasCodificacionVS",
    "version": "0.1.0",
    "name": "EnfermedadesPreviasCodificacionVS"
  },
  {
    "id": "EsaviMedDRAVS",
    "type": "ValueSet",
    "url": "http://paho.org/esavi/ValueSet/EsaviMedDRAVS",
    "version": "0.1.0",
    "name": "EsaviMedDRAVS"
  },
  {
    "id": "EsaviOtroVS",
    "type": "ValueSet",
    "url": "http://paho.org/esavi/ValueSet/EsaviOtroVS",
    "version": "0.1.0",
    "name": "EsaviOtroVS"
  },
  {
    "id": "EventoAdversoVacunaVS",
    "type": "ValueSet",
    "url": "http://paho.org/esavi/ValueSet/EventoAdversoVacunaVS",
    "version": "0.1.0",
    "name": "EventoAdversoVacunaVS"
  },
  {
    "id": "FormaFarmaceuticaVS",
    "type": "ValueSet",
    "url": "http://paho.org/esavi/ValueSet/FormaFarmaceuticaVS",
    "version": "0.1.0",
    "name": "FormaFarmaceuticaVS"
  },
  {
    "id": "GrupoEtnicoVS",
    "type": "ValueSet",
    "url": "http://paho.org/esavi/ValueSet/GrupoEtnicoVS",
    "version": "0.1.0",
    "name": "GrupoEtnicoVS"
  },
  {
    "id": "InvestigacionTipoVS",
    "type": "ValueSet",
    "url": "http://paho.org/esavi/ValueSet/InvestigacionTipoVS",
    "version": "0.1.0",
    "name": "InvestigacionTipoVS"
  },
  {
    "id": "MedicamentoGenericoVS",
    "type": "ValueSet",
    "url": "http://paho.org/esavi/ValueSet/MedicamentoGenericoVS",
    "version": "0.1.0",
    "name": "MedicamentoGenericoVS"
  },
  {
    "id": "MedicamentoOtroVS",
    "type": "ValueSet",
    "url": "http://paho.org/esavi/ValueSet/MedicamentoOtroVS",
    "version": "0.1.0",
    "name": "MedicamentoOtroVS"
  },
  {
    "id": "ModoConfirmacionInfeccionVS",
    "type": "ValueSet",
    "url": "http://paho.org/esavi/ValueSet/ModoConfirmacionInfeccionVS",
    "version": "0.1.0",
    "name": "ModoConfirmacionInfeccionVS"
  },
  {
    "id": "ModoVerificacionVacunaVS",
    "type": "ValueSet",
    "url": "http://paho.org/esavi/ValueSet/ModoVerificacionVacunaVS",
    "version": "0.1.0",
    "name": "ModoVerificacionVacunaVS"
  },
  {
    "id": "NombreComercialMedicamentoVS",
    "type": "ValueSet",
    "url": "http://paho.org/esavi/ValueSet/NombreComercialMedicamentoVS",
    "version": "0.1.0",
    "name": "NombreComercialMEdicamentoVS"
  },
  {
    "id": "NombreComercialVacunaVS",
    "type": "ValueSet",
    "url": "http://paho.org/esavi/ValueSet/NombreComercialVacunaVS",
    "version": "0.1.0",
    "name": "NombreComercialVacunaVS"
  },
  {
    "id": "ProfesionalNotificadorVS",
    "type": "ValueSet",
    "url": "http://paho.org/esavi/ValueSet/ProfesionalNotificadorVS",
    "version": "0.1.0",
    "name": "ProfesionalNotificadorVS"
  },
  {
    "id": "RespuestaSiNoNosabeVS",
    "type": "ValueSet",
    "url": "http://paho.org/esavi/ValueSet/RespuestaSiNoNosabeVS",
    "version": "0.1.0",
    "name": "RespuestaSiNoNosabeVS"
  },
  {
    "id": "RespuestaVerdaderoFalsoVS",
    "type": "ValueSet",
    "url": "http://paho.org/esavi/ValueSet/RespuestaVerdaderoFalsoVS",
    "version": "0.1.0",
    "name": "RespuestaVerdaderoFalsoVS"
  },
  {
    "id": "SeccionesNotificacionVS",
    "type": "ValueSet",
    "url": "http://paho.org/esavi/ValueSet/SeccionesNotificacionVS",
    "version": "0.1.0",
    "name": "SeccionesNotificacionVS"
  },
  {
    "id": "SistemaClasfCausalidadVS",
    "type": "ValueSet",
    "url": "http://paho.org/esavi/ValueSet/SistemaClasfCausalidadVS",
    "version": "0.1.0",
    "name": "SistemaClasfCausalidadVS"
  },
  {
    "id": "SistemasDeCodificacionVS",
    "type": "ValueSet",
    "url": "http://paho.org/esavi/ValueSet/SistemasDeCodificacionVS",
    "version": "0.1.0",
    "name": "SistemasDeCodificacionVS"
  },
  {
    "id": "SustanciaActivaVS",
    "type": "ValueSet",
    "url": "http://paho.org/esavi/ValueSet/SustanciaActivaVS",
    "version": "0.1.0",
    "name": "SustanciaActivaVS"
  },
  {
    "id": "ViaAdminMedicamentoVS",
    "type": "ValueSet",
    "url": "http://paho.org/esavi/ValueSet/ViaAdminMedicamentoVS",
    "version": "0.1.0",
    "name": "ViaAdminMedicamentoVS"
  }
]