<?xml version="1.0" encoding="UTF-8"?>

<CodeSystem xmlns="http://hl7.org/fhir">
  <id value="CodigoMedicamentoCS"/>
  <text>
    <status value="generated"/><div xmlns="http://www.w3.org/1999/xhtml"><p>This code system <code>http://paho.org/esavi/CodeSystem/CodigoMedicamentoCS</code> defines the following codes:</p><table class="codes"><tr><td style="white-space:nowrap"><b>Code</b></td><td><b>Display</b></td></tr><tr><td style="white-space:nowrap">1<a name="CodigoMedicamentoCS-1"> </a></td><td>Uno</td></tr><tr><td style="white-space:nowrap">2<a name="CodigoMedicamentoCS-2"> </a></td><td>Dos</td></tr><tr><td style="white-space:nowrap">3<a name="CodigoMedicamentoCS-3"> </a></td><td>Tres</td></tr><tr><td style="white-space:nowrap">4<a name="CodigoMedicamentoCS-4"> </a></td><td>Cuatro</td></tr></table></div>
  </text>
  <url value="http://paho.org/esavi/CodeSystem/CodigoMedicamentoCS"/>
  <version value="0.1.0"/>
  <name value="CodigoMedicamentoCS"/>
  <title value="Codigo Medicamento"/>
  <status value="active"/>
  <date value="2021-03-11T00:00:00-03:00"/>
  <publisher value="ESAVI -"/>
  <contact>
    <name value="ESAVI -"/>
    <telecom>
      <system value="url"/>
      <value value="https://covid-19pharmacovigilance.paho.org/resources/updates-on-aefi"/>
    </telecom>
    <telecom>
      <system value="email"/>
      <value value="rizzatodan@paho.org"/>
    </telecom>
  </contact>
  <description value="Codigo Medicamento"/>
  <jurisdiction>
    <coding>
      <system value="http://unstats.un.org/unsd/methods/m49/m49.htm"/>
      <code value="001"/>
    </coding>
  </jurisdiction>
  <content value="complete"/>
  <count value="4"/>
  <concept>
    <code value="1"/>
    <display value="Uno"/>
  </concept>
  <concept>
    <code value="2"/>
    <display value="Dos"/>
  </concept>
  <concept>
    <code value="3"/>
    <display value="Tres"/>
  </concept>
  <concept>
    <code value="4"/>
    <display value="Cuatro"/>
  </concept>
</CodeSystem>