{
  "resourceType": "CodeSystem",
  "id": "ClasificacionDesenlaceWHOUMCCS",
  "text": {
    "status": "generated",
    "div": "<div xmlns=\"http://www.w3.org/1999/xhtml\"><p>This code system <code>http://paho.org/esavi/CodeSystem/ClasificacionDesenlaceWHOUMCCS</code> defines the following codes:</p><table class=\"codes\"><tr><td style=\"white-space:nowrap\"><b>Code</b></td><td><b>Display</b></td></tr><tr><td style=\"white-space:nowrap\">01<a name=\"ClasificacionDesenlaceWHOUMCCS-01\"> </a></td><td>Definitivo</td></tr><tr><td style=\"white-space:nowrap\">02<a name=\"ClasificacionDesenlaceWHOUMCCS-02\"> </a></td><td>Probable</td></tr><tr><td style=\"white-space:nowrap\">03<a name=\"ClasificacionDesenlaceWHOUMCCS-03\"> </a></td><td>Posible</td></tr><tr><td style=\"white-space:nowrap\">04<a name=\"ClasificacionDesenlaceWHOUMCCS-04\"> </a></td><td>Improbable</td></tr><tr><td style=\"white-space:nowrap\">05<a name=\"ClasificacionDesenlaceWHOUMCCS-05\"> </a></td><td>Condicional / No clasificado</td></tr><tr><td style=\"white-space:nowrap\">06<a name=\"ClasificacionDesenlaceWHOUMCCS-06\"> </a></td><td>No evaluable / No clasificable</td></tr></table></div>"
  },
  "url": "http://paho.org/esavi/CodeSystem/ClasificacionDesenlaceWHOUMCCS",
  "version": "0.1.0",
  "name": "ClasificacionDesenlaceWHOUMCCS",
  "title": "Clasificación de causalidad WHO-UMC",
  "status": "active",
  "date": "2021-03-11T00:00:00-03:00",
  "publisher": "ESAVI -",
  "contact": [
    {
      "name": "ESAVI -",
      "telecom": [
        {
          "system": "url",
          "value": "https://covid-19pharmacovigilance.paho.org/resources/updates-on-aefi"
        },
        {
          "system": "email",
          "value": "rizzatodan@paho.org"
        }
      ]
    }
  ],
  "description": "Método de clasificación de causalidad WHO-UMC",
  "jurisdiction": [
    {
      "coding": [
        {
          "system": "http://unstats.un.org/unsd/methods/m49/m49.htm",
          "code": "001"
        }
      ]
    }
  ],
  "content": "complete",
  "count": 6,
  "concept": [
    {
      "code": "01",
      "display": "Definitivo"
    },
    {
      "code": "02",
      "display": "Probable"
    },
    {
      "code": "03",
      "display": "Posible"
    },
    {
      "code": "04",
      "display": "Improbable"
    },
    {
      "code": "05",
      "display": "Condicional / No clasificado"
    },
    {
      "code": "06",
      "display": "No evaluable / No clasificable"
    }
  ]
}