<?xml version="1.0" encoding="UTF-8"?>

<ValueSet xmlns="http://hl7.org/fhir">
  <id value="ComplicacionEmbarazoMedDRAVS"/>
  <text>
    <status value="generated"/><div xmlns="http://www.w3.org/1999/xhtml"><ul><li>Include all codes defined in <a href="http://terminology.hl7.org/4.0.0/CodeSystem-mdr.html"><code>http://terminology.hl7.org/CodeSystem/mdr</code></a></li></ul></div>
  </text>
  <url value="http://paho.org/esavi/ValueSet/ComplicacionEmbarazoMedDRAVS"/>
  <version value="0.1.0"/>
  <name value="ComplicacionEmbarazoMedDRAVS"/>
  <title value="Códigos MEDRA Complicaciones en Embarazo ESAVI "/>
  <status value="active"/>
  <date value="2022-09-19T00:01:02-03:00"/>
  <publisher value="ESAVI -"/>
  <contact>
    <name value="ESAVI -"/>
    <telecom>
      <system value="url"/>
      <value value="https://covid-19pharmacovigilance.paho.org/resources/updates-on-aefi"/>
    </telecom>
    <telecom>
      <system value="email"/>
      <value value="rizzatodan@paho.org"/>
    </telecom>
  </contact>
  <description value="Codificacion Estandarizada de diagnóticos de complicaciones de embarazo mediante códigos MedDRA"/>
  <jurisdiction>
    <coding>
      <system value="http://unstats.un.org/unsd/methods/m49/m49.htm"/>
      <code value="001"/>
    </coding>
  </jurisdiction>
  <compose>
    <include>
      <system value="http://terminology.hl7.org/CodeSystem/mdr"/>
    </include>
  </compose>
</ValueSet>