[
  {
    "id" : "ClasificacionDesenlaceCS",
    "type" : "CodeSystem",
    "url" : "https://paho.org/fhir/esavi/CodeSystem/ClasificacionDesenlaceCS",
    "version" : "0.1.42",
    "name" : "ClasificacionDesenlaceCS"
  },
  {
    "id" : "ClasificacionDesenlaceNaranjoCS",
    "type" : "CodeSystem",
    "url" : "https://paho.org/fhir/esavi/CodeSystem/ClasificacionDesenlaceNaranjoCS",
    "version" : "0.1.42",
    "name" : "ClasificacionDesenlaceNaranjoCS"
  },
  {
    "id" : "ClasificacionDesenlaceWHOAEFICS",
    "type" : "CodeSystem",
    "url" : "https://paho.org/fhir/esavi/CodeSystem/ClasificacionDesenlaceWHOAEFICS",
    "version" : "0.1.42",
    "name" : "ClasificacionDesenlaceWHOAEFICS"
  },
  {
    "id" : "ClasificacionDesenlaceWHOUMCCS",
    "type" : "CodeSystem",
    "url" : "https://paho.org/fhir/esavi/CodeSystem/ClasificacionDesenlaceWHOUMCCS",
    "version" : "0.1.42",
    "name" : "ClasificacionDesenlaceWHOUMCCS"
  },
  {
    "id" : "CodigoWhoFabricanteCS",
    "type" : "CodeSystem",
    "url" : "https://paho.org/fhir/esavi/CodeSystem/CodigoWhoFabricanteCS",
    "version" : "0.1.42",
    "name" : "CodigoWhoFabricanteCS"
  },
  {
    "id" : "ComplicacionEmbarazoCS",
    "type" : "CodeSystem",
    "url" : "https://paho.org/fhir/esavi/CodeSystem/ComplicacionEmbarazoCS",
    "version" : "0.1.42",
    "name" : "ComplicacionEmbarazoCS"
  },
  {
    "id" : "DirOrgNotiCS",
    "type" : "CodeSystem",
    "url" : "https://paho.org/fhir/esavi/CodeSystem/DirOrgNotiCS",
    "version" : "0.1.42",
    "name" : "DirOrgNotiCS"
  },
  {
    "id" : "ModoConfirmacionInfeccionCS",
    "type" : "CodeSystem",
    "url" : "https://paho.org/fhir/esavi/CodeSystem/ModoConfirmacionInfeccionCS",
    "version" : "0.1.42",
    "name" : "ModoConfirmacionInfeccionCS"
  },
  {
    "id" : "ModoVerificacionVacunaCS",
    "type" : "CodeSystem",
    "url" : "https://paho.org/fhir/esavi/CodeSystem/ModoVerificacionVacunaCS",
    "version" : "0.1.42",
    "name" : "ModoVerificacionVacunaCS"
  },
  {
    "id" : "ProfesionalNotificadorCS",
    "type" : "CodeSystem",
    "url" : "https://paho.org/fhir/esavi/CodeSystem/ProfesionalNotificadorCS",
    "version" : "0.1.42",
    "name" : "ProfesionalNotificadorCS"
  },
  {
    "id" : "RespuestaSiNoNosabeCS",
    "type" : "CodeSystem",
    "url" : "https://paho.org/fhir/esavi/CodeSystem/RespuestaSiNoNosabeCS",
    "version" : "0.1.42",
    "name" : "RespuestaSiNoNosabeCS"
  },
  {
    "id" : "SistemaClasfCausalidadCS",
    "type" : "CodeSystem",
    "url" : "https://paho.org/fhir/esavi/CodeSystem/SistemaClasfCausalidadCS",
    "version" : "0.1.42",
    "name" : "SistemaClasfCausalidadCS"
  },
  {
    "id" : "SistemasDeCodificacionCS",
    "type" : "CodeSystem",
    "url" : "https://paho.org/fhir/esavi/CodeSystem/SistemasDeCodificacionCS",
    "version" : "0.1.42",
    "name" : "SistemasDeCodificacionCS"
  },
  {
    "id" : "WHODrugDC",
    "type" : "CodeSystem",
    "url" : "https://paho.org/fhir/esavi/CodeSystem/WHODrugDC",
    "version" : "0.1.42",
    "name" : "WHODrugDC"
  },
  {
    "id" : "WHODrugPMID",
    "type" : "CodeSystem",
    "url" : "https://paho.org/fhir/esavi/CodeSystem/WHODrugPMID",
    "version" : "0.1.42",
    "name" : "WHODrugPMID"
  },
  {
    "id" : "codPaisesCS",
    "type" : "CodeSystem",
    "url" : "https://paho.org/fhir/esavi/CodeSystem/codPaisesCS",
    "version" : "0.1.42",
    "name" : "CodPaisesCS"
  },
  {
    "id" : "uv.esavi",
    "type" : "ImplementationGuide",
    "url" : "https://paho.org/fhir/esavi/ImplementationGuide/uv.esavi",
    "version" : "0.1.42",
    "name" : "ESAVI"
  },
  {
    "id" : "CuestionarioESAVI",
    "type" : "Questionnaire",
    "url" : "https://paho.org/fhir/esavi/Questionnaire/CuestionarioESAVI",
    "version" : "0.1.42",
    "name" : "OPSQuestionarioESAVI"
  },
  {
    "id" : "ESAVIQuestionnaireResponse",
    "type" : "StructureDefinition",
    "url" : "https://paho.org/fhir/esavi/StructureDefinition/ESAVIQuestionnaireResponse",
    "version" : "0.1.42",
    "name" : "ESAVIQuestionnaireResponse"
  },
  {
    "id" : "ClasificacionDesenlaceNaranjoVS",
    "type" : "ValueSet",
    "url" : "https://paho.org/fhir/esavi/ValueSet/ClasificacionDesenlaceNaranjoVS",
    "version" : "0.1.42",
    "name" : "ClasificacionDesenlaceNaranjoVS"
  },
  {
    "id" : "ClasificacionDesenlaceVS",
    "type" : "ValueSet",
    "url" : "https://paho.org/fhir/esavi/ValueSet/ClasificacionDesenlaceVS",
    "version" : "0.1.42",
    "name" : "ClasificacionDesenlaceVS"
  },
  {
    "id" : "ClasificacionDesenlaceWHOAEFIVS",
    "type" : "ValueSet",
    "url" : "https://paho.org/fhir/esavi/ValueSet/ClasificacionDesenlaceWHOAEFIVS",
    "version" : "0.1.42",
    "name" : "ClasificacionDesenlaceWHOAEFIVS"
  },
  {
    "id" : "ClasificacionDesenlaceWHOUMCVS",
    "type" : "ValueSet",
    "url" : "https://paho.org/fhir/esavi/ValueSet/ClasificacionDesenlaceWHOUMCVS",
    "version" : "0.1.42",
    "name" : "ClasificacionDesenlaceWHOUMCVS"
  },
  {
    "id" : "CodigoMedDRAEnfPreviaVS",
    "type" : "ValueSet",
    "url" : "https://paho.org/fhir/esavi/ValueSet/CodigoMedDRAEnfPreviaVS",
    "version" : "0.1.42",
    "name" : "CodigoMedDRAEnfPreviaVS"
  },
  {
    "id" : "CodigoMedicamentoVS",
    "type" : "ValueSet",
    "url" : "https://paho.org/fhir/esavi/ValueSet/CodigoMedicamentoVS",
    "version" : "0.1.42",
    "name" : "CodigoMedicamentoVS"
  },
  {
    "id" : "CodigoNoWhoVacunaVS",
    "type" : "ValueSet",
    "url" : "https://paho.org/fhir/esavi/ValueSet/CodigoNoWhoVacunaVS",
    "version" : "0.1.42",
    "name" : "CodigoNoWhoVacunaVS"
  },
  {
    "id" : "CodigoWhoFabricanteVS",
    "type" : "ValueSet",
    "url" : "https://paho.org/fhir/esavi/ValueSet/CodigoWhoFabricanteVS",
    "version" : "0.1.42",
    "name" : "CodigoWhoFabricanteVS"
  },
  {
    "id" : "CodigoWhoVacunaVS",
    "type" : "ValueSet",
    "url" : "https://paho.org/fhir/esavi/ValueSet/CodigoWhoVacunaVS",
    "version" : "0.1.42",
    "name" : "CodigoWhoVacunaVS"
  },
  {
    "id" : "ComplicacionEmbarazoMedDRAVS",
    "type" : "ValueSet",
    "url" : "https://paho.org/fhir/esavi/ValueSet/ComplicacionEmbarazoMedDRAVS",
    "version" : "0.1.42",
    "name" : "ComplicacionEmbarazoMedDRAVS"
  },
  {
    "id" : "ComplicacionEmbarazoOtroVS",
    "type" : "ValueSet",
    "url" : "https://paho.org/fhir/esavi/ValueSet/ComplicacionEmbarazoOtroVS",
    "version" : "0.1.42",
    "name" : "ComplicacionEmbarazoOtroVS"
  },
  {
    "id" : "ComplicacionEmbarazoVS",
    "type" : "ValueSet",
    "url" : "https://paho.org/fhir/esavi/ValueSet/ComplicacionEmbarazoVS",
    "version" : "0.1.42",
    "name" : "ComplicacionEmbarazoVS"
  },
  {
    "id" : "DirOrgNotiVS",
    "type" : "ValueSet",
    "url" : "https://paho.org/fhir/esavi/ValueSet/DirOrgNotiVS",
    "version" : "0.1.42",
    "name" : "DirOrgNotiVS"
  },
  {
    "id" : "EnfermedadesPreviasCodificacionVS",
    "type" : "ValueSet",
    "url" : "https://paho.org/fhir/esavi/ValueSet/EnfermedadesPreviasCodificacionVS",
    "version" : "0.1.42",
    "name" : "EnfermedadesPreviasCodificacionVS"
  },
  {
    "id" : "EsaviMedDRAVS",
    "type" : "ValueSet",
    "url" : "https://paho.org/fhir/esavi/ValueSet/EsaviMedDRAVS",
    "version" : "0.1.42",
    "name" : "EsaviMedDRAVS"
  },
  {
    "id" : "EsaviOtroVS",
    "type" : "ValueSet",
    "url" : "https://paho.org/fhir/esavi/ValueSet/EsaviOtroVS",
    "version" : "0.1.42",
    "name" : "EsaviOtroVS"
  },
  {
    "id" : "FormaFarmaceuticaVS",
    "type" : "ValueSet",
    "url" : "https://paho.org/fhir/esavi/ValueSet/FormaFarmaceuticaVS",
    "version" : "0.1.42",
    "name" : "FormaFarmaceuticaVS"
  },
  {
    "id" : "ModoConfirmacionInfeccionVS",
    "type" : "ValueSet",
    "url" : "https://paho.org/fhir/esavi/ValueSet/ModoConfirmacionInfeccionVS",
    "version" : "0.1.42",
    "name" : "ModoConfirmacionInfeccionVS"
  },
  {
    "id" : "ModoVerificacionVacunaVS",
    "type" : "ValueSet",
    "url" : "https://paho.org/fhir/esavi/ValueSet/ModoVerificacionVacunaVS",
    "version" : "0.1.42",
    "name" : "ModoVerificacionVacunaVS"
  },
  {
    "id" : "ProfesionalNotificadorVS",
    "type" : "ValueSet",
    "url" : "https://paho.org/fhir/esavi/ValueSet/ProfesionalNotificadorVS",
    "version" : "0.1.42",
    "name" : "ProfesionalNotificadorVS"
  },
  {
    "id" : "RespuestaSiNoNosabeVS",
    "type" : "ValueSet",
    "url" : "https://paho.org/fhir/esavi/ValueSet/RespuestaSiNoNosabeVS",
    "version" : "0.1.42",
    "name" : "RespuestaSiNoNosabeVS"
  },
  {
    "id" : "SistemaClasfCausalidadVS",
    "type" : "ValueSet",
    "url" : "https://paho.org/fhir/esavi/ValueSet/SistemaClasfCausalidadVS",
    "version" : "0.1.42",
    "name" : "SistemaClasfCausalidadVS"
  },
  {
    "id" : "SistemasDeCodificacionVS",
    "type" : "ValueSet",
    "url" : "https://paho.org/fhir/esavi/ValueSet/SistemasDeCodificacionVS",
    "version" : "0.1.42",
    "name" : "SistemasDeCodificacionVS"
  },
  {
    "id" : "ViaAdminMedicamentoVS",
    "type" : "ValueSet",
    "url" : "https://paho.org/fhir/esavi/ValueSet/ViaAdminMedicamentoVS",
    "version" : "0.1.42",
    "name" : "ViaAdminMedicamentoVS"
  },
  {
    "id" : "codPaises",
    "type" : "ValueSet",
    "url" : "https://paho.org/fhir/esavi/ValueSet/codPaises",
    "version" : "0.1.42",
    "name" : "CodPaises"
  }
]
