{
  "resourceType" : "CodeSystem",
  "id" : "WHODrugDCCS",
  "meta" : {
    "versionId" : "1",
    "lastUpdated" : "2023-05-25T13:22:48.124+00:00"
  },
  "text" : {
    "status" : "generated",
    "div" : "<div xmlns=\"http://www.w3.org/1999/xhtml\"><p class=\"res-header-id\"><b>Generated Narrative: CodeSystem WHODrugDCCS</b></p><a name=\"WHODrugDCCS\"> </a><a name=\"hcWHODrugDCCS\"> </a><a name=\"WHODrugDCCS-en-US\"> </a><div style=\"display: inline-block; background-color: #d9e0e7; padding: 6px; margin: 4px; border: 1px solid #8da1b4; border-radius: 5px; line-height: 60%\"><p style=\"margin-bottom: 0px\">version: 1; Last updated: 2023-05-25 13:22:48+0000</p></div><p>This case-insensitive code system <code>https://paho.org/fhir/esavi/CodeSystem/WHODrugDCCS</code> provides <b>a fragment</b> that includes following codes in a Is-A hierarchy:</p><table class=\"codes\"><tr><td><b>Lvl</b></td><td style=\"white-space:nowrap\"><b>Code</b></td><td><b>Display</b></td></tr><tr><td>1</td><td style=\"white-space:nowrap\">00000101001<a name=\"WHODrugDCCS-00000101001\"> </a></td><td>Methyldopa</td></tr><tr><td>2</td><td style=\"white-space:nowrap\">\u00a0\u00a000000101002<a name=\"WHODrugDCCS-00000101002\"> </a></td><td>Aldomet</td></tr><tr><td>2</td><td style=\"white-space:nowrap\">\u00a0\u00a000000101012<a name=\"WHODrugDCCS-00000101012\"> </a></td><td>Metyldopa</td></tr><tr><td>2</td><td style=\"white-space:nowrap\">\u00a0\u00a000000101041<a name=\"WHODrugDCCS-00000101041\"> </a></td><td>Alfametildopa</td></tr><tr><td>2</td><td style=\"white-space:nowrap\">\u00a0\u00a000000101044<a name=\"WHODrugDCCS-00000101044\"> </a></td><td>Almedop</td></tr><tr><td>2</td><td style=\"white-space:nowrap\">\u00a0\u00a000000101045<a name=\"WHODrugDCCS-00000101045\"> </a></td><td>Cardin</td></tr><tr><td>2</td><td style=\"white-space:nowrap\">\u00a0\u00a000000101046<a name=\"WHODrugDCCS-00000101046\"> </a></td><td>Methyldopum</td></tr><tr><td>2</td><td style=\"white-space:nowrap\">\u00a0\u00a000000101086<a name=\"WHODrugDCCS-00000101086\"> </a></td><td>Prodop</td></tr><tr><td>2</td><td style=\"white-space:nowrap\">\u00a0\u00a000000101087<a name=\"WHODrugDCCS-00000101087\"> </a></td><td>Hipermessel</td></tr><tr><td>2</td><td style=\"white-space:nowrap\">\u00a0\u00a000000101089<a name=\"WHODrugDCCS-00000101089\"> </a></td><td>Tensioval</td></tr><tr><td>2</td><td style=\"white-space:nowrap\">\u00a0\u00a000000101090<a name=\"WHODrugDCCS-00000101090\"> </a></td><td>Cardiodopa</td></tr><tr><td>2</td><td style=\"white-space:nowrap\">\u00a0\u00a000000101091<a name=\"WHODrugDCCS-00000101091\"> </a></td><td>Metildopa</td></tr><tr><td>2</td><td style=\"white-space:nowrap\">\u00a0\u00a000000101092<a name=\"WHODrugDCCS-00000101092\"> </a></td><td>Etildopanan</td></tr><tr><td>2</td><td style=\"white-space:nowrap\">\u00a0\u00a000000101093<a name=\"WHODrugDCCS-00000101093\"> </a></td><td>Aldotensin</td></tr><tr><td>2</td><td style=\"white-space:nowrap\">\u00a0\u00a000000101094<a name=\"WHODrugDCCS-00000101094\"> </a></td><td>Angimet</td></tr><tr><td>2</td><td style=\"white-space:nowrap\">\u00a0\u00a000000101095<a name=\"WHODrugDCCS-00000101095\"> </a></td><td>Metilcord</td></tr><tr><td>2</td><td style=\"white-space:nowrap\">\u00a0\u00a000000101096<a name=\"WHODrugDCCS-00000101096\"> </a></td><td>Metilprod</td></tr><tr><td>2</td><td style=\"white-space:nowrap\">\u00a0\u00a000000101097<a name=\"WHODrugDCCS-00000101097\"> </a></td><td>Pressomet</td></tr><tr><td>2</td><td style=\"white-space:nowrap\">\u00a0\u00a000000101098<a name=\"WHODrugDCCS-00000101098\"> </a></td><td>Metilpress</td></tr><tr><td>2</td><td style=\"white-space:nowrap\">\u00a0\u00a000000101099<a name=\"WHODrugDCCS-00000101099\"> </a></td><td>Ductomet</td></tr><tr><td>2</td><td style=\"white-space:nowrap\">\u00a0\u00a000000101100<a name=\"WHODrugDCCS-00000101100\"> </a></td><td>Tildomet</td></tr><tr><td>2</td><td style=\"white-space:nowrap\">\u00a0\u00a000000101101<a name=\"WHODrugDCCS-00000101101\"> </a></td><td>Kindomet</td></tr><tr><td>2</td><td style=\"white-space:nowrap\">\u00a0\u00a000000101102<a name=\"WHODrugDCCS-00000101102\"> </a></td><td>Dometil</td></tr><tr><td>2</td><td style=\"white-space:nowrap\">\u00a0\u00a000000101103<a name=\"WHODrugDCCS-00000101103\"> </a></td><td>Dopametil</td></tr><tr><td>2</td><td style=\"white-space:nowrap\">\u00a0\u00a000000101104<a name=\"WHODrugDCCS-00000101104\"> </a></td><td>Aldoless</td></tr><tr><td>2</td><td style=\"white-space:nowrap\">\u00a0\u00a000000101105<a name=\"WHODrugDCCS-00000101105\"> </a></td><td>Aldotil</td></tr><tr><td>2</td><td style=\"white-space:nowrap\">\u00a0\u00a000000101106<a name=\"WHODrugDCCS-00000101106\"> </a></td><td>Medpress</td></tr><tr><td>2</td><td style=\"white-space:nowrap\">\u00a0\u00a000000101107<a name=\"WHODrugDCCS-00000101107\"> </a></td><td>Gendomet</td></tr><tr><td>2</td><td style=\"white-space:nowrap\">\u00a0\u00a000000101108<a name=\"WHODrugDCCS-00000101108\"> </a></td><td>Metilvita</td></tr><tr><td>2</td><td style=\"white-space:nowrap\">\u00a0\u00a000000101109<a name=\"WHODrugDCCS-00000101109\"> </a></td><td>Dimipress</td></tr><tr><td>2</td><td style=\"white-space:nowrap\">\u00a0\u00a000000101110<a name=\"WHODrugDCCS-00000101110\"> </a></td><td>Dopatral</td></tr><tr><td>2</td><td style=\"white-space:nowrap\">\u00a0\u00a000000101111<a name=\"WHODrugDCCS-00000101111\"> </a></td><td>Dopagrand</td></tr><tr><td>2</td><td style=\"white-space:nowrap\">\u00a0\u00a000000101117<a name=\"WHODrugDCCS-00000101117\"> </a></td><td>Dopasan</td></tr><tr><td>2</td><td style=\"white-space:nowrap\">\u00a0\u00a000000101118<a name=\"WHODrugDCCS-00000101118\"> </a></td><td>Tensodopa</td></tr><tr><td>2</td><td style=\"white-space:nowrap\">\u00a0\u00a000000101121<a name=\"WHODrugDCCS-00000101121\"> </a></td><td>Aldopa</td></tr><tr><td>2</td><td style=\"white-space:nowrap\">\u00a0\u00a000000101124<a name=\"WHODrugDCCS-00000101124\"> </a></td><td>Coradopa</td></tr><tr><td>2</td><td style=\"white-space:nowrap\">\u00a0\u00a000000101135<a name=\"WHODrugDCCS-00000101135\"> </a></td><td>Tremesal</td></tr><tr><td>2</td><td style=\"white-space:nowrap\">\u00a0\u00a000000101152<a name=\"WHODrugDCCS-00000101152\"> </a></td><td>Methyldopa cf</td></tr><tr><td>2</td><td style=\"white-space:nowrap\">\u00a0\u00a000000101158<a name=\"WHODrugDCCS-00000101158\"> </a></td><td>Metildopamek</td></tr><tr><td>2</td><td style=\"white-space:nowrap\">\u00a0\u00a000000101173<a name=\"WHODrugDCCS-00000101173\"> </a></td><td>Toparal</td></tr><tr><td>2</td><td style=\"white-space:nowrap\">\u00a0\u00a000000101178<a name=\"WHODrugDCCS-00000101178\"> </a></td><td>Hipermet</td></tr><tr><td>2</td><td style=\"white-space:nowrap\">\u00a0\u00a000000101179<a name=\"WHODrugDCCS-00000101179\"> </a></td><td>Metildopa ethical</td></tr><tr><td>2</td><td style=\"white-space:nowrap\">\u00a0\u00a000000101184<a name=\"WHODrugDCCS-00000101184\"> </a></td><td>Alpha-methyldopa</td></tr><tr><td>2</td><td style=\"white-space:nowrap\">\u00a0\u00a000000101185<a name=\"WHODrugDCCS-00000101185\"> </a></td><td>Methyldopum anhydricum</td></tr><tr><td>2</td><td style=\"white-space:nowrap\">\u00a0\u00a000000101187<a name=\"WHODrugDCCS-00000101187\"> </a></td><td>Metildopa icu-vita</td></tr><tr><td>2</td><td style=\"white-space:nowrap\">\u00a0\u00a000000101188<a name=\"WHODrugDCCS-00000101188\"> </a></td><td>Venopressin</td></tr><tr><td>2</td><td style=\"white-space:nowrap\">\u00a0\u00a000000101193<a name=\"WHODrugDCCS-00000101193\"> </a></td><td>Dopatab M250</td></tr><tr><td>2</td><td style=\"white-space:nowrap\">\u00a0\u00a000000101199<a name=\"WHODrugDCCS-00000101199\"> </a></td><td>Furp metildopa</td></tr><tr><td>2</td><td style=\"white-space:nowrap\">\u00a0\u00a000000101200<a name=\"WHODrugDCCS-00000101200\"> </a></td><td>Lfm metildopa</td></tr><tr><td>2</td><td style=\"white-space:nowrap\">\u00a0\u00a000000101223<a name=\"WHODrugDCCS-00000101223\"> </a></td><td>Alfametildopa dutriec</td></tr><tr><td>2</td><td style=\"white-space:nowrap\">\u00a0\u00a000000101224<a name=\"WHODrugDCCS-00000101224\"> </a></td><td>Dopa pres</td></tr><tr><td>2</td><td style=\"white-space:nowrap\">\u00a0\u00a000000101225<a name=\"WHODrugDCCS-00000101225\"> </a></td><td>Alfametildopa vivele</td></tr><tr><td>2</td><td style=\"white-space:nowrap\">\u00a0\u00a000000101226<a name=\"WHODrugDCCS-00000101226\"> </a></td><td>Alfametildopa phi</td></tr><tr><td>2</td><td style=\"white-space:nowrap\">\u00a0\u00a000000101227<a name=\"WHODrugDCCS-00000101227\"> </a></td><td>Alfametildopa heisecke</td></tr><tr><td>2</td><td style=\"white-space:nowrap\">\u00a0\u00a000000101228<a name=\"WHODrugDCCS-00000101228\"> </a></td><td>Aditol</td></tr><tr><td>2</td><td style=\"white-space:nowrap\">\u00a0\u00a000000101229<a name=\"WHODrugDCCS-00000101229\"> </a></td><td>Alfametildopa dallas</td></tr><tr><td>2</td><td style=\"white-space:nowrap\">\u00a0\u00a000000101230<a name=\"WHODrugDCCS-00000101230\"> </a></td><td>Alfametildopa avanova</td></tr><tr><td>2</td><td style=\"white-space:nowrap\">\u00a0\u00a000000101231<a name=\"WHODrugDCCS-00000101231\"> </a></td><td>Dopabrit</td></tr><tr><td>2</td><td style=\"white-space:nowrap\">\u00a0\u00a000000101232<a name=\"WHODrugDCCS-00000101232\"> </a></td><td>Apo methyldopa</td></tr><tr><td>2</td><td style=\"white-space:nowrap\">\u00a0\u00a000000101236<a name=\"WHODrugDCCS-00000101236\"> </a></td><td>Aldoperten</td></tr><tr><td>2</td><td style=\"white-space:nowrap\">\u00a0\u00a000000101238<a name=\"WHODrugDCCS-00000101238\"> </a></td><td>M dopakant</td></tr><tr><td>1</td><td style=\"white-space:nowrap\">00000202001<a name=\"WHODrugDCCS-00000202001\"> </a></td><td>Orciprenaline sulfate</td></tr><tr><td>2</td><td style=\"white-space:nowrap\">\u00a0\u00a000000202002<a name=\"WHODrugDCCS-00000202002\"> </a></td><td>Alupent</td></tr><tr><td>2</td><td style=\"white-space:nowrap\">\u00a0\u00a000000202003<a name=\"WHODrugDCCS-00000202003\"> </a></td><td>Metaprel</td></tr><tr><td>2</td><td style=\"white-space:nowrap\">\u00a0\u00a000000202005<a name=\"WHODrugDCCS-00000202005\"> </a></td><td>Metaproterenol sulfate</td></tr><tr><td>2</td><td style=\"white-space:nowrap\">\u00a0\u00a000000202011<a name=\"WHODrugDCCS-00000202011\"> </a></td><td>Metaproterenol</td></tr><tr><td>2</td><td style=\"white-space:nowrap\">\u00a0\u00a000000202022<a name=\"WHODrugDCCS-00000202022\"> </a></td><td>Metaproternol sulfate</td></tr><tr><td>2</td><td style=\"white-space:nowrap\">\u00a0\u00a000000202023<a name=\"WHODrugDCCS-00000202023\"> </a></td><td>Orciprenalina</td></tr><tr><td>2</td><td style=\"white-space:nowrap\">\u00a0\u00a000000202030<a name=\"WHODrugDCCS-00000202030\"> </a></td><td>Orciprenalini sulfas</td></tr><tr><td>2</td><td style=\"white-space:nowrap\">\u00a0\u00a000000202032<a name=\"WHODrugDCCS-00000202032\"> </a></td><td>Orlin</td></tr><tr><td>1</td><td style=\"white-space:nowrap\">01362601001<a name=\"WHODrugDCCS-01362601001\"> </a></td><td>Montelukast</td></tr><tr><td>2</td><td style=\"white-space:nowrap\">\u00a0\u00a001362601020<a name=\"WHODrugDCCS-01362601020\"> </a></td><td>Asmax (Montelukast)</td></tr><tr><td>1</td><td style=\"white-space:nowrap\">00000301001<a name=\"WHODrugDCCS-00000301001\"> </a></td><td>Aminosalicylic acid</td></tr><tr><td>2</td><td style=\"white-space:nowrap\">\u00a0\u00a000000301003<a name=\"WHODrugDCCS-00000301003\"> </a></td><td>Pas</td></tr><tr><td>2</td><td style=\"white-space:nowrap\">\u00a0\u00a000000301007<a name=\"WHODrugDCCS-00000301007\"> </a></td><td>Para-aminosalicylic acid</td></tr><tr><td>2</td><td style=\"white-space:nowrap\">\u00a0\u00a000000301008<a name=\"WHODrugDCCS-00000301008\"> </a></td><td>Aminosalylum</td></tr><tr><td>2</td><td style=\"white-space:nowrap\">\u00a0\u00a000000301014<a name=\"WHODrugDCCS-00000301014\"> </a></td><td>Paser</td></tr><tr><td>2</td><td style=\"white-space:nowrap\">\u00a0\u00a000000301023<a name=\"WHODrugDCCS-00000301023\"> </a></td><td>4-aminosalicylic acid</td></tr><tr><td>1</td><td style=\"white-space:nowrap\">00000304001<a name=\"WHODrugDCCS-00000304001\"> </a></td><td>Aminosalicylate sodium</td></tr><tr><td>2</td><td style=\"white-space:nowrap\">\u00a0\u00a000000304004<a name=\"WHODrugDCCS-00000304004\"> </a></td><td>Sodium pas</td></tr><tr><td>2</td><td style=\"white-space:nowrap\">\u00a0\u00a000000304018<a name=\"WHODrugDCCS-00000304018\"> </a></td><td>Monopas</td></tr><tr><td>2</td><td style=\"white-space:nowrap\">\u00a0\u00a000000304019<a name=\"WHODrugDCCS-00000304019\"> </a></td><td>Pas</td></tr><tr><td>2</td><td style=\"white-space:nowrap\">\u00a0\u00a000000304031<a name=\"WHODrugDCCS-00000304031\"> </a></td><td>Sodium aminosalicylate</td></tr><tr><td>2</td><td style=\"white-space:nowrap\">\u00a0\u00a000000304040<a name=\"WHODrugDCCS-00000304040\"> </a></td><td>Aminosalicylic acid sodium</td></tr><tr><td>2</td><td style=\"white-space:nowrap\">\u00a0\u00a000000304041<a name=\"WHODrugDCCS-00000304041\"> </a></td><td>Med pass</td></tr><tr><td>1</td><td style=\"white-space:nowrap\">00000401001<a name=\"WHODrugDCCS-00000401001\"> </a></td><td>Diphenhydramine</td></tr><tr><td>2</td><td style=\"white-space:nowrap\">\u00a0\u00a000000401021<a name=\"WHODrugDCCS-00000401021\"> </a></td><td>Bionaryl</td></tr><tr><td>2</td><td style=\"white-space:nowrap\">\u00a0\u00a000000401022<a name=\"WHODrugDCCS-00000401022\"> </a></td><td>Therafilm</td></tr><tr><td>2</td><td style=\"white-space:nowrap\">\u00a0\u00a000000401023<a name=\"WHODrugDCCS-00000401023\"> </a></td><td>Difenidrammina</td></tr><tr><td>2</td><td style=\"white-space:nowrap\">\u00a0\u00a000000401024<a name=\"WHODrugDCCS-00000401024\"> </a></td><td>Diphenhydraminum</td></tr><tr><td>2</td><td style=\"white-space:nowrap\">\u00a0\u00a000000401025<a name=\"WHODrugDCCS-00000401025\"> </a></td><td>Difenhidramina</td></tr><tr><td>2</td><td style=\"white-space:nowrap\">\u00a0\u00a000000401028<a name=\"WHODrugDCCS-00000401028\"> </a></td><td>Gelbeck</td></tr><tr><td>2</td><td style=\"white-space:nowrap\">\u00a0\u00a000000401029<a name=\"WHODrugDCCS-00000401029\"> </a></td><td>Blenifen</td></tr><tr><td>2</td><td style=\"white-space:nowrap\">\u00a0\u00a000000401030<a name=\"WHODrugDCCS-00000401030\"> </a></td><td>Difenhidramina larjan</td></tr><tr><td>1</td><td style=\"white-space:nowrap\">00000402001<a name=\"WHODrugDCCS-00000402001\"> </a></td><td>Diphenhydramine hydrochloride</td></tr><tr><td>2</td><td style=\"white-space:nowrap\">\u00a0\u00a000000402002<a name=\"WHODrugDCCS-00000402002\"> </a></td><td>Benadryl</td></tr><tr><td>2</td><td style=\"white-space:nowrap\">\u00a0\u00a000000402027<a name=\"WHODrugDCCS-00000402027\"> </a></td><td>Diphenhist</td></tr><tr><td>2</td><td style=\"white-space:nowrap\">\u00a0\u00a000000402031<a name=\"WHODrugDCCS-00000402031\"> </a></td><td>Hydramine</td></tr><tr><td>2</td><td style=\"white-space:nowrap\">\u00a0\u00a000000402032<a name=\"WHODrugDCCS-00000402032\"> </a></td><td>Unisom</td></tr><tr><td>2</td><td style=\"white-space:nowrap\">\u00a0\u00a000000402036<a name=\"WHODrugDCCS-00000402036\"> </a></td><td>Dimedrolum</td></tr><tr><td>2</td><td style=\"white-space:nowrap\">\u00a0\u00a000000402045<a name=\"WHODrugDCCS-00000402045\"> </a></td><td>Nytol</td></tr><tr><td>2</td><td style=\"white-space:nowrap\">\u00a0\u00a000000402058<a name=\"WHODrugDCCS-00000402058\"> </a></td><td>Simply sleep</td></tr><tr><td>2</td><td style=\"white-space:nowrap\">\u00a0\u00a000000402085<a name=\"WHODrugDCCS-00000402085\"> </a></td><td>Difenhidramina gi</td></tr><tr><td>2</td><td style=\"white-space:nowrap\">\u00a0\u00a000000402086<a name=\"WHODrugDCCS-00000402086\"> </a></td><td>Indumir</td></tr><tr><td>2</td><td style=\"white-space:nowrap\">\u00a0\u00a000000402087<a name=\"WHODrugDCCS-00000402087\"> </a></td><td>Brudifen</td></tr><tr><td>2</td><td style=\"white-space:nowrap\">\u00a0\u00a000000402088<a name=\"WHODrugDCCS-00000402088\"> </a></td><td>Bonanoti</td></tr><tr><td>2</td><td style=\"white-space:nowrap\">\u00a0\u00a000000402089<a name=\"WHODrugDCCS-00000402089\"> </a></td><td>Tovan</td></tr><tr><td>2</td><td style=\"white-space:nowrap\">\u00a0\u00a000000402092<a name=\"WHODrugDCCS-00000402092\"> </a></td><td>Diphenhydramine</td></tr><tr><td>2</td><td style=\"white-space:nowrap\">\u00a0\u00a000000402109<a name=\"WHODrugDCCS-00000402109\"> </a></td><td>Diphenhydramin hcl</td></tr><tr><td>2</td><td style=\"white-space:nowrap\">\u00a0\u00a000000402110<a name=\"WHODrugDCCS-00000402110\"> </a></td><td>Altaryl</td></tr><tr><td>2</td><td style=\"white-space:nowrap\">\u00a0\u00a000000402111<a name=\"WHODrugDCCS-00000402111\"> </a></td><td>Siladryl</td></tr><tr><td>2</td><td style=\"white-space:nowrap\">\u00a0\u00a000000402113<a name=\"WHODrugDCCS-00000402113\"> </a></td><td>Benadryl Allergy</td></tr><tr><td>2</td><td style=\"white-space:nowrap\">\u00a0\u00a000000402116<a name=\"WHODrugDCCS-00000402116\"> </a></td><td>Compoz</td></tr><tr><td>2</td><td style=\"white-space:nowrap\">\u00a0\u00a000000402117<a name=\"WHODrugDCCS-00000402117\"> </a></td><td>Silphen</td></tr><tr><td>2</td><td style=\"white-space:nowrap\">\u00a0\u00a000000402126<a name=\"WHODrugDCCS-00000402126\"> </a></td><td>Fada difenhidramin</td></tr><tr><td>2</td><td style=\"white-space:nowrap\">\u00a0\u00a000000402127<a name=\"WHODrugDCCS-00000402127\"> </a></td><td>Klonadryl antialergico</td></tr><tr><td>2</td><td style=\"white-space:nowrap\">\u00a0\u00a000000402129<a name=\"WHODrugDCCS-00000402129\"> </a></td><td>Difenhidramina df</td></tr><tr><td>2</td><td style=\"white-space:nowrap\">\u00a0\u00a000000402130<a name=\"WHODrugDCCS-00000402130\"> </a></td><td>Histaler</td></tr><tr><td>2</td><td style=\"white-space:nowrap\">\u00a0\u00a000000402131<a name=\"WHODrugDCCS-00000402131\"> </a></td><td>Fabolergic</td></tr><tr><td>2</td><td style=\"white-space:nowrap\">\u00a0\u00a000000402144<a name=\"WHODrugDCCS-00000402144\"> </a></td><td>Cielozam</td></tr><tr><td>2</td><td style=\"white-space:nowrap\">\u00a0\u00a000000402145<a name=\"WHODrugDCCS-00000402145\"> </a></td><td>Benadryl A</td></tr><tr><td>2</td><td style=\"white-space:nowrap\">\u00a0\u00a000000402153<a name=\"WHODrugDCCS-00000402153\"> </a></td><td>Difedrin</td></tr><tr><td>2</td><td style=\"white-space:nowrap\">\u00a0\u00a000000402154<a name=\"WHODrugDCCS-00000402154\"> </a></td><td>Fendramin</td></tr><tr><td>2</td><td style=\"white-space:nowrap\">\u00a0\u00a000000402155<a name=\"WHODrugDCCS-00000402155\"> </a></td><td>Difenhidramina</td></tr><tr><td>2</td><td style=\"white-space:nowrap\">\u00a0\u00a000000402156<a name=\"WHODrugDCCS-00000402156\"> </a></td><td>Histam</td></tr><tr><td>2</td><td style=\"white-space:nowrap\">\u00a0\u00a000000402157<a name=\"WHODrugDCCS-00000402157\"> </a></td><td>Histomin</td></tr><tr><td>2</td><td style=\"white-space:nowrap\">\u00a0\u00a000000402158<a name=\"WHODrugDCCS-00000402158\"> </a></td><td>Aledryl</td></tr><tr><td>2</td><td style=\"white-space:nowrap\">\u00a0\u00a000000402159<a name=\"WHODrugDCCS-00000402159\"> </a></td><td>Antalergin</td></tr><tr><td>2</td><td style=\"white-space:nowrap\">\u00a0\u00a000000402160<a name=\"WHODrugDCCS-00000402160\"> </a></td><td>Benacyma</td></tr><tr><td>2</td><td style=\"white-space:nowrap\">\u00a0\u00a000000402161<a name=\"WHODrugDCCS-00000402161\"> </a></td><td>Idramin</td></tr><tr><td>2</td><td style=\"white-space:nowrap\">\u00a0\u00a000000402162<a name=\"WHODrugDCCS-00000402162\"> </a></td><td>Fenilar</td></tr><tr><td>2</td><td style=\"white-space:nowrap\">\u00a0\u00a000000402163<a name=\"WHODrugDCCS-00000402163\"> </a></td><td>Fenidramin</td></tr><tr><td>2</td><td style=\"white-space:nowrap\">\u00a0\u00a000000402172<a name=\"WHODrugDCCS-00000402172\"> </a></td><td>Pasifen</td></tr><tr><td>2</td><td style=\"white-space:nowrap\">\u00a0\u00a000000402173<a name=\"WHODrugDCCS-00000402173\"> </a></td><td>Somol</td></tr><tr><td>2</td><td style=\"white-space:nowrap\">\u00a0\u00a000000402189<a name=\"WHODrugDCCS-00000402189\"> </a></td><td>Antil</td></tr><tr><td>2</td><td style=\"white-space:nowrap\">\u00a0\u00a000000402190<a name=\"WHODrugDCCS-00000402190\"> </a></td><td>Cerylana</td></tr><tr><td>2</td><td style=\"white-space:nowrap\">\u00a0\u00a000000402191<a name=\"WHODrugDCCS-00000402191\"> </a></td><td>Childrens allergy</td></tr><tr><td>2</td><td style=\"white-space:nowrap\">\u00a0\u00a000000402192<a name=\"WHODrugDCCS-00000402192\"> </a></td><td>Complete allergy</td></tr><tr><td>2</td><td style=\"white-space:nowrap\">\u00a0\u00a000000402225<a name=\"WHODrugDCCS-00000402225\"> </a></td><td>Dermarest Dricort</td></tr><tr><td>2</td><td style=\"white-space:nowrap\">\u00a0\u00a000000402232<a name=\"WHODrugDCCS-00000402232\"> </a></td><td>Benadrilina</td></tr><tr><td>2</td><td style=\"white-space:nowrap\">\u00a0\u00a000000402234<a name=\"WHODrugDCCS-00000402234\"> </a></td><td>Nauzene</td></tr><tr><td>2</td><td style=\"white-space:nowrap\">\u00a0\u00a000000402246<a name=\"WHODrugDCCS-00000402246\"> </a></td><td>Diphenhydramine HCL</td></tr><tr><td>2</td><td style=\"white-space:nowrap\">\u00a0\u00a000000402252<a name=\"WHODrugDCCS-00000402252\"> </a></td><td>Dormilong</td></tr><tr><td>2</td><td style=\"white-space:nowrap\">\u00a0\u00a000000402253<a name=\"WHODrugDCCS-00000402253\"> </a></td><td>Diphenhydramin Hydrchloride</td></tr><tr><td>2</td><td style=\"white-space:nowrap\">\u00a0\u00a000000402254<a name=\"WHODrugDCCS-00000402254\"> </a></td><td>Triaminic Cough and Runny Nose</td></tr><tr><td>2</td><td style=\"white-space:nowrap\">\u00a0\u00a000000402263<a name=\"WHODrugDCCS-00000402263\"> </a></td><td>Geri-dryl allergy relief</td></tr><tr><td>2</td><td style=\"white-space:nowrap\">\u00a0\u00a000000402274<a name=\"WHODrugDCCS-00000402274\"> </a></td><td>Dicopanol</td></tr><tr><td>2</td><td style=\"white-space:nowrap\">\u00a0\u00a000000402279<a name=\"WHODrugDCCS-00000402279\"> </a></td><td>Nelfigen</td></tr><tr><td>2</td><td style=\"white-space:nowrap\">\u00a0\u00a000000402280<a name=\"WHODrugDCCS-00000402280\"> </a></td><td>Itch Relief</td></tr><tr><td>2</td><td style=\"white-space:nowrap\">\u00a0\u00a000000402283<a name=\"WHODrugDCCS-00000402283\"> </a></td><td>Theraflu Alergia</td></tr><tr><td>2</td><td style=\"white-space:nowrap\">\u00a0\u00a000000402284<a name=\"WHODrugDCCS-00000402284\"> </a></td><td>Difenhidramina Northia</td></tr><tr><td>2</td><td style=\"white-space:nowrap\">\u00a0\u00a000000402288<a name=\"WHODrugDCCS-00000402288\"> </a></td><td>Diphenhydramin hydrochloride</td></tr><tr><td>2</td><td style=\"white-space:nowrap\">\u00a0\u00a000000402300<a name=\"WHODrugDCCS-00000402300\"> </a></td><td>Pharbedryl</td></tr><tr><td>2</td><td style=\"white-space:nowrap\">\u00a0\u00a000000402306<a name=\"WHODrugDCCS-00000402306\"> </a></td><td>Dormessa</td></tr><tr><td>2</td><td style=\"white-space:nowrap\">\u00a0\u00a000000402308<a name=\"WHODrugDCCS-00000402308\"> </a></td><td>Amodormin</td></tr><tr><td>2</td><td style=\"white-space:nowrap\">\u00a0\u00a000000402310<a name=\"WHODrugDCCS-00000402310\"> </a></td><td>Lurispan</td></tr><tr><td>2</td><td style=\"white-space:nowrap\">\u00a0\u00a000000402311<a name=\"WHODrugDCCS-00000402311\"> </a></td><td>Drafen</td></tr><tr><td>2</td><td style=\"white-space:nowrap\">\u00a0\u00a000000402312<a name=\"WHODrugDCCS-00000402312\"> </a></td><td>Vicnite</td></tr><tr><td>2</td><td style=\"white-space:nowrap\">\u00a0\u00a000000402316<a name=\"WHODrugDCCS-00000402316\"> </a></td><td>Drepatil</td></tr><tr><td>2</td><td style=\"white-space:nowrap\">\u00a0\u00a000000402320<a name=\"WHODrugDCCS-00000402320\"> </a></td><td>Difenhidramina fada</td></tr><tr><td>2</td><td style=\"white-space:nowrap\">\u00a0\u00a000000402321<a name=\"WHODrugDCCS-00000402321\"> </a></td><td>Fadalex</td></tr><tr><td>2</td><td style=\"white-space:nowrap\">\u00a0\u00a000000402324<a name=\"WHODrugDCCS-00000402324\"> </a></td><td>Difenhidramina sintesis</td></tr><tr><td>2</td><td style=\"white-space:nowrap\">\u00a0\u00a000000402325<a name=\"WHODrugDCCS-00000402325\"> </a></td><td>Morfeo</td></tr><tr><td>2</td><td style=\"white-space:nowrap\">\u00a0\u00a000000402326<a name=\"WHODrugDCCS-00000402326\"> </a></td><td>Zzzquil</td></tr><tr><td>2</td><td style=\"white-space:nowrap\">\u00a0\u00a000000402328<a name=\"WHODrugDCCS-00000402328\"> </a></td><td>Dormotin</td></tr><tr><td>2</td><td style=\"white-space:nowrap\">\u00a0\u00a000000402329<a name=\"WHODrugDCCS-00000402329\"> </a></td><td>Triaminic allergy</td></tr><tr><td>2</td><td style=\"white-space:nowrap\">\u00a0\u00a000000402330<a name=\"WHODrugDCCS-00000402330\"> </a></td><td>Alka seltzer plus allergy</td></tr><tr><td>2</td><td style=\"white-space:nowrap\">\u00a0\u00a000000402333<a name=\"WHODrugDCCS-00000402333\"> </a></td><td>Fendramin sueno</td></tr><tr><td>2</td><td style=\"white-space:nowrap\">\u00a0\u00a000000402343<a name=\"WHODrugDCCS-00000402343\"> </a></td><td>Benzhydramine HCL</td></tr><tr><td>2</td><td style=\"white-space:nowrap\">\u00a0\u00a000000402344<a name=\"WHODrugDCCS-00000402344\"> </a></td><td>Benzhydramine hydrochloride</td></tr><tr><td>2</td><td style=\"white-space:nowrap\">\u00a0\u00a000000402345<a name=\"WHODrugDCCS-00000402345\"> </a></td><td>Diphenhydramini hydrochloridum</td></tr><tr><td>2</td><td style=\"white-space:nowrap\">\u00a0\u00a000000402349<a name=\"WHODrugDCCS-00000402349\"> </a></td><td>Difenhidramina puntanos</td></tr><tr><td>2</td><td style=\"white-space:nowrap\">\u00a0\u00a000000402361<a name=\"WHODrugDCCS-00000402361\"> </a></td><td>Difenhidramina surar pharma</td></tr><tr><td>2</td><td style=\"white-space:nowrap\">\u00a0\u00a000000402366<a name=\"WHODrugDCCS-00000402366\"> </a></td><td>Nighttime sleep aid</td></tr><tr><td>2</td><td style=\"white-space:nowrap\">\u00a0\u00a000000402377<a name=\"WHODrugDCCS-00000402377\"> </a></td><td>Difenidrin</td></tr><tr><td>2</td><td style=\"white-space:nowrap\">\u00a0\u00a000000402379<a name=\"WHODrugDCCS-00000402379\"> </a></td><td>Difenhidramina clorhidrato</td></tr><tr><td>2</td><td style=\"white-space:nowrap\">\u00a0\u00a000000402388<a name=\"WHODrugDCCS-00000402388\"> </a></td><td>The itch eraser max strength</td></tr><tr><td>2</td><td style=\"white-space:nowrap\">\u00a0\u00a000000402389<a name=\"WHODrugDCCS-00000402389\"> </a></td><td>Unisom sleepgels</td></tr><tr><td>2</td><td style=\"white-space:nowrap\">\u00a0\u00a000000402391<a name=\"WHODrugDCCS-00000402391\"> </a></td><td>Vanamine pd</td></tr><tr><td>2</td><td style=\"white-space:nowrap\">\u00a0\u00a000000402397<a name=\"WHODrugDCCS-00000402397\"> </a></td><td>Dormin</td></tr><tr><td>2</td><td style=\"white-space:nowrap\">\u00a0\u00a000000402399<a name=\"WHODrugDCCS-00000402399\"> </a></td><td>Vickzzz</td></tr><tr><td>2</td><td style=\"white-space:nowrap\">\u00a0\u00a000000402402<a name=\"WHODrugDCCS-00000402402\"> </a></td><td>Geri dryl liquid allergy relief</td></tr><tr><td>2</td><td style=\"white-space:nowrap\">\u00a0\u00a000000402407<a name=\"WHODrugDCCS-00000402407\"> </a></td><td>Unisom sleepmelts</td></tr><tr><td>2</td><td style=\"white-space:nowrap\">\u00a0\u00a000000402414<a name=\"WHODrugDCCS-00000402414\"> </a></td><td>Sleepy</td></tr><tr><td>2</td><td style=\"white-space:nowrap\">\u00a0\u00a000000402416<a name=\"WHODrugDCCS-00000402416\"> </a></td><td>Hidrigort</td></tr><tr><td>2</td><td style=\"white-space:nowrap\">\u00a0\u00a000000402417<a name=\"WHODrugDCCS-00000402417\"> </a></td><td>Melatol difen</td></tr><tr><td>2</td><td style=\"white-space:nowrap\">\u00a0\u00a000000402419<a name=\"WHODrugDCCS-00000402419\"> </a></td><td>Childrens dye free diphenhydramine hcl</td></tr><tr><td>2</td><td style=\"white-space:nowrap\">\u00a0\u00a000000402422<a name=\"WHODrugDCCS-00000402422\"> </a></td><td>Childrens pediaclear cough</td></tr><tr><td>2</td><td style=\"white-space:nowrap\">\u00a0\u00a000000402423<a name=\"WHODrugDCCS-00000402423\"> </a></td><td>Samay sleep gels</td></tr><tr><td>2</td><td style=\"white-space:nowrap\">\u00a0\u00a000000402424<a name=\"WHODrugDCCS-00000402424\"> </a></td><td>M dryl</td></tr><tr><td>2</td><td style=\"white-space:nowrap\">\u00a0\u00a000000402425<a name=\"WHODrugDCCS-00000402425\"> </a></td><td>Diphen elixir</td></tr><tr><td>2</td><td style=\"white-space:nowrap\">\u00a0\u00a000000402428<a name=\"WHODrugDCCS-00000402428\"> </a></td><td>Liquid allergy relief</td></tr><tr><td>2</td><td style=\"white-space:nowrap\">\u00a0\u00a000000402439<a name=\"WHODrugDCCS-00000402439\"> </a></td><td>Nervessa</td></tr><tr><td>2</td><td style=\"white-space:nowrap\">\u00a0\u00a000000402442<a name=\"WHODrugDCCS-00000402442\"> </a></td><td>Ferlen plus</td></tr><tr><td>2</td><td style=\"white-space:nowrap\">\u00a0\u00a000000402446<a name=\"WHODrugDCCS-00000402446\"> </a></td><td>Di phen</td></tr><tr><td>2</td><td style=\"white-space:nowrap\">\u00a0\u00a000000402447<a name=\"WHODrugDCCS-00000402447\"> </a></td><td>Nyquil z</td></tr><tr><td>2</td><td style=\"white-space:nowrap\">\u00a0\u00a000000402448<a name=\"WHODrugDCCS-00000402448\"> </a></td><td>Sorenex</td></tr><tr><td>2</td><td style=\"white-space:nowrap\">\u00a0\u00a000000402450<a name=\"WHODrugDCCS-00000402450\"> </a></td><td>Bionaryl</td></tr><tr><td>2</td><td style=\"white-space:nowrap\">\u00a0\u00a000000402451<a name=\"WHODrugDCCS-00000402451\"> </a></td><td>Difamhed</td></tr><tr><td>2</td><td style=\"white-space:nowrap\">\u00a0\u00a000000402452<a name=\"WHODrugDCCS-00000402452\"> </a></td><td>Difenhistat</td></tr><tr><td>2</td><td style=\"white-space:nowrap\">\u00a0\u00a000000402453<a name=\"WHODrugDCCS-00000402453\"> </a></td><td>Difedram</td></tr><tr><td>2</td><td style=\"white-space:nowrap\">\u00a0\u00a000000402454<a name=\"WHODrugDCCS-00000402454\"> </a></td><td>Ulcoid</td></tr><tr><td>2</td><td style=\"white-space:nowrap\">\u00a0\u00a000000402459<a name=\"WHODrugDCCS-00000402459\"> </a></td><td>Noctamid</td></tr><tr><td>2</td><td style=\"white-space:nowrap\">\u00a0\u00a000000402468<a name=\"WHODrugDCCS-00000402468\"> </a></td><td>Difenhidramina hcl</td></tr><tr><td>2</td><td style=\"white-space:nowrap\">\u00a0\u00a000000402491<a name=\"WHODrugDCCS-00000402491\"> </a></td><td>Sloth</td></tr><tr><td>1</td><td style=\"white-space:nowrap\">15268625001<a name=\"WHODrugDCCS-15268625001\"> </a></td><td>Tozinameran</td></tr></table></div>"
  },
  "url" : "https://paho.org/fhir/esavi/CodeSystem/WHODrugDCCS",
  "version" : "0.2.0",
  "name" : "WHODrugDCCS",
  "title" : "WHODrug DrugCode",
  "status" : "active",
  "experimental" : false,
  "date" : "2023-05-25T00:00:00-04:00",
  "publisher" : "ESAVI -",
  "contact" : [{
    "name" : "ESAVI -",
    "telecom" : [{
      "system" : "url",
      "value" : "https://covid-19pharmacovigilance.paho.org/resources/updates-on-aefi"
    },
    {
      "system" : "email",
      "value" : "rizzatodan@paho.org"
    }]
  }],
  "description" : "Fragmento de WHODrug completo con nombres genéricos y comerciales en inglés mayormente codificados por drugcode",
  "jurisdiction" : [{
    "coding" : [{
      "system" : "http://unstats.un.org/unsd/methods/m49/m49.htm",
      "code" : "001"
    }]
  }],
  "caseSensitive" : false,
  "hierarchyMeaning" : "is-a",
  "content" : "fragment",
  "concept" : [{
    "code" : "00000101001",
    "display" : "Methyldopa",
    "concept" : [{
      "code" : "00000101002",
      "display" : "Aldomet"
    },
    {
      "code" : "00000101012",
      "display" : "Metyldopa"
    },
    {
      "code" : "00000101041",
      "display" : "Alfametildopa"
    },
    {
      "code" : "00000101044",
      "display" : "Almedop"
    },
    {
      "code" : "00000101045",
      "display" : "Cardin"
    },
    {
      "code" : "00000101046",
      "display" : "Methyldopum"
    },
    {
      "code" : "00000101086",
      "display" : "Prodop"
    },
    {
      "code" : "00000101087",
      "display" : "Hipermessel"
    },
    {
      "code" : "00000101089",
      "display" : "Tensioval"
    },
    {
      "code" : "00000101090",
      "display" : "Cardiodopa"
    },
    {
      "code" : "00000101091",
      "display" : "Metildopa"
    },
    {
      "code" : "00000101092",
      "display" : "Etildopanan"
    },
    {
      "code" : "00000101093",
      "display" : "Aldotensin"
    },
    {
      "code" : "00000101094",
      "display" : "Angimet"
    },
    {
      "code" : "00000101095",
      "display" : "Metilcord"
    },
    {
      "code" : "00000101096",
      "display" : "Metilprod"
    },
    {
      "code" : "00000101097",
      "display" : "Pressomet"
    },
    {
      "code" : "00000101098",
      "display" : "Metilpress"
    },
    {
      "code" : "00000101099",
      "display" : "Ductomet"
    },
    {
      "code" : "00000101100",
      "display" : "Tildomet"
    },
    {
      "code" : "00000101101",
      "display" : "Kindomet"
    },
    {
      "code" : "00000101102",
      "display" : "Dometil"
    },
    {
      "code" : "00000101103",
      "display" : "Dopametil"
    },
    {
      "code" : "00000101104",
      "display" : "Aldoless"
    },
    {
      "code" : "00000101105",
      "display" : "Aldotil"
    },
    {
      "code" : "00000101106",
      "display" : "Medpress"
    },
    {
      "code" : "00000101107",
      "display" : "Gendomet"
    },
    {
      "code" : "00000101108",
      "display" : "Metilvita"
    },
    {
      "code" : "00000101109",
      "display" : "Dimipress"
    },
    {
      "code" : "00000101110",
      "display" : "Dopatral"
    },
    {
      "code" : "00000101111",
      "display" : "Dopagrand"
    },
    {
      "code" : "00000101117",
      "display" : "Dopasan"
    },
    {
      "code" : "00000101118",
      "display" : "Tensodopa"
    },
    {
      "code" : "00000101121",
      "display" : "Aldopa"
    },
    {
      "code" : "00000101124",
      "display" : "Coradopa"
    },
    {
      "code" : "00000101135",
      "display" : "Tremesal"
    },
    {
      "code" : "00000101152",
      "display" : "Methyldopa cf"
    },
    {
      "code" : "00000101158",
      "display" : "Metildopamek"
    },
    {
      "code" : "00000101173",
      "display" : "Toparal"
    },
    {
      "code" : "00000101178",
      "display" : "Hipermet"
    },
    {
      "code" : "00000101179",
      "display" : "Metildopa ethical"
    },
    {
      "code" : "00000101184",
      "display" : "Alpha-methyldopa"
    },
    {
      "code" : "00000101185",
      "display" : "Methyldopum anhydricum"
    },
    {
      "code" : "00000101187",
      "display" : "Metildopa icu-vita"
    },
    {
      "code" : "00000101188",
      "display" : "Venopressin"
    },
    {
      "code" : "00000101193",
      "display" : "Dopatab M250"
    },
    {
      "code" : "00000101199",
      "display" : "Furp metildopa"
    },
    {
      "code" : "00000101200",
      "display" : "Lfm metildopa"
    },
    {
      "code" : "00000101223",
      "display" : "Alfametildopa dutriec"
    },
    {
      "code" : "00000101224",
      "display" : "Dopa pres"
    },
    {
      "code" : "00000101225",
      "display" : "Alfametildopa vivele"
    },
    {
      "code" : "00000101226",
      "display" : "Alfametildopa phi"
    },
    {
      "code" : "00000101227",
      "display" : "Alfametildopa heisecke"
    },
    {
      "code" : "00000101228",
      "display" : "Aditol"
    },
    {
      "code" : "00000101229",
      "display" : "Alfametildopa dallas"
    },
    {
      "code" : "00000101230",
      "display" : "Alfametildopa avanova"
    },
    {
      "code" : "00000101231",
      "display" : "Dopabrit"
    },
    {
      "code" : "00000101232",
      "display" : "Apo methyldopa"
    },
    {
      "code" : "00000101236",
      "display" : "Aldoperten"
    },
    {
      "code" : "00000101238",
      "display" : "M dopakant"
    }]
  },
  {
    "code" : "00000202001",
    "display" : "Orciprenaline sulfate",
    "concept" : [{
      "code" : "00000202002",
      "display" : "Alupent"
    },
    {
      "code" : "00000202003",
      "display" : "Metaprel"
    },
    {
      "code" : "00000202005",
      "display" : "Metaproterenol sulfate"
    },
    {
      "code" : "00000202011",
      "display" : "Metaproterenol"
    },
    {
      "code" : "00000202022",
      "display" : "Metaproternol sulfate"
    },
    {
      "code" : "00000202023",
      "display" : "Orciprenalina"
    },
    {
      "code" : "00000202030",
      "display" : "Orciprenalini sulfas"
    },
    {
      "code" : "00000202032",
      "display" : "Orlin"
    }]
  },
  {
    "code" : "01362601001",
    "display" : "Montelukast",
    "concept" : [{
      "code" : "01362601020",
      "display" : "Asmax (Montelukast)"
    }]
  },
  {
    "code" : "00000301001",
    "display" : "Aminosalicylic acid",
    "concept" : [{
      "code" : "00000301003",
      "display" : "Pas"
    },
    {
      "code" : "00000301007",
      "display" : "Para-aminosalicylic acid"
    },
    {
      "code" : "00000301008",
      "display" : "Aminosalylum"
    },
    {
      "code" : "00000301014",
      "display" : "Paser"
    },
    {
      "code" : "00000301023",
      "display" : "4-aminosalicylic acid"
    }]
  },
  {
    "code" : "00000304001",
    "display" : "Aminosalicylate sodium",
    "concept" : [{
      "code" : "00000304004",
      "display" : "Sodium pas"
    },
    {
      "code" : "00000304018",
      "display" : "Monopas"
    },
    {
      "code" : "00000304019",
      "display" : "Pas"
    },
    {
      "code" : "00000304031",
      "display" : "Sodium aminosalicylate"
    },
    {
      "code" : "00000304040",
      "display" : "Aminosalicylic acid sodium"
    },
    {
      "code" : "00000304041",
      "display" : "Med pass"
    }]
  },
  {
    "code" : "00000401001",
    "display" : "Diphenhydramine",
    "concept" : [{
      "code" : "00000401021",
      "display" : "Bionaryl"
    },
    {
      "code" : "00000401022",
      "display" : "Therafilm"
    },
    {
      "code" : "00000401023",
      "display" : "Difenidrammina"
    },
    {
      "code" : "00000401024",
      "display" : "Diphenhydraminum"
    },
    {
      "code" : "00000401025",
      "display" : "Difenhidramina"
    },
    {
      "code" : "00000401028",
      "display" : "Gelbeck"
    },
    {
      "code" : "00000401029",
      "display" : "Blenifen"
    },
    {
      "code" : "00000401030",
      "display" : "Difenhidramina larjan"
    }]
  },
  {
    "code" : "00000402001",
    "display" : "Diphenhydramine hydrochloride",
    "concept" : [{
      "code" : "00000402002",
      "display" : "Benadryl"
    },
    {
      "code" : "00000402027",
      "display" : "Diphenhist"
    },
    {
      "code" : "00000402031",
      "display" : "Hydramine"
    },
    {
      "code" : "00000402032",
      "display" : "Unisom"
    },
    {
      "code" : "00000402036",
      "display" : "Dimedrolum"
    },
    {
      "code" : "00000402045",
      "display" : "Nytol"
    },
    {
      "code" : "00000402058",
      "display" : "Simply sleep"
    },
    {
      "code" : "00000402085",
      "display" : "Difenhidramina gi"
    },
    {
      "code" : "00000402086",
      "display" : "Indumir"
    },
    {
      "code" : "00000402087",
      "display" : "Brudifen"
    },
    {
      "code" : "00000402088",
      "display" : "Bonanoti"
    },
    {
      "code" : "00000402089",
      "display" : "Tovan"
    },
    {
      "code" : "00000402092",
      "display" : "Diphenhydramine"
    },
    {
      "code" : "00000402109",
      "display" : "Diphenhydramin hcl"
    },
    {
      "code" : "00000402110",
      "display" : "Altaryl"
    },
    {
      "code" : "00000402111",
      "display" : "Siladryl"
    },
    {
      "code" : "00000402113",
      "display" : "Benadryl Allergy"
    },
    {
      "code" : "00000402116",
      "display" : "Compoz"
    },
    {
      "code" : "00000402117",
      "display" : "Silphen"
    },
    {
      "code" : "00000402126",
      "display" : "Fada difenhidramin"
    },
    {
      "code" : "00000402127",
      "display" : "Klonadryl antialergico"
    },
    {
      "code" : "00000402129",
      "display" : "Difenhidramina df"
    },
    {
      "code" : "00000402130",
      "display" : "Histaler"
    },
    {
      "code" : "00000402131",
      "display" : "Fabolergic"
    },
    {
      "code" : "00000402144",
      "display" : "Cielozam"
    },
    {
      "code" : "00000402145",
      "display" : "Benadryl A"
    },
    {
      "code" : "00000402153",
      "display" : "Difedrin"
    },
    {
      "code" : "00000402154",
      "display" : "Fendramin"
    },
    {
      "code" : "00000402155",
      "display" : "Difenhidramina"
    },
    {
      "code" : "00000402156",
      "display" : "Histam"
    },
    {
      "code" : "00000402157",
      "display" : "Histomin"
    },
    {
      "code" : "00000402158",
      "display" : "Aledryl"
    },
    {
      "code" : "00000402159",
      "display" : "Antalergin"
    },
    {
      "code" : "00000402160",
      "display" : "Benacyma"
    },
    {
      "code" : "00000402161",
      "display" : "Idramin"
    },
    {
      "code" : "00000402162",
      "display" : "Fenilar"
    },
    {
      "code" : "00000402163",
      "display" : "Fenidramin"
    },
    {
      "code" : "00000402172",
      "display" : "Pasifen"
    },
    {
      "code" : "00000402173",
      "display" : "Somol"
    },
    {
      "code" : "00000402189",
      "display" : "Antil"
    },
    {
      "code" : "00000402190",
      "display" : "Cerylana"
    },
    {
      "code" : "00000402191",
      "display" : "Childrens allergy"
    },
    {
      "code" : "00000402192",
      "display" : "Complete allergy"
    },
    {
      "code" : "00000402225",
      "display" : "Dermarest Dricort"
    },
    {
      "code" : "00000402232",
      "display" : "Benadrilina"
    },
    {
      "code" : "00000402234",
      "display" : "Nauzene"
    },
    {
      "code" : "00000402246",
      "display" : "Diphenhydramine HCL"
    },
    {
      "code" : "00000402252",
      "display" : "Dormilong"
    },
    {
      "code" : "00000402253",
      "display" : "Diphenhydramin Hydrchloride"
    },
    {
      "code" : "00000402254",
      "display" : "Triaminic Cough and Runny Nose"
    },
    {
      "code" : "00000402263",
      "display" : "Geri-dryl allergy relief"
    },
    {
      "code" : "00000402274",
      "display" : "Dicopanol"
    },
    {
      "code" : "00000402279",
      "display" : "Nelfigen"
    },
    {
      "code" : "00000402280",
      "display" : "Itch Relief"
    },
    {
      "code" : "00000402283",
      "display" : "Theraflu Alergia"
    },
    {
      "code" : "00000402284",
      "display" : "Difenhidramina Northia"
    },
    {
      "code" : "00000402288",
      "display" : "Diphenhydramin hydrochloride"
    },
    {
      "code" : "00000402300",
      "display" : "Pharbedryl"
    },
    {
      "code" : "00000402306",
      "display" : "Dormessa"
    },
    {
      "code" : "00000402308",
      "display" : "Amodormin"
    },
    {
      "code" : "00000402310",
      "display" : "Lurispan"
    },
    {
      "code" : "00000402311",
      "display" : "Drafen"
    },
    {
      "code" : "00000402312",
      "display" : "Vicnite"
    },
    {
      "code" : "00000402316",
      "display" : "Drepatil"
    },
    {
      "code" : "00000402320",
      "display" : "Difenhidramina fada"
    },
    {
      "code" : "00000402321",
      "display" : "Fadalex"
    },
    {
      "code" : "00000402324",
      "display" : "Difenhidramina sintesis"
    },
    {
      "code" : "00000402325",
      "display" : "Morfeo"
    },
    {
      "code" : "00000402326",
      "display" : "Zzzquil"
    },
    {
      "code" : "00000402328",
      "display" : "Dormotin"
    },
    {
      "code" : "00000402329",
      "display" : "Triaminic allergy"
    },
    {
      "code" : "00000402330",
      "display" : "Alka seltzer plus allergy"
    },
    {
      "code" : "00000402333",
      "display" : "Fendramin sueno"
    },
    {
      "code" : "00000402343",
      "display" : "Benzhydramine HCL"
    },
    {
      "code" : "00000402344",
      "display" : "Benzhydramine hydrochloride"
    },
    {
      "code" : "00000402345",
      "display" : "Diphenhydramini hydrochloridum"
    },
    {
      "code" : "00000402349",
      "display" : "Difenhidramina puntanos"
    },
    {
      "code" : "00000402361",
      "display" : "Difenhidramina surar pharma"
    },
    {
      "code" : "00000402366",
      "display" : "Nighttime sleep aid"
    },
    {
      "code" : "00000402377",
      "display" : "Difenidrin"
    },
    {
      "code" : "00000402379",
      "display" : "Difenhidramina clorhidrato"
    },
    {
      "code" : "00000402388",
      "display" : "The itch eraser max strength"
    },
    {
      "code" : "00000402389",
      "display" : "Unisom sleepgels"
    },
    {
      "code" : "00000402391",
      "display" : "Vanamine pd"
    },
    {
      "code" : "00000402397",
      "display" : "Dormin"
    },
    {
      "code" : "00000402399",
      "display" : "Vickzzz"
    },
    {
      "code" : "00000402402",
      "display" : "Geri dryl liquid allergy relief"
    },
    {
      "code" : "00000402407",
      "display" : "Unisom sleepmelts"
    },
    {
      "code" : "00000402414",
      "display" : "Sleepy"
    },
    {
      "code" : "00000402416",
      "display" : "Hidrigort"
    },
    {
      "code" : "00000402417",
      "display" : "Melatol difen"
    },
    {
      "code" : "00000402419",
      "display" : "Childrens dye free diphenhydramine hcl"
    },
    {
      "code" : "00000402422",
      "display" : "Childrens pediaclear cough"
    },
    {
      "code" : "00000402423",
      "display" : "Samay sleep gels"
    },
    {
      "code" : "00000402424",
      "display" : "M dryl"
    },
    {
      "code" : "00000402425",
      "display" : "Diphen elixir"
    },
    {
      "code" : "00000402428",
      "display" : "Liquid allergy relief"
    },
    {
      "code" : "00000402439",
      "display" : "Nervessa"
    },
    {
      "code" : "00000402442",
      "display" : "Ferlen plus"
    },
    {
      "code" : "00000402446",
      "display" : "Di phen"
    },
    {
      "code" : "00000402447",
      "display" : "Nyquil z"
    },
    {
      "code" : "00000402448",
      "display" : "Sorenex"
    },
    {
      "code" : "00000402450",
      "display" : "Bionaryl"
    },
    {
      "code" : "00000402451",
      "display" : "Difamhed"
    },
    {
      "code" : "00000402452",
      "display" : "Difenhistat"
    },
    {
      "code" : "00000402453",
      "display" : "Difedram"
    },
    {
      "code" : "00000402454",
      "display" : "Ulcoid"
    },
    {
      "code" : "00000402459",
      "display" : "Noctamid"
    },
    {
      "code" : "00000402468",
      "display" : "Difenhidramina hcl"
    },
    {
      "code" : "00000402491",
      "display" : "Sloth"
    }]
  },
  {
    "code" : "15268625001",
    "display" : "Tozinameran"
  }]
}