<?xml version="1.0" encoding="UTF-8"?>

<CodeSystem xmlns="http://hl7.org/fhir">
  <id value="WHODrugPMID"/>
  <meta>
    <versionId value="1"/>
    <lastUpdated value="2023-05-25T13:22:48.124+00:00"/>
  </meta>
  <text>
    <status value="generated"/><div xmlns="http://www.w3.org/1999/xhtml"><p>This  code system <code>https://paho.org/fhir/esavi/CodeSystem/WHODrugPMID</code> provides <b>a fragment</b> that includes following codes in an undefined heirarchy:</p><table class="codes"><tr><td><b>Lvl</b></td><td style="white-space:nowrap"><b>Code</b></td><td><b>Display</b></td></tr><tr><td>1</td><td style="white-space:nowrap">1<a name="WHODrugPMID-1"> </a></td><td>Methyldopa</td></tr><tr><td>2</td><td style="white-space:nowrap">  66969<a name="WHODrugPMID-66969"> </a></td><td>Aldomet</td></tr><tr><td>2</td><td style="white-space:nowrap">  83864<a name="WHODrugPMID-83864"> </a></td><td>Alfametildopa</td></tr><tr><td>2</td><td style="white-space:nowrap">  83867<a name="WHODrugPMID-83867"> </a></td><td>Almedop</td></tr><tr><td>2</td><td style="white-space:nowrap">  66368<a name="WHODrugPMID-66368"> </a></td><td>Cardin</td></tr><tr><td>2</td><td style="white-space:nowrap">  66854<a name="WHODrugPMID-66854"> </a></td><td>Methyldopum</td></tr><tr><td>2</td><td style="white-space:nowrap">  282216<a name="WHODrugPMID-282216"> </a></td><td>Prodop</td></tr><tr><td>2</td><td style="white-space:nowrap">  291006<a name="WHODrugPMID-291006"> </a></td><td>Hipermessel</td></tr><tr><td>2</td><td style="white-space:nowrap">  452532<a name="WHODrugPMID-452532"> </a></td><td>Tensioval</td></tr><tr><td>2</td><td style="white-space:nowrap">  453189<a name="WHODrugPMID-453189"> </a></td><td>Cardiodopa</td></tr><tr><td>2</td><td style="white-space:nowrap">  454237<a name="WHODrugPMID-454237"> </a></td><td>Metildopa</td></tr><tr><td>2</td><td style="white-space:nowrap">  454370<a name="WHODrugPMID-454370"> </a></td><td>Etildopanan</td></tr><tr><td>2</td><td style="white-space:nowrap">  454437<a name="WHODrugPMID-454437"> </a></td><td>Aldotensin</td></tr><tr><td>2</td><td style="white-space:nowrap">  456598<a name="WHODrugPMID-456598"> </a></td><td>Angimet</td></tr><tr><td>2</td><td style="white-space:nowrap">  456823<a name="WHODrugPMID-456823"> </a></td><td>Metilcord</td></tr><tr><td>2</td><td style="white-space:nowrap">  457357<a name="WHODrugPMID-457357"> </a></td><td>Metilprod</td></tr><tr><td>2</td><td style="white-space:nowrap">  459175<a name="WHODrugPMID-459175"> </a></td><td>Pressomet</td></tr><tr><td>2</td><td style="white-space:nowrap">  460094<a name="WHODrugPMID-460094"> </a></td><td>Metilpress</td></tr><tr><td>2</td><td style="white-space:nowrap">  460710<a name="WHODrugPMID-460710"> </a></td><td>Ductomet</td></tr><tr><td>2</td><td style="white-space:nowrap">  460844<a name="WHODrugPMID-460844"> </a></td><td>Tildomet</td></tr><tr><td>2</td><td style="white-space:nowrap">  460938<a name="WHODrugPMID-460938"> </a></td><td>Kindomet</td></tr><tr><td>2</td><td style="white-space:nowrap">  461190<a name="WHODrugPMID-461190"> </a></td><td>Dometil</td></tr><tr><td>2</td><td style="white-space:nowrap">  461358<a name="WHODrugPMID-461358"> </a></td><td>Dopametil</td></tr><tr><td>2</td><td style="white-space:nowrap">  461598<a name="WHODrugPMID-461598"> </a></td><td>Aldoless</td></tr><tr><td>2</td><td style="white-space:nowrap">  463071<a name="WHODrugPMID-463071"> </a></td><td>Aldotil</td></tr><tr><td>2</td><td style="white-space:nowrap">  463422<a name="WHODrugPMID-463422"> </a></td><td>Medpress</td></tr><tr><td>2</td><td style="white-space:nowrap">  464558<a name="WHODrugPMID-464558"> </a></td><td>Gendomet</td></tr><tr><td>2</td><td style="white-space:nowrap">  465007<a name="WHODrugPMID-465007"> </a></td><td>Metilvita</td></tr><tr><td>2</td><td style="white-space:nowrap">  465180<a name="WHODrugPMID-465180"> </a></td><td>Dimipress</td></tr><tr><td>2</td><td style="white-space:nowrap">  474904<a name="WHODrugPMID-474904"> </a></td><td>Dopatral</td></tr><tr><td>2</td><td style="white-space:nowrap">  479017<a name="WHODrugPMID-479017"> </a></td><td>Dopagrand</td></tr><tr><td>2</td><td style="white-space:nowrap">  565692<a name="WHODrugPMID-565692"> </a></td><td>Dopasan</td></tr><tr><td>2</td><td style="white-space:nowrap">  565893<a name="WHODrugPMID-565893"> </a></td><td>Tensodopa</td></tr><tr><td>2</td><td style="white-space:nowrap">  589386<a name="WHODrugPMID-589386"> </a></td><td>Aldopa</td></tr><tr><td>2</td><td style="white-space:nowrap">  688969<a name="WHODrugPMID-688969"> </a></td><td>Coradopa</td></tr><tr><td>2</td><td style="white-space:nowrap">  848371<a name="WHODrugPMID-848371"> </a></td><td>Tremesal</td></tr><tr><td>2</td><td style="white-space:nowrap">  1555693<a name="WHODrugPMID-1555693"> </a></td><td>Metildopamek</td></tr><tr><td>2</td><td style="white-space:nowrap">  2232395<a name="WHODrugPMID-2232395"> </a></td><td>Toparal</td></tr><tr><td>2</td><td style="white-space:nowrap">  2542934<a name="WHODrugPMID-2542934"> </a></td><td>Hipermet</td></tr><tr><td>2</td><td style="white-space:nowrap">  2571293<a name="WHODrugPMID-2571293"> </a></td><td>Metildopa ethical</td></tr><tr><td>2</td><td style="white-space:nowrap">  2771093<a name="WHODrugPMID-2771093"> </a></td><td>Alpha-methyldopa</td></tr><tr><td>2</td><td style="white-space:nowrap">  2771094<a name="WHODrugPMID-2771094"> </a></td><td>Methyldopum anhydricum</td></tr><tr><td>2</td><td style="white-space:nowrap">  2982030<a name="WHODrugPMID-2982030"> </a></td><td>Metildopa icu-vita</td></tr><tr><td>2</td><td style="white-space:nowrap">  3108212<a name="WHODrugPMID-3108212"> </a></td><td>Venopressin</td></tr><tr><td>2</td><td style="white-space:nowrap">  4531656<a name="WHODrugPMID-4531656"> </a></td><td>Furp metildopa</td></tr><tr><td>2</td><td style="white-space:nowrap">  4534230<a name="WHODrugPMID-4534230"> </a></td><td>Lfm metildopa</td></tr><tr><td>2</td><td style="white-space:nowrap">  4748993<a name="WHODrugPMID-4748993"> </a></td><td>Alfametildopa dutriec</td></tr><tr><td>2</td><td style="white-space:nowrap">  4812155<a name="WHODrugPMID-4812155"> </a></td><td>Dopa pres</td></tr><tr><td>2</td><td style="white-space:nowrap">  4830401<a name="WHODrugPMID-4830401"> </a></td><td>Alfametildopa vivele</td></tr><tr><td>2</td><td style="white-space:nowrap">  4830725<a name="WHODrugPMID-4830725"> </a></td><td>Alfametildopa phi</td></tr><tr><td>2</td><td style="white-space:nowrap">  4837396<a name="WHODrugPMID-4837396"> </a></td><td>Alfametildopa heisecke</td></tr><tr><td>2</td><td style="white-space:nowrap">  4840706<a name="WHODrugPMID-4840706"> </a></td><td>Aditol</td></tr><tr><td>2</td><td style="white-space:nowrap">  4841814<a name="WHODrugPMID-4841814"> </a></td><td>Alfametildopa dallas</td></tr><tr><td>2</td><td style="white-space:nowrap">  4859966<a name="WHODrugPMID-4859966"> </a></td><td>Alfametildopa avanova</td></tr><tr><td>2</td><td style="white-space:nowrap">  4903605<a name="WHODrugPMID-4903605"> </a></td><td>Dopabrit</td></tr><tr><td>2</td><td style="white-space:nowrap">  5306398<a name="WHODrugPMID-5306398"> </a></td><td>Aldoperten</td></tr><tr><td>1</td><td style="white-space:nowrap">44<a name="WHODrugPMID-44"> </a></td><td>Orciprenaline sulfate</td></tr><tr><td>2</td><td style="white-space:nowrap">  62586<a name="WHODrugPMID-62586"> </a></td><td>Alupent</td></tr><tr><td>2</td><td style="white-space:nowrap">  83868<a name="WHODrugPMID-83868"> </a></td><td>Metaprel</td></tr><tr><td>2</td><td style="white-space:nowrap">  48<a name="WHODrugPMID-48"> </a></td><td>Metaproterenol sulfate</td></tr><tr><td>2</td><td style="white-space:nowrap">  373465<a name="WHODrugPMID-373465"> </a></td><td>Metaproterenol</td></tr><tr><td>2</td><td style="white-space:nowrap">  1780006<a name="WHODrugPMID-1780006"> </a></td><td>Metaproternol sulfate</td></tr><tr><td>2</td><td style="white-space:nowrap">  1824511<a name="WHODrugPMID-1824511"> </a></td><td>Orciprenalina</td></tr><tr><td>2</td><td style="white-space:nowrap">  2771095<a name="WHODrugPMID-2771095"> </a></td><td>Orciprenalini sulfas</td></tr><tr><td>2</td><td style="white-space:nowrap">  4953601<a name="WHODrugPMID-4953601"> </a></td><td>Orlin</td></tr><tr><td>1</td><td style="white-space:nowrap">52<a name="WHODrugPMID-52"> </a></td><td>Aminosalicylic acid</td></tr><tr><td>2</td><td style="white-space:nowrap">  54<a name="WHODrugPMID-54"> </a></td><td>Pas</td></tr><tr><td>2</td><td style="white-space:nowrap">  58<a name="WHODrugPMID-58"> </a></td><td>Para-aminosalicylic acid</td></tr><tr><td>2</td><td style="white-space:nowrap">  59<a name="WHODrugPMID-59"> </a></td><td>Aminosalylum</td></tr><tr><td>2</td><td style="white-space:nowrap">  206588<a name="WHODrugPMID-206588"> </a></td><td>Paser</td></tr><tr><td>2</td><td style="white-space:nowrap">  2771097<a name="WHODrugPMID-2771097"> </a></td><td>4-aminosalicylic acid</td></tr><tr><td>1</td><td style="white-space:nowrap">73<a name="WHODrugPMID-73"> </a></td><td>Aminosalicylate sodium</td></tr><tr><td>2</td><td style="white-space:nowrap">  76<a name="WHODrugPMID-76"> </a></td><td>Sodium pas</td></tr><tr><td>2</td><td style="white-space:nowrap">  618431<a name="WHODrugPMID-618431"> </a></td><td>Monopas</td></tr><tr><td>2</td><td style="white-space:nowrap">  619051<a name="WHODrugPMID-619051"> </a></td><td>Pas</td></tr><tr><td>2</td><td style="white-space:nowrap">  1767977<a name="WHODrugPMID-1767977"> </a></td><td>Sodium aminosalicylate</td></tr><tr><td>2</td><td style="white-space:nowrap">  2771098<a name="WHODrugPMID-2771098"> </a></td><td>Aminosalicylic acid sodium</td></tr><tr><td>2</td><td style="white-space:nowrap">  4030232<a name="WHODrugPMID-4030232"> </a></td><td>Med pass</td></tr><tr><td>1</td><td style="white-space:nowrap">4572033<a name="WHODrugPMID-4572033"> </a></td><td>COVID-19 vaccine NRVV Ad (ChAdOx1 nCoV-19)</td></tr><tr><td>2</td><td style="white-space:nowrap">  4639965<a name="WHODrugPMID-4639965"> </a></td><td>AZD 1222</td></tr><tr><td>2</td><td style="white-space:nowrap">  4785107<a name="WHODrugPMID-4785107"> </a></td><td>COVID-19 vaccine AstraZeneca</td></tr><tr><td>2</td><td style="white-space:nowrap">  4792744<a name="WHODrugPMID-4792744"> </a></td><td>Covishield</td></tr><tr><td>2</td><td style="white-space:nowrap">  4799556<a name="WHODrugPMID-4799556"> </a></td><td>ChAdOx1 nCoV-19</td></tr><tr><td>2</td><td style="white-space:nowrap">  4849215<a name="WHODrugPMID-4849215"> </a></td><td>Vaxzevria</td></tr><tr><td>2</td><td style="white-space:nowrap">  4869166<a name="WHODrugPMID-4869166"> </a></td><td>Vacuna COVID-19 AstraZeneca</td></tr><tr><td>2</td><td style="white-space:nowrap">  4883313<a name="WHODrugPMID-4883313"> </a></td><td>Vacina COVID-19 (recombinante)</td></tr><tr><td>2</td><td style="white-space:nowrap">  4940363<a name="WHODrugPMID-4940363"> </a></td><td>COVID-19 vacuna AstraZeneca</td></tr><tr><td>1</td><td style="white-space:nowrap">4572037<a name="WHODrugPMID-4572037"> </a></td><td>Elasomeran</td></tr><tr><td>2</td><td style="white-space:nowrap">  4782591<a name="WHODrugPMID-4782591"> </a></td><td>Moderna COVID-19 vaccine</td></tr><tr><td>2</td><td style="white-space:nowrap">  4786081<a name="WHODrugPMID-4786081"> </a></td><td>COVID-19 vaccine Moderna</td></tr><tr><td>2</td><td style="white-space:nowrap">  4796448<a name="WHODrugPMID-4796448"> </a></td><td>TAK 919</td></tr><tr><td>2</td><td style="white-space:nowrap">  4799510<a name="WHODrugPMID-4799510"> </a></td><td>MRNA 1273</td></tr><tr><td>2</td><td style="white-space:nowrap">  4800509<a name="WHODrugPMID-4800509"> </a></td><td>CX-024414</td></tr><tr><td>2</td><td style="white-space:nowrap">  4906646<a name="WHODrugPMID-4906646"> </a></td><td>COVID-19 vaccine mRNA (mRNA 1273)</td></tr><tr><td>2</td><td style="white-space:nowrap">  4908319<a name="WHODrugPMID-4908319"> </a></td><td>Spikevax</td></tr><tr><td>1</td><td style="white-space:nowrap">4573986<a name="WHODrugPMID-4573986"> </a></td><td>COVID-19 vaccine NRVV Ad5 (Ad5-nCoV)</td></tr><tr><td>2</td><td style="white-space:nowrap">  4805049<a name="WHODrugPMID-4805049"> </a></td><td>Ad5-nCoV</td></tr><tr><td>2</td><td style="white-space:nowrap">  4824392<a name="WHODrugPMID-4824392"> </a></td><td>Convidecia</td></tr><tr><td>1</td><td style="white-space:nowrap">4668104<a name="WHODrugPMID-4668104"> </a></td><td>COVID-19 vaccine inact w.virion NIV-2020-770</td></tr><tr><td>2</td><td style="white-space:nowrap">  4792763<a name="WHODrugPMID-4792763"> </a></td><td>Covaxin</td></tr><tr><td>2</td><td style="white-space:nowrap">  4799546<a name="WHODrugPMID-4799546"> </a></td><td>BBV152</td></tr><tr><td>1</td><td style="white-space:nowrap">4679007<a name="WHODrugPMID-4679007"> </a></td><td>COVID-19 vaccine prot. subunit (MVC-COV1901)</td></tr><tr><td>2</td><td style="white-space:nowrap">  4947359<a name="WHODrugPMID-4947359"> </a></td><td>Mvc covid-19 vaccine</td></tr><tr><td>2</td><td style="white-space:nowrap">  4947376<a name="WHODrugPMID-4947376"> </a></td><td>MVC-COV1901</td></tr><tr><td>1</td><td style="white-space:nowrap">4682366<a name="WHODrugPMID-4682366"> </a></td><td>COVID-19 vaccine NRVV Ad5 (Gam-Covid-Vac)</td></tr><tr><td>2</td><td style="white-space:nowrap">  4682374<a name="WHODrugPMID-4682374"> </a></td><td>Gam-COVID-Vac component 2</td></tr><tr><td>2</td><td style="white-space:nowrap">  4810801<a name="WHODrugPMID-4810801"> </a></td><td>Sputnik V component 2</td></tr><tr><td>1</td><td style="white-space:nowrap">4780788<a name="WHODrugPMID-4780788"> </a></td><td>Tozinameran</td></tr><tr><td>2</td><td style="white-space:nowrap">  4780789<a name="WHODrugPMID-4780789"> </a></td><td>BNT162b2</td></tr><tr><td>2</td><td style="white-space:nowrap">  4782534<a name="WHODrugPMID-4782534"> </a></td><td>Pfizer BioNTech COVID-19 vaccine</td></tr><tr><td>2</td><td style="white-space:nowrap">  4783379<a name="WHODrugPMID-4783379"> </a></td><td>Comirnaty</td></tr><tr><td>2</td><td style="white-space:nowrap">  4799499<a name="WHODrugPMID-4799499"> </a></td><td>COVID-19 vaccine mRNA (BNT162b2)</td></tr><tr><td>2</td><td style="white-space:nowrap">  4805604<a name="WHODrugPMID-4805604"> </a></td><td>Vacuna COVID-19 Pfizer BioNTech</td></tr><tr><td>2</td><td style="white-space:nowrap">  4863089<a name="WHODrugPMID-4863089"> </a></td><td>PF 07305885</td></tr><tr><td>2</td><td style="white-space:nowrap">  4884974<a name="WHODrugPMID-4884974"> </a></td><td>Vacuna Pfizer-BioNTech COVID-19</td></tr><tr><td>1</td><td style="white-space:nowrap">4796216<a name="WHODrugPMID-4796216"> </a></td><td>COVID-19 vaccine prot. subunit (ZF 2001)</td></tr><tr><td>2</td><td style="white-space:nowrap">  4865237<a name="WHODrugPMID-4865237"> </a></td><td>ZF 2001</td></tr><tr><td>2</td><td style="white-space:nowrap">  4915141<a name="WHODrugPMID-4915141"> </a></td><td>Zifivax</td></tr><tr><td>1</td><td style="white-space:nowrap">4797499<a name="WHODrugPMID-4797499"> </a></td><td>COVID-19 vaccine NRVV Ad26 (JNJ 78436735)</td></tr><tr><td>2</td><td style="white-space:nowrap">  4816541<a name="WHODrugPMID-4816541"> </a></td><td>JNJ 78436735</td></tr><tr><td>2</td><td style="white-space:nowrap">  4822995<a name="WHODrugPMID-4822995"> </a></td><td>Janssen COVID-19 vaccine</td></tr><tr><td>2</td><td style="white-space:nowrap">  4833339<a name="WHODrugPMID-4833339"> </a></td><td>COVID-19 vaccine Janssen</td></tr><tr><td>2</td><td style="white-space:nowrap">  4852631<a name="WHODrugPMID-4852631"> </a></td><td>Vacuna COVID-19 Janssen</td></tr><tr><td>2</td><td style="white-space:nowrap">  5083749<a name="WHODrugPMID-5083749"> </a></td><td>Vacina COVID-19 (recombinante)</td></tr><tr><td>1</td><td style="white-space:nowrap">4799619<a name="WHODrugPMID-4799619"> </a></td><td>COVID-19 vaccine inact (Vero) HB02</td></tr><tr><td>2</td><td style="white-space:nowrap">  4799624<a name="WHODrugPMID-4799624"> </a></td><td>BBIBP-CorV</td></tr><tr><td>2</td><td style="white-space:nowrap">  4799993<a name="WHODrugPMID-4799993"> </a></td><td>COVID-19 vaccine (vero cell), inactivated</td></tr><tr><td>2</td><td style="white-space:nowrap">  4819189<a name="WHODrugPMID-4819189"> </a></td><td>Vacuna contra el SARS-COV-2 (Vero Cell), Inactivada</td></tr><tr><td>2</td><td style="white-space:nowrap">  4894086<a name="WHODrugPMID-4894086"> </a></td><td>Hayat vax</td></tr><tr><td>2</td><td style="white-space:nowrap">  4940345<a name="WHODrugPMID-4940345"> </a></td><td>Vacuna SARS-CoV-2 (celulas vero) inactivada</td></tr><tr><td>2</td><td style="white-space:nowrap">  5049676<a name="WHODrugPMID-5049676"> </a></td><td>COVID-19 vaccine inact (Vero) 19nCoV-CDC-Tan-HB02</td></tr><tr><td>1</td><td style="white-space:nowrap">4799625<a name="WHODrugPMID-4799625"> </a></td><td>COVID-19 vaccine inact (Vero) CZ02</td></tr><tr><td>2</td><td style="white-space:nowrap">  4799626<a name="WHODrugPMID-4799626"> </a></td><td>CoronaVac</td></tr><tr><td>2</td><td style="white-space:nowrap">  4886022<a name="WHODrugPMID-4886022"> </a></td><td>Vacina adsorvida COVID-19 (inativada)</td></tr><tr><td>1</td><td style="white-space:nowrap">4919020<a name="WHODrugPMID-4919020"> </a></td><td>COVID-19 vaccine prot. subunit (CIGB 66)</td></tr><tr><td>2</td><td style="white-space:nowrap">  4919028<a name="WHODrugPMID-4919028"> </a></td><td>Abdala</td></tr><tr><td>2</td><td style="white-space:nowrap">  5128541<a name="WHODrugPMID-5128541"> </a></td><td>CIGB 66</td></tr><tr><td>1</td><td style="white-space:nowrap">5025645<a name="WHODrugPMID-5025645"> </a></td><td>COVID-19 vaccine NRVV Ad26 (Gam-Covid-Vac);COVID-19 vaccine NRVV Ad5 (Gam-Covid-Vac)</td></tr><tr><td>2</td><td style="white-space:nowrap">  5025649<a name="WHODrugPMID-5025649"> </a></td><td>Sputnik V</td></tr><tr><td>2</td><td style="white-space:nowrap">  5025668<a name="WHODrugPMID-5025668"> </a></td><td>Gam-COVID-Vac</td></tr><tr><td>1</td><td style="white-space:nowrap">5256759<a name="WHODrugPMID-5256759"> </a></td><td>Famtozinameran;Tozinameran</td></tr><tr><td>2</td><td style="white-space:nowrap">  5314523<a name="WHODrugPMID-5314523"> </a></td><td>Comirnaty bivalente BA.4/BA.5</td></tr><tr><td>1</td><td style="white-space:nowrap">5256893<a name="WHODrugPMID-5256893"> </a></td><td>Riltozinameran;Tozinameran</td></tr><tr><td>2</td><td style="white-space:nowrap">  5314511<a name="WHODrugPMID-5314511"> </a></td><td>Comirnaty bivalente BA.1</td></tr></table></div>
  </text>
  <url value="https://paho.org/fhir/esavi/CodeSystem/WHODrugPMID"/>
  <version value="0.1.3409"/>
  <name value="WHODrugPMID"/>
  <title value="WHODrug PMID"/>
  <status value="active"/>
  <experimental value="true"/>
  <date value="2023-05-25T00:00:00-04:00"/>
  <publisher value="ESAVI -"/>
  <contact>
    <name value="ESAVI -"/>
    <telecom>
      <system value="url"/>
      <value value="https://covid-19pharmacovigilance.paho.org/resources/updates-on-aefi"/>
    </telecom>
    <telecom>
      <system value="email"/>
      <value value="rizzatodan@paho.org"/>
    </telecom>
  </contact>
  <description value="Fragmento de WHODrug completo con nombres genericos y comerciales en inglés mayormente codificados por PMID"/>
  <jurisdiction>
    <coding>
      <system value="http://unstats.un.org/unsd/methods/m49/m49.htm"/>
      <code value="001"/>
    </coding>
  </jurisdiction>
  <content value="fragment"/>
  <concept>
    <code value="1"/>
    <display value="Methyldopa"/>
    <concept>
      <code value="66969"/>
      <display value="Aldomet"/>
    </concept>
    <concept>
      <code value="83864"/>
      <display value="Alfametildopa"/>
    </concept>
    <concept>
      <code value="83867"/>
      <display value="Almedop"/>
    </concept>
    <concept>
      <code value="66368"/>
      <display value="Cardin"/>
    </concept>
    <concept>
      <code value="66854"/>
      <display value="Methyldopum"/>
    </concept>
    <concept>
      <code value="282216"/>
      <display value="Prodop"/>
    </concept>
    <concept>
      <code value="291006"/>
      <display value="Hipermessel"/>
    </concept>
    <concept>
      <code value="452532"/>
      <display value="Tensioval"/>
    </concept>
    <concept>
      <code value="453189"/>
      <display value="Cardiodopa"/>
    </concept>
    <concept>
      <code value="454237"/>
      <display value="Metildopa"/>
    </concept>
    <concept>
      <code value="454370"/>
      <display value="Etildopanan"/>
    </concept>
    <concept>
      <code value="454437"/>
      <display value="Aldotensin"/>
    </concept>
    <concept>
      <code value="456598"/>
      <display value="Angimet"/>
    </concept>
    <concept>
      <code value="456823"/>
      <display value="Metilcord"/>
    </concept>
    <concept>
      <code value="457357"/>
      <display value="Metilprod"/>
    </concept>
    <concept>
      <code value="459175"/>
      <display value="Pressomet"/>
    </concept>
    <concept>
      <code value="460094"/>
      <display value="Metilpress"/>
    </concept>
    <concept>
      <code value="460710"/>
      <display value="Ductomet"/>
    </concept>
    <concept>
      <code value="460844"/>
      <display value="Tildomet"/>
    </concept>
    <concept>
      <code value="460938"/>
      <display value="Kindomet"/>
    </concept>
    <concept>
      <code value="461190"/>
      <display value="Dometil"/>
    </concept>
    <concept>
      <code value="461358"/>
      <display value="Dopametil"/>
    </concept>
    <concept>
      <code value="461598"/>
      <display value="Aldoless"/>
    </concept>
    <concept>
      <code value="463071"/>
      <display value="Aldotil"/>
    </concept>
    <concept>
      <code value="463422"/>
      <display value="Medpress"/>
    </concept>
    <concept>
      <code value="464558"/>
      <display value="Gendomet"/>
    </concept>
    <concept>
      <code value="465007"/>
      <display value="Metilvita"/>
    </concept>
    <concept>
      <code value="465180"/>
      <display value="Dimipress"/>
    </concept>
    <concept>
      <code value="474904"/>
      <display value="Dopatral"/>
    </concept>
    <concept>
      <code value="479017"/>
      <display value="Dopagrand"/>
    </concept>
    <concept>
      <code value="565692"/>
      <display value="Dopasan"/>
    </concept>
    <concept>
      <code value="565893"/>
      <display value="Tensodopa"/>
    </concept>
    <concept>
      <code value="589386"/>
      <display value="Aldopa"/>
    </concept>
    <concept>
      <code value="688969"/>
      <display value="Coradopa"/>
    </concept>
    <concept>
      <code value="848371"/>
      <display value="Tremesal"/>
    </concept>
    <concept>
      <code value="1555693"/>
      <display value="Metildopamek"/>
    </concept>
    <concept>
      <code value="2232395"/>
      <display value="Toparal"/>
    </concept>
    <concept>
      <code value="2542934"/>
      <display value="Hipermet"/>
    </concept>
    <concept>
      <code value="2571293"/>
      <display value="Metildopa ethical"/>
    </concept>
    <concept>
      <code value="2771093"/>
      <display value="Alpha-methyldopa"/>
    </concept>
    <concept>
      <code value="2771094"/>
      <display value="Methyldopum anhydricum"/>
    </concept>
    <concept>
      <code value="2982030"/>
      <display value="Metildopa icu-vita"/>
    </concept>
    <concept>
      <code value="3108212"/>
      <display value="Venopressin"/>
    </concept>
    <concept>
      <code value="4531656"/>
      <display value="Furp metildopa"/>
    </concept>
    <concept>
      <code value="4534230"/>
      <display value="Lfm metildopa"/>
    </concept>
    <concept>
      <code value="4748993"/>
      <display value="Alfametildopa dutriec"/>
    </concept>
    <concept>
      <code value="4812155"/>
      <display value="Dopa pres"/>
    </concept>
    <concept>
      <code value="4830401"/>
      <display value="Alfametildopa vivele"/>
    </concept>
    <concept>
      <code value="4830725"/>
      <display value="Alfametildopa phi"/>
    </concept>
    <concept>
      <code value="4837396"/>
      <display value="Alfametildopa heisecke"/>
    </concept>
    <concept>
      <code value="4840706"/>
      <display value="Aditol"/>
    </concept>
    <concept>
      <code value="4841814"/>
      <display value="Alfametildopa dallas"/>
    </concept>
    <concept>
      <code value="4859966"/>
      <display value="Alfametildopa avanova"/>
    </concept>
    <concept>
      <code value="4903605"/>
      <display value="Dopabrit"/>
    </concept>
    <concept>
      <code value="5306398"/>
      <display value="Aldoperten"/>
    </concept>
  </concept>
  <concept>
    <code value="44"/>
    <display value="Orciprenaline sulfate"/>
    <concept>
      <code value="62586"/>
      <display value="Alupent"/>
    </concept>
    <concept>
      <code value="83868"/>
      <display value="Metaprel"/>
    </concept>
    <concept>
      <code value="48"/>
      <display value="Metaproterenol sulfate"/>
    </concept>
    <concept>
      <code value="373465"/>
      <display value="Metaproterenol"/>
    </concept>
    <concept>
      <code value="1780006"/>
      <display value="Metaproternol sulfate"/>
    </concept>
    <concept>
      <code value="1824511"/>
      <display value="Orciprenalina"/>
    </concept>
    <concept>
      <code value="2771095"/>
      <display value="Orciprenalini sulfas"/>
    </concept>
    <concept>
      <code value="4953601"/>
      <display value="Orlin"/>
    </concept>
  </concept>
  <concept>
    <code value="52"/>
    <display value="Aminosalicylic acid"/>
    <concept>
      <code value="54"/>
      <display value="Pas"/>
    </concept>
    <concept>
      <code value="58"/>
      <display value="Para-aminosalicylic acid"/>
    </concept>
    <concept>
      <code value="59"/>
      <display value="Aminosalylum"/>
    </concept>
    <concept>
      <code value="206588"/>
      <display value="Paser"/>
    </concept>
    <concept>
      <code value="2771097"/>
      <display value="4-aminosalicylic acid"/>
    </concept>
  </concept>
  <concept>
    <code value="73"/>
    <display value="Aminosalicylate sodium"/>
    <concept>
      <code value="76"/>
      <display value="Sodium pas"/>
    </concept>
    <concept>
      <code value="618431"/>
      <display value="Monopas"/>
    </concept>
    <concept>
      <code value="619051"/>
      <display value="Pas"/>
    </concept>
    <concept>
      <code value="1767977"/>
      <display value="Sodium aminosalicylate"/>
    </concept>
    <concept>
      <code value="2771098"/>
      <display value="Aminosalicylic acid sodium"/>
    </concept>
    <concept>
      <code value="4030232"/>
      <display value="Med pass"/>
    </concept>
  </concept>
  <concept>
    <code value="4572033"/>
    <display value="COVID-19 vaccine NRVV Ad (ChAdOx1 nCoV-19)"/>
    <concept>
      <code value="4639965"/>
      <display value="AZD 1222"/>
    </concept>
    <concept>
      <code value="4785107"/>
      <display value="COVID-19 vaccine AstraZeneca"/>
    </concept>
    <concept>
      <code value="4792744"/>
      <display value="Covishield"/>
    </concept>
    <concept>
      <code value="4799556"/>
      <display value="ChAdOx1 nCoV-19"/>
    </concept>
    <concept>
      <code value="4849215"/>
      <display value="Vaxzevria"/>
    </concept>
    <concept>
      <code value="4869166"/>
      <display value="Vacuna COVID-19 AstraZeneca"/>
    </concept>
    <concept>
      <code value="4883313"/>
      <display value="Vacina COVID-19 (recombinante)"/>
    </concept>
    <concept>
      <code value="4940363"/>
      <display value="COVID-19 vacuna AstraZeneca"/>
    </concept>
  </concept>
  <concept>
    <code value="4572037"/>
    <display value="Elasomeran"/>
    <concept>
      <code value="4782591"/>
      <display value="Moderna COVID-19 vaccine"/>
    </concept>
    <concept>
      <code value="4786081"/>
      <display value="COVID-19 vaccine Moderna"/>
    </concept>
    <concept>
      <code value="4796448"/>
      <display value="TAK 919"/>
    </concept>
    <concept>
      <code value="4799510"/>
      <display value="MRNA 1273"/>
    </concept>
    <concept>
      <code value="4800509"/>
      <display value="CX-024414"/>
    </concept>
    <concept>
      <code value="4906646"/>
      <display value="COVID-19 vaccine mRNA (mRNA 1273)"/>
    </concept>
    <concept>
      <code value="4908319"/>
      <display value="Spikevax"/>
    </concept>
  </concept>
  <concept>
    <code value="4573986"/>
    <display value="COVID-19 vaccine NRVV Ad5 (Ad5-nCoV)"/>
    <concept>
      <code value="4805049"/>
      <display value="Ad5-nCoV"/>
    </concept>
    <concept>
      <code value="4824392"/>
      <display value="Convidecia"/>
    </concept>
  </concept>
  <concept>
    <code value="4668104"/>
    <display value="COVID-19 vaccine inact w.virion NIV-2020-770"/>
    <concept>
      <code value="4792763"/>
      <display value="Covaxin"/>
    </concept>
    <concept>
      <code value="4799546"/>
      <display value="BBV152"/>
    </concept>
  </concept>
  <concept>
    <code value="4679007"/>
    <display value="COVID-19 vaccine prot. subunit (MVC-COV1901)"/>
    <concept>
      <code value="4947359"/>
      <display value="Mvc covid-19 vaccine"/>
    </concept>
    <concept>
      <code value="4947376"/>
      <display value="MVC-COV1901"/>
    </concept>
  </concept>
  <concept>
    <code value="4682366"/>
    <display value="COVID-19 vaccine NRVV Ad5 (Gam-Covid-Vac)"/>
    <concept>
      <code value="4682374"/>
      <display value="Gam-COVID-Vac component 2"/>
    </concept>
    <concept>
      <code value="4810801"/>
      <display value="Sputnik V component 2"/>
    </concept>
  </concept>
  <concept>
    <code value="4780788"/>
    <display value="Tozinameran"/>
    <concept>
      <code value="4780789"/>
      <display value="BNT162b2"/>
    </concept>
    <concept>
      <code value="4782534"/>
      <display value="Pfizer BioNTech COVID-19 vaccine"/>
    </concept>
    <concept>
      <code value="4783379"/>
      <display value="Comirnaty"/>
    </concept>
    <concept>
      <code value="4799499"/>
      <display value="COVID-19 vaccine mRNA (BNT162b2)"/>
    </concept>
    <concept>
      <code value="4805604"/>
      <display value="Vacuna COVID-19 Pfizer BioNTech"/>
    </concept>
    <concept>
      <code value="4863089"/>
      <display value="PF 07305885"/>
    </concept>
    <concept>
      <code value="4884974"/>
      <display value="Vacuna Pfizer-BioNTech COVID-19"/>
    </concept>
  </concept>
  <concept>
    <code value="4796216"/>
    <display value="COVID-19 vaccine prot. subunit (ZF 2001)"/>
    <concept>
      <code value="4865237"/>
      <display value="ZF 2001"/>
    </concept>
    <concept>
      <code value="4915141"/>
      <display value="Zifivax"/>
    </concept>
  </concept>
  <concept>
    <code value="4797499"/>
    <display value="COVID-19 vaccine NRVV Ad26 (JNJ 78436735)"/>
    <concept>
      <code value="4816541"/>
      <display value="JNJ 78436735"/>
    </concept>
    <concept>
      <code value="4822995"/>
      <display value="Janssen COVID-19 vaccine"/>
    </concept>
    <concept>
      <code value="4833339"/>
      <display value="COVID-19 vaccine Janssen"/>
    </concept>
    <concept>
      <code value="4852631"/>
      <display value="Vacuna COVID-19 Janssen"/>
    </concept>
    <concept>
      <code value="5083749"/>
      <display value="Vacina COVID-19 (recombinante)"/>
    </concept>
  </concept>
  <concept>
    <code value="4799619"/>
    <display value="COVID-19 vaccine inact (Vero) HB02"/>
    <concept>
      <code value="4799624"/>
      <display value="BBIBP-CorV"/>
    </concept>
    <concept>
      <code value="4799993"/>
      <display value="COVID-19 vaccine (vero cell), inactivated"/>
    </concept>
    <concept>
      <code value="4819189"/>
      <display value="Vacuna contra el SARS-COV-2 (Vero Cell), Inactivada"/>
    </concept>
    <concept>
      <code value="4894086"/>
      <display value="Hayat vax"/>
    </concept>
    <concept>
      <code value="4940345"/>
      <display value="Vacuna SARS-CoV-2 (celulas vero) inactivada"/>
    </concept>
    <concept>
      <code value="5049676"/>
      <display value="COVID-19 vaccine inact (Vero) 19nCoV-CDC-Tan-HB02"/>
    </concept>
  </concept>
  <concept>
    <code value="4799625"/>
    <display value="COVID-19 vaccine inact (Vero) CZ02"/>
    <concept>
      <code value="4799626"/>
      <display value="CoronaVac"/>
    </concept>
    <concept>
      <code value="4886022"/>
      <display value="Vacina adsorvida COVID-19 (inativada)"/>
    </concept>
  </concept>
  <concept>
    <code value="4919020"/>
    <display value="COVID-19 vaccine prot. subunit (CIGB 66)"/>
    <concept>
      <code value="4919028"/>
      <display value="Abdala"/>
    </concept>
    <concept>
      <code value="5128541"/>
      <display value="CIGB 66"/>
    </concept>
  </concept>
  <concept>
    <code value="5025645"/>
    <display value="COVID-19 vaccine NRVV Ad26 (Gam-Covid-Vac);COVID-19 vaccine NRVV Ad5 (Gam-Covid-Vac)"/>
    <concept>
      <code value="5025649"/>
      <display value="Sputnik V"/>
    </concept>
    <concept>
      <code value="5025668"/>
      <display value="Gam-COVID-Vac"/>
    </concept>
  </concept>
  <concept>
    <code value="5256759"/>
    <display value="Famtozinameran;Tozinameran"/>
    <concept>
      <code value="5314523"/>
      <display value="Comirnaty bivalente BA.4/BA.5"/>
    </concept>
  </concept>
  <concept>
    <code value="5256893"/>
    <display value="Riltozinameran;Tozinameran"/>
    <concept>
      <code value="5314511"/>
      <display value="Comirnaty bivalente BA.1"/>
    </concept>
  </concept>
</CodeSystem>