{
  "resourceType" : "CodeSystem",
  "id" : "codPaisesCS",
  "text" : {
    "status" : "generated",
    "div" : "<div xmlns=\"http://www.w3.org/1999/xhtml\"><p class=\"res-header-id\"><b>Generated Narrative: CodeSystem codPaisesCS</b></p><a name=\"codPaisesCS\"> </a><a name=\"hccodPaisesCS\"> </a><a name=\"codPaisesCS-en-US\"> </a><p>This case-insensitive code system <code>https://paho.org/fhir/esavi/CodeSystem/codPaisesCS</code> defines the following codes:</p><table class=\"codes\"><tr><td style=\"white-space:nowrap\"><b>Code</b></td><td><b>Display</b></td></tr><tr><td style=\"white-space:nowrap\">ABW<a name=\"codPaisesCS-ABW\"> </a></td><td>Aruba</td></tr><tr><td style=\"white-space:nowrap\">AFG<a name=\"codPaisesCS-AFG\"> </a></td><td>Afghanistan</td></tr><tr><td style=\"white-space:nowrap\">AGO<a name=\"codPaisesCS-AGO\"> </a></td><td>Angola</td></tr><tr><td style=\"white-space:nowrap\">AIA<a name=\"codPaisesCS-AIA\"> </a></td><td>Anguilla</td></tr><tr><td style=\"white-space:nowrap\">ALA<a name=\"codPaisesCS-ALA\"> </a></td><td>Eland Islands</td></tr><tr><td style=\"white-space:nowrap\">ALB<a name=\"codPaisesCS-ALB\"> </a></td><td>Albania</td></tr><tr><td style=\"white-space:nowrap\">AND<a name=\"codPaisesCS-AND\"> </a></td><td>Andorra</td></tr><tr><td style=\"white-space:nowrap\">ARE<a name=\"codPaisesCS-ARE\"> </a></td><td>United Arab Emirates</td></tr><tr><td style=\"white-space:nowrap\">ARG<a name=\"codPaisesCS-ARG\"> </a></td><td>Argentina</td></tr><tr><td style=\"white-space:nowrap\">ARM<a name=\"codPaisesCS-ARM\"> </a></td><td>Armenia</td></tr><tr><td style=\"white-space:nowrap\">ASM<a name=\"codPaisesCS-ASM\"> </a></td><td>American Samoa</td></tr><tr><td style=\"white-space:nowrap\">ATA<a name=\"codPaisesCS-ATA\"> </a></td><td>Antarctica</td></tr><tr><td style=\"white-space:nowrap\">ATF<a name=\"codPaisesCS-ATF\"> </a></td><td>French Southern Territories</td></tr><tr><td style=\"white-space:nowrap\">ATG<a name=\"codPaisesCS-ATG\"> </a></td><td>Antigua and Barbuda</td></tr><tr><td style=\"white-space:nowrap\">AUS<a name=\"codPaisesCS-AUS\"> </a></td><td>Australia</td></tr><tr><td style=\"white-space:nowrap\">AUT<a name=\"codPaisesCS-AUT\"> </a></td><td>Austria</td></tr><tr><td style=\"white-space:nowrap\">AZE<a name=\"codPaisesCS-AZE\"> </a></td><td>Azerbaijan</td></tr><tr><td style=\"white-space:nowrap\">BDI<a name=\"codPaisesCS-BDI\"> </a></td><td>Burundi</td></tr><tr><td style=\"white-space:nowrap\">BEL<a name=\"codPaisesCS-BEL\"> </a></td><td>Belgium</td></tr><tr><td style=\"white-space:nowrap\">BEN<a name=\"codPaisesCS-BEN\"> </a></td><td>Benin</td></tr><tr><td style=\"white-space:nowrap\">BES<a name=\"codPaisesCS-BES\"> </a></td><td>Bonaire, Sint Eustatius and Saba</td></tr><tr><td style=\"white-space:nowrap\">BFA<a name=\"codPaisesCS-BFA\"> </a></td><td>Burkina Faso</td></tr><tr><td style=\"white-space:nowrap\">BGD<a name=\"codPaisesCS-BGD\"> </a></td><td>Bangladesh</td></tr><tr><td style=\"white-space:nowrap\">BGR<a name=\"codPaisesCS-BGR\"> </a></td><td>Bulgaria</td></tr><tr><td style=\"white-space:nowrap\">BHR<a name=\"codPaisesCS-BHR\"> </a></td><td>Bahrain</td></tr><tr><td style=\"white-space:nowrap\">BHS<a name=\"codPaisesCS-BHS\"> </a></td><td>Bahamas</td></tr><tr><td style=\"white-space:nowrap\">BIH<a name=\"codPaisesCS-BIH\"> </a></td><td>Bosnia and Herzegovina</td></tr><tr><td style=\"white-space:nowrap\">BLM<a name=\"codPaisesCS-BLM\"> </a></td><td>Saint Barthilemy</td></tr><tr><td style=\"white-space:nowrap\">BLR<a name=\"codPaisesCS-BLR\"> </a></td><td>Belarus</td></tr><tr><td style=\"white-space:nowrap\">BLZ<a name=\"codPaisesCS-BLZ\"> </a></td><td>Belize</td></tr><tr><td style=\"white-space:nowrap\">BMU<a name=\"codPaisesCS-BMU\"> </a></td><td>Bermuda</td></tr><tr><td style=\"white-space:nowrap\">BOL<a name=\"codPaisesCS-BOL\"> </a></td><td>Bolivia, Plurinational State of</td></tr><tr><td style=\"white-space:nowrap\">BRA<a name=\"codPaisesCS-BRA\"> </a></td><td>Brazil</td></tr><tr><td style=\"white-space:nowrap\">BRB<a name=\"codPaisesCS-BRB\"> </a></td><td>Barbados</td></tr><tr><td style=\"white-space:nowrap\">BRN<a name=\"codPaisesCS-BRN\"> </a></td><td>Brunei Darussalam</td></tr><tr><td style=\"white-space:nowrap\">BTN<a name=\"codPaisesCS-BTN\"> </a></td><td>Bhutan</td></tr><tr><td style=\"white-space:nowrap\">BVT<a name=\"codPaisesCS-BVT\"> </a></td><td>Bouvet Island</td></tr><tr><td style=\"white-space:nowrap\">BWA<a name=\"codPaisesCS-BWA\"> </a></td><td>Botswana</td></tr><tr><td style=\"white-space:nowrap\">CAF<a name=\"codPaisesCS-CAF\"> </a></td><td>Central African Republic</td></tr><tr><td style=\"white-space:nowrap\">CAN<a name=\"codPaisesCS-CAN\"> </a></td><td>Canada</td></tr><tr><td style=\"white-space:nowrap\">CCK<a name=\"codPaisesCS-CCK\"> </a></td><td>Cocos (Keeling) Islands</td></tr><tr><td style=\"white-space:nowrap\">CHE<a name=\"codPaisesCS-CHE\"> </a></td><td>Switzerland</td></tr><tr><td style=\"white-space:nowrap\">CHL<a name=\"codPaisesCS-CHL\"> </a></td><td>Chile</td></tr><tr><td style=\"white-space:nowrap\">CHN<a name=\"codPaisesCS-CHN\"> </a></td><td>China</td></tr><tr><td style=\"white-space:nowrap\">CIV<a name=\"codPaisesCS-CIV\"> </a></td><td>Ctte d'Ivoire</td></tr><tr><td style=\"white-space:nowrap\">CMR<a name=\"codPaisesCS-CMR\"> </a></td><td>Cameroon</td></tr><tr><td style=\"white-space:nowrap\">COD<a name=\"codPaisesCS-COD\"> </a></td><td>Congo, the Democratic Republic of the</td></tr><tr><td style=\"white-space:nowrap\">COG<a name=\"codPaisesCS-COG\"> </a></td><td>Congo</td></tr><tr><td style=\"white-space:nowrap\">COK<a name=\"codPaisesCS-COK\"> </a></td><td>Cook Islands</td></tr><tr><td style=\"white-space:nowrap\">COL<a name=\"codPaisesCS-COL\"> </a></td><td>Colombia</td></tr><tr><td style=\"white-space:nowrap\">COM<a name=\"codPaisesCS-COM\"> </a></td><td>Comoros</td></tr><tr><td style=\"white-space:nowrap\">CPV<a name=\"codPaisesCS-CPV\"> </a></td><td>Cabo Verde</td></tr><tr><td style=\"white-space:nowrap\">CRI<a name=\"codPaisesCS-CRI\"> </a></td><td>Costa Rica</td></tr><tr><td style=\"white-space:nowrap\">CUB<a name=\"codPaisesCS-CUB\"> </a></td><td>Cuba</td></tr><tr><td style=\"white-space:nowrap\">CUW<a name=\"codPaisesCS-CUW\"> </a></td><td>Curagao</td></tr><tr><td style=\"white-space:nowrap\">CXR<a name=\"codPaisesCS-CXR\"> </a></td><td>Christmas Island</td></tr><tr><td style=\"white-space:nowrap\">CYM<a name=\"codPaisesCS-CYM\"> </a></td><td>Cayman Islands</td></tr><tr><td style=\"white-space:nowrap\">CYP<a name=\"codPaisesCS-CYP\"> </a></td><td>Cyprus</td></tr><tr><td style=\"white-space:nowrap\">CZE<a name=\"codPaisesCS-CZE\"> </a></td><td>Czechia</td></tr><tr><td style=\"white-space:nowrap\">DEU<a name=\"codPaisesCS-DEU\"> </a></td><td>Germany</td></tr><tr><td style=\"white-space:nowrap\">DJI<a name=\"codPaisesCS-DJI\"> </a></td><td>Djibouti</td></tr><tr><td style=\"white-space:nowrap\">DMA<a name=\"codPaisesCS-DMA\"> </a></td><td>Dominica</td></tr><tr><td style=\"white-space:nowrap\">DNK<a name=\"codPaisesCS-DNK\"> </a></td><td>Denmark</td></tr><tr><td style=\"white-space:nowrap\">DOM<a name=\"codPaisesCS-DOM\"> </a></td><td>Dominican Republic</td></tr><tr><td style=\"white-space:nowrap\">DZA<a name=\"codPaisesCS-DZA\"> </a></td><td>Algeria</td></tr><tr><td style=\"white-space:nowrap\">ECU<a name=\"codPaisesCS-ECU\"> </a></td><td>Ecuador</td></tr><tr><td style=\"white-space:nowrap\">EGY<a name=\"codPaisesCS-EGY\"> </a></td><td>Egypt</td></tr><tr><td style=\"white-space:nowrap\">ERI<a name=\"codPaisesCS-ERI\"> </a></td><td>Eritrea</td></tr><tr><td style=\"white-space:nowrap\">ESH<a name=\"codPaisesCS-ESH\"> </a></td><td>Western Sahara</td></tr><tr><td style=\"white-space:nowrap\">ESP<a name=\"codPaisesCS-ESP\"> </a></td><td>Spain</td></tr><tr><td style=\"white-space:nowrap\">EST<a name=\"codPaisesCS-EST\"> </a></td><td>Estonia</td></tr><tr><td style=\"white-space:nowrap\">ETH<a name=\"codPaisesCS-ETH\"> </a></td><td>Ethiopia</td></tr><tr><td style=\"white-space:nowrap\">FIN<a name=\"codPaisesCS-FIN\"> </a></td><td>Finland</td></tr><tr><td style=\"white-space:nowrap\">FJI<a name=\"codPaisesCS-FJI\"> </a></td><td>Fiji</td></tr><tr><td style=\"white-space:nowrap\">FLK<a name=\"codPaisesCS-FLK\"> </a></td><td>Falkland Islands (Malvinas)</td></tr><tr><td style=\"white-space:nowrap\">FRA<a name=\"codPaisesCS-FRA\"> </a></td><td>France</td></tr><tr><td style=\"white-space:nowrap\">FRO<a name=\"codPaisesCS-FRO\"> </a></td><td>Faroe Islands</td></tr><tr><td style=\"white-space:nowrap\">FSM<a name=\"codPaisesCS-FSM\"> </a></td><td>Micronesia, Federated States of</td></tr><tr><td style=\"white-space:nowrap\">GAB<a name=\"codPaisesCS-GAB\"> </a></td><td>Gabon</td></tr><tr><td style=\"white-space:nowrap\">GBR<a name=\"codPaisesCS-GBR\"> </a></td><td>United Kingdom</td></tr><tr><td style=\"white-space:nowrap\">GEO<a name=\"codPaisesCS-GEO\"> </a></td><td>Georgia</td></tr><tr><td style=\"white-space:nowrap\">GGY<a name=\"codPaisesCS-GGY\"> </a></td><td>Guernsey</td></tr><tr><td style=\"white-space:nowrap\">GHA<a name=\"codPaisesCS-GHA\"> </a></td><td>Ghana</td></tr><tr><td style=\"white-space:nowrap\">GIB<a name=\"codPaisesCS-GIB\"> </a></td><td>Gibraltar</td></tr><tr><td style=\"white-space:nowrap\">GIN<a name=\"codPaisesCS-GIN\"> </a></td><td>Guinea</td></tr><tr><td style=\"white-space:nowrap\">GLP<a name=\"codPaisesCS-GLP\"> </a></td><td>Guadeloupe</td></tr><tr><td style=\"white-space:nowrap\">GMB<a name=\"codPaisesCS-GMB\"> </a></td><td>Gambia</td></tr><tr><td style=\"white-space:nowrap\">GNB<a name=\"codPaisesCS-GNB\"> </a></td><td>Guinea-Bissau</td></tr><tr><td style=\"white-space:nowrap\">GNQ<a name=\"codPaisesCS-GNQ\"> </a></td><td>Equatorial Guinea</td></tr><tr><td style=\"white-space:nowrap\">GRC<a name=\"codPaisesCS-GRC\"> </a></td><td>Greece</td></tr><tr><td style=\"white-space:nowrap\">GRD<a name=\"codPaisesCS-GRD\"> </a></td><td>Grenada</td></tr><tr><td style=\"white-space:nowrap\">GRL<a name=\"codPaisesCS-GRL\"> </a></td><td>Greenland</td></tr><tr><td style=\"white-space:nowrap\">GTM<a name=\"codPaisesCS-GTM\"> </a></td><td>Guatemala</td></tr><tr><td style=\"white-space:nowrap\">GUF<a name=\"codPaisesCS-GUF\"> </a></td><td>French Guiana</td></tr><tr><td style=\"white-space:nowrap\">GUM<a name=\"codPaisesCS-GUM\"> </a></td><td>Guam</td></tr><tr><td style=\"white-space:nowrap\">GUY<a name=\"codPaisesCS-GUY\"> </a></td><td>Guyana</td></tr><tr><td style=\"white-space:nowrap\">HKG<a name=\"codPaisesCS-HKG\"> </a></td><td>Hong Kong</td></tr><tr><td style=\"white-space:nowrap\">HMD<a name=\"codPaisesCS-HMD\"> </a></td><td>Heard Island and McDonald Islands</td></tr><tr><td style=\"white-space:nowrap\">HND<a name=\"codPaisesCS-HND\"> </a></td><td>Honduras</td></tr><tr><td style=\"white-space:nowrap\">HRV<a name=\"codPaisesCS-HRV\"> </a></td><td>Croatia</td></tr><tr><td style=\"white-space:nowrap\">HTI<a name=\"codPaisesCS-HTI\"> </a></td><td>Haiti</td></tr><tr><td style=\"white-space:nowrap\">HUN<a name=\"codPaisesCS-HUN\"> </a></td><td>Hungary</td></tr><tr><td style=\"white-space:nowrap\">IDN<a name=\"codPaisesCS-IDN\"> </a></td><td>Indonesia</td></tr><tr><td style=\"white-space:nowrap\">IMN<a name=\"codPaisesCS-IMN\"> </a></td><td>Isle of Man</td></tr><tr><td style=\"white-space:nowrap\">IND<a name=\"codPaisesCS-IND\"> </a></td><td>India</td></tr><tr><td style=\"white-space:nowrap\">IOT<a name=\"codPaisesCS-IOT\"> </a></td><td>British Indian Ocean Territory</td></tr><tr><td style=\"white-space:nowrap\">IRL<a name=\"codPaisesCS-IRL\"> </a></td><td>Ireland</td></tr><tr><td style=\"white-space:nowrap\">IRN<a name=\"codPaisesCS-IRN\"> </a></td><td>Iran, Islamic Republic of</td></tr><tr><td style=\"white-space:nowrap\">IRQ<a name=\"codPaisesCS-IRQ\"> </a></td><td>Iraq</td></tr><tr><td style=\"white-space:nowrap\">ISL<a name=\"codPaisesCS-ISL\"> </a></td><td>Iceland</td></tr><tr><td style=\"white-space:nowrap\">ISR<a name=\"codPaisesCS-ISR\"> </a></td><td>Israel</td></tr><tr><td style=\"white-space:nowrap\">ITA<a name=\"codPaisesCS-ITA\"> </a></td><td>Italy</td></tr><tr><td style=\"white-space:nowrap\">JAM<a name=\"codPaisesCS-JAM\"> </a></td><td>Jamaica</td></tr><tr><td style=\"white-space:nowrap\">JEY<a name=\"codPaisesCS-JEY\"> </a></td><td>Jersey</td></tr><tr><td style=\"white-space:nowrap\">JOR<a name=\"codPaisesCS-JOR\"> </a></td><td>Jordan</td></tr><tr><td style=\"white-space:nowrap\">JPN<a name=\"codPaisesCS-JPN\"> </a></td><td>Japan</td></tr><tr><td style=\"white-space:nowrap\">KAZ<a name=\"codPaisesCS-KAZ\"> </a></td><td>Kazakhstan</td></tr><tr><td style=\"white-space:nowrap\">KEN<a name=\"codPaisesCS-KEN\"> </a></td><td>Kenya</td></tr><tr><td style=\"white-space:nowrap\">KGZ<a name=\"codPaisesCS-KGZ\"> </a></td><td>Kyrgyzstan</td></tr><tr><td style=\"white-space:nowrap\">KHM<a name=\"codPaisesCS-KHM\"> </a></td><td>Cambodia</td></tr><tr><td style=\"white-space:nowrap\">KIR<a name=\"codPaisesCS-KIR\"> </a></td><td>Kiribati</td></tr><tr><td style=\"white-space:nowrap\">KNA<a name=\"codPaisesCS-KNA\"> </a></td><td>Saint Kitts and Nevis</td></tr><tr><td style=\"white-space:nowrap\">KOR<a name=\"codPaisesCS-KOR\"> </a></td><td>Korea, Republic of</td></tr><tr><td style=\"white-space:nowrap\">KWT<a name=\"codPaisesCS-KWT\"> </a></td><td>Kuwait</td></tr><tr><td style=\"white-space:nowrap\">LAO<a name=\"codPaisesCS-LAO\"> </a></td><td>Lao People's Democratic Republic</td></tr><tr><td style=\"white-space:nowrap\">LBN<a name=\"codPaisesCS-LBN\"> </a></td><td>Lebanon</td></tr><tr><td style=\"white-space:nowrap\">LBR<a name=\"codPaisesCS-LBR\"> </a></td><td>Liberia</td></tr><tr><td style=\"white-space:nowrap\">LBY<a name=\"codPaisesCS-LBY\"> </a></td><td>Libya</td></tr><tr><td style=\"white-space:nowrap\">LCA<a name=\"codPaisesCS-LCA\"> </a></td><td>Saint Lucia</td></tr><tr><td style=\"white-space:nowrap\">LIE<a name=\"codPaisesCS-LIE\"> </a></td><td>Liechtenstein</td></tr><tr><td style=\"white-space:nowrap\">LKA<a name=\"codPaisesCS-LKA\"> </a></td><td>Sri Lanka</td></tr><tr><td style=\"white-space:nowrap\">LSO<a name=\"codPaisesCS-LSO\"> </a></td><td>Lesotho</td></tr><tr><td style=\"white-space:nowrap\">LTU<a name=\"codPaisesCS-LTU\"> </a></td><td>Lithuania</td></tr><tr><td style=\"white-space:nowrap\">LUX<a name=\"codPaisesCS-LUX\"> </a></td><td>Luxembourg</td></tr><tr><td style=\"white-space:nowrap\">LVA<a name=\"codPaisesCS-LVA\"> </a></td><td>Latvia</td></tr><tr><td style=\"white-space:nowrap\">MAC<a name=\"codPaisesCS-MAC\"> </a></td><td>Macao</td></tr><tr><td style=\"white-space:nowrap\">MAF<a name=\"codPaisesCS-MAF\"> </a></td><td>Saint Martin (French part)</td></tr><tr><td style=\"white-space:nowrap\">MAR<a name=\"codPaisesCS-MAR\"> </a></td><td>Morocco</td></tr><tr><td style=\"white-space:nowrap\">MCO<a name=\"codPaisesCS-MCO\"> </a></td><td>Monaco</td></tr><tr><td style=\"white-space:nowrap\">MDA<a name=\"codPaisesCS-MDA\"> </a></td><td>Moldova, Republic of</td></tr><tr><td style=\"white-space:nowrap\">MDG<a name=\"codPaisesCS-MDG\"> </a></td><td>Madagascar</td></tr><tr><td style=\"white-space:nowrap\">MDV<a name=\"codPaisesCS-MDV\"> </a></td><td>Maldives</td></tr><tr><td style=\"white-space:nowrap\">MEX<a name=\"codPaisesCS-MEX\"> </a></td><td>Mexico</td></tr><tr><td style=\"white-space:nowrap\">MHL<a name=\"codPaisesCS-MHL\"> </a></td><td>Marshall Islands</td></tr><tr><td style=\"white-space:nowrap\">MKD<a name=\"codPaisesCS-MKD\"> </a></td><td>Macedonia, the former Yugoslav Republic of</td></tr><tr><td style=\"white-space:nowrap\">MLI<a name=\"codPaisesCS-MLI\"> </a></td><td>Mali</td></tr><tr><td style=\"white-space:nowrap\">MLT<a name=\"codPaisesCS-MLT\"> </a></td><td>Malta</td></tr><tr><td style=\"white-space:nowrap\">MMR<a name=\"codPaisesCS-MMR\"> </a></td><td>Myanmar</td></tr><tr><td style=\"white-space:nowrap\">MNE<a name=\"codPaisesCS-MNE\"> </a></td><td>Montenegro</td></tr><tr><td style=\"white-space:nowrap\">MNG<a name=\"codPaisesCS-MNG\"> </a></td><td>Mongolia</td></tr><tr><td style=\"white-space:nowrap\">MNP<a name=\"codPaisesCS-MNP\"> </a></td><td>Northern Mariana Islands</td></tr><tr><td style=\"white-space:nowrap\">MOZ<a name=\"codPaisesCS-MOZ\"> </a></td><td>Mozambique</td></tr><tr><td style=\"white-space:nowrap\">MRT<a name=\"codPaisesCS-MRT\"> </a></td><td>Mauritania</td></tr><tr><td style=\"white-space:nowrap\">MSR<a name=\"codPaisesCS-MSR\"> </a></td><td>Montserrat</td></tr><tr><td style=\"white-space:nowrap\">MTQ<a name=\"codPaisesCS-MTQ\"> </a></td><td>Martinique</td></tr><tr><td style=\"white-space:nowrap\">MUS<a name=\"codPaisesCS-MUS\"> </a></td><td>Mauritius</td></tr><tr><td style=\"white-space:nowrap\">MWI<a name=\"codPaisesCS-MWI\"> </a></td><td>Malawi</td></tr><tr><td style=\"white-space:nowrap\">MYS<a name=\"codPaisesCS-MYS\"> </a></td><td>Malaysia</td></tr><tr><td style=\"white-space:nowrap\">MYT<a name=\"codPaisesCS-MYT\"> </a></td><td>Mayotte</td></tr><tr><td style=\"white-space:nowrap\">NAM<a name=\"codPaisesCS-NAM\"> </a></td><td>Namibia</td></tr><tr><td style=\"white-space:nowrap\">NCL<a name=\"codPaisesCS-NCL\"> </a></td><td>New Caledonia</td></tr><tr><td style=\"white-space:nowrap\">NER<a name=\"codPaisesCS-NER\"> </a></td><td>Niger</td></tr><tr><td style=\"white-space:nowrap\">NFK<a name=\"codPaisesCS-NFK\"> </a></td><td>Norfolk Island</td></tr><tr><td style=\"white-space:nowrap\">NGA<a name=\"codPaisesCS-NGA\"> </a></td><td>Nigeria</td></tr><tr><td style=\"white-space:nowrap\">NIC<a name=\"codPaisesCS-NIC\"> </a></td><td>Nicaragua</td></tr><tr><td style=\"white-space:nowrap\">NIU<a name=\"codPaisesCS-NIU\"> </a></td><td>Niue</td></tr><tr><td style=\"white-space:nowrap\">NLD<a name=\"codPaisesCS-NLD\"> </a></td><td>Netherlands</td></tr><tr><td style=\"white-space:nowrap\">NOR<a name=\"codPaisesCS-NOR\"> </a></td><td>Norway</td></tr><tr><td style=\"white-space:nowrap\">NPL<a name=\"codPaisesCS-NPL\"> </a></td><td>Nepal</td></tr><tr><td style=\"white-space:nowrap\">NRU<a name=\"codPaisesCS-NRU\"> </a></td><td>Nauru</td></tr><tr><td style=\"white-space:nowrap\">NZL<a name=\"codPaisesCS-NZL\"> </a></td><td>New Zealand</td></tr><tr><td style=\"white-space:nowrap\">OMN<a name=\"codPaisesCS-OMN\"> </a></td><td>Oman</td></tr><tr><td style=\"white-space:nowrap\">PAK<a name=\"codPaisesCS-PAK\"> </a></td><td>Pakistan</td></tr><tr><td style=\"white-space:nowrap\">PAN<a name=\"codPaisesCS-PAN\"> </a></td><td>Panama</td></tr><tr><td style=\"white-space:nowrap\">PCN<a name=\"codPaisesCS-PCN\"> </a></td><td>Pitcairn</td></tr><tr><td style=\"white-space:nowrap\">PER<a name=\"codPaisesCS-PER\"> </a></td><td>Peru</td></tr><tr><td style=\"white-space:nowrap\">PHL<a name=\"codPaisesCS-PHL\"> </a></td><td>Philippines</td></tr><tr><td style=\"white-space:nowrap\">PLW<a name=\"codPaisesCS-PLW\"> </a></td><td>Palau</td></tr><tr><td style=\"white-space:nowrap\">PNG<a name=\"codPaisesCS-PNG\"> </a></td><td>Papua New Guinea</td></tr><tr><td style=\"white-space:nowrap\">POL<a name=\"codPaisesCS-POL\"> </a></td><td>Poland</td></tr><tr><td style=\"white-space:nowrap\">PRI<a name=\"codPaisesCS-PRI\"> </a></td><td>Puerto Rico</td></tr><tr><td style=\"white-space:nowrap\">PRK<a name=\"codPaisesCS-PRK\"> </a></td><td>Korea, Democratic People's Republic of</td></tr><tr><td style=\"white-space:nowrap\">PRT<a name=\"codPaisesCS-PRT\"> </a></td><td>Portugal</td></tr><tr><td style=\"white-space:nowrap\">PRY<a name=\"codPaisesCS-PRY\"> </a></td><td>Paraguay</td></tr><tr><td style=\"white-space:nowrap\">PSE<a name=\"codPaisesCS-PSE\"> </a></td><td>Palestine, State of</td></tr><tr><td style=\"white-space:nowrap\">PYF<a name=\"codPaisesCS-PYF\"> </a></td><td>French Polynesia</td></tr><tr><td style=\"white-space:nowrap\">QAT<a name=\"codPaisesCS-QAT\"> </a></td><td>Qatar</td></tr><tr><td style=\"white-space:nowrap\">REU<a name=\"codPaisesCS-REU\"> </a></td><td>Riunion</td></tr><tr><td style=\"white-space:nowrap\">ROU<a name=\"codPaisesCS-ROU\"> </a></td><td>Romania</td></tr><tr><td style=\"white-space:nowrap\">RUS<a name=\"codPaisesCS-RUS\"> </a></td><td>Russian Federation</td></tr><tr><td style=\"white-space:nowrap\">RWA<a name=\"codPaisesCS-RWA\"> </a></td><td>Rwanda</td></tr><tr><td style=\"white-space:nowrap\">SAU<a name=\"codPaisesCS-SAU\"> </a></td><td>Saudi Arabia</td></tr><tr><td style=\"white-space:nowrap\">SDN<a name=\"codPaisesCS-SDN\"> </a></td><td>Sudan</td></tr><tr><td style=\"white-space:nowrap\">SEN<a name=\"codPaisesCS-SEN\"> </a></td><td>Senegal</td></tr><tr><td style=\"white-space:nowrap\">SGP<a name=\"codPaisesCS-SGP\"> </a></td><td>Singapore</td></tr><tr><td style=\"white-space:nowrap\">SGS<a name=\"codPaisesCS-SGS\"> </a></td><td>South Georgia and the South Sandwich Islands</td></tr><tr><td style=\"white-space:nowrap\">SHN<a name=\"codPaisesCS-SHN\"> </a></td><td>Saint Helena, Ascension and Tristan da Cunha</td></tr><tr><td style=\"white-space:nowrap\">SJM<a name=\"codPaisesCS-SJM\"> </a></td><td>Svalbard and Jan Mayen</td></tr><tr><td style=\"white-space:nowrap\">SLB<a name=\"codPaisesCS-SLB\"> </a></td><td>Solomon Islands</td></tr><tr><td style=\"white-space:nowrap\">SLE<a name=\"codPaisesCS-SLE\"> </a></td><td>Sierra Leone</td></tr><tr><td style=\"white-space:nowrap\">SLV<a name=\"codPaisesCS-SLV\"> </a></td><td>El Salvador</td></tr><tr><td style=\"white-space:nowrap\">SMR<a name=\"codPaisesCS-SMR\"> </a></td><td>San Marino</td></tr><tr><td style=\"white-space:nowrap\">SOM<a name=\"codPaisesCS-SOM\"> </a></td><td>Somalia</td></tr><tr><td style=\"white-space:nowrap\">SPM<a name=\"codPaisesCS-SPM\"> </a></td><td>Saint Pierre and Miquelon</td></tr><tr><td style=\"white-space:nowrap\">SRB<a name=\"codPaisesCS-SRB\"> </a></td><td>Serbia</td></tr><tr><td style=\"white-space:nowrap\">SSD<a name=\"codPaisesCS-SSD\"> </a></td><td>South Sudan</td></tr><tr><td style=\"white-space:nowrap\">STP<a name=\"codPaisesCS-STP\"> </a></td><td>Sao Tome and Principe</td></tr><tr><td style=\"white-space:nowrap\">SUR<a name=\"codPaisesCS-SUR\"> </a></td><td>Suriname</td></tr><tr><td style=\"white-space:nowrap\">SVK<a name=\"codPaisesCS-SVK\"> </a></td><td>Slovakia</td></tr><tr><td style=\"white-space:nowrap\">SVN<a name=\"codPaisesCS-SVN\"> </a></td><td>Slovenia</td></tr><tr><td style=\"white-space:nowrap\">SWE<a name=\"codPaisesCS-SWE\"> </a></td><td>Sweden</td></tr><tr><td style=\"white-space:nowrap\">SWZ<a name=\"codPaisesCS-SWZ\"> </a></td><td>Swaziland</td></tr><tr><td style=\"white-space:nowrap\">SXM<a name=\"codPaisesCS-SXM\"> </a></td><td>Sint Maarten (Dutch part)</td></tr><tr><td style=\"white-space:nowrap\">SYC<a name=\"codPaisesCS-SYC\"> </a></td><td>Seychelles</td></tr><tr><td style=\"white-space:nowrap\">SYR<a name=\"codPaisesCS-SYR\"> </a></td><td>Syrian Arab Republic</td></tr><tr><td style=\"white-space:nowrap\">TCA<a name=\"codPaisesCS-TCA\"> </a></td><td>Turks and Caicos Islands</td></tr><tr><td style=\"white-space:nowrap\">TCD<a name=\"codPaisesCS-TCD\"> </a></td><td>Chad</td></tr><tr><td style=\"white-space:nowrap\">TGO<a name=\"codPaisesCS-TGO\"> </a></td><td>Togo</td></tr><tr><td style=\"white-space:nowrap\">THA<a name=\"codPaisesCS-THA\"> </a></td><td>Thailand</td></tr><tr><td style=\"white-space:nowrap\">TJK<a name=\"codPaisesCS-TJK\"> </a></td><td>Tajikistan</td></tr><tr><td style=\"white-space:nowrap\">TKL<a name=\"codPaisesCS-TKL\"> </a></td><td>Tokelau</td></tr><tr><td style=\"white-space:nowrap\">TKM<a name=\"codPaisesCS-TKM\"> </a></td><td>Turkmenistan</td></tr><tr><td style=\"white-space:nowrap\">TLS<a name=\"codPaisesCS-TLS\"> </a></td><td>Timor-Leste</td></tr><tr><td style=\"white-space:nowrap\">TON<a name=\"codPaisesCS-TON\"> </a></td><td>Tonga</td></tr><tr><td style=\"white-space:nowrap\">TTO<a name=\"codPaisesCS-TTO\"> </a></td><td>Trinidad and Tobago</td></tr><tr><td style=\"white-space:nowrap\">TUN<a name=\"codPaisesCS-TUN\"> </a></td><td>Tunisia</td></tr><tr><td style=\"white-space:nowrap\">TUR<a name=\"codPaisesCS-TUR\"> </a></td><td>Turkey</td></tr><tr><td style=\"white-space:nowrap\">TUV<a name=\"codPaisesCS-TUV\"> </a></td><td>Tuvalu</td></tr><tr><td style=\"white-space:nowrap\">TWN<a name=\"codPaisesCS-TWN\"> </a></td><td>Taiwan, Province of China</td></tr><tr><td style=\"white-space:nowrap\">TZA<a name=\"codPaisesCS-TZA\"> </a></td><td>Tanzania, United Republic of</td></tr><tr><td style=\"white-space:nowrap\">UGA<a name=\"codPaisesCS-UGA\"> </a></td><td>Uganda</td></tr><tr><td style=\"white-space:nowrap\">UKR<a name=\"codPaisesCS-UKR\"> </a></td><td>Ukraine</td></tr><tr><td style=\"white-space:nowrap\">UMI<a name=\"codPaisesCS-UMI\"> </a></td><td>United States Minor Outlying Islands</td></tr><tr><td style=\"white-space:nowrap\">URY<a name=\"codPaisesCS-URY\"> </a></td><td>Uruguay</td></tr><tr><td style=\"white-space:nowrap\">USA<a name=\"codPaisesCS-USA\"> </a></td><td>United States of America</td></tr><tr><td style=\"white-space:nowrap\">UZB<a name=\"codPaisesCS-UZB\"> </a></td><td>Uzbekistan</td></tr><tr><td style=\"white-space:nowrap\">VAT<a name=\"codPaisesCS-VAT\"> </a></td><td>Holy See</td></tr><tr><td style=\"white-space:nowrap\">VCT<a name=\"codPaisesCS-VCT\"> </a></td><td>Saint Vincent and the Grenadines</td></tr><tr><td style=\"white-space:nowrap\">VEN<a name=\"codPaisesCS-VEN\"> </a></td><td>Venezuela, Bolivarian Republic of</td></tr><tr><td style=\"white-space:nowrap\">VGB<a name=\"codPaisesCS-VGB\"> </a></td><td>Virgin Islands, British</td></tr><tr><td style=\"white-space:nowrap\">VIR<a name=\"codPaisesCS-VIR\"> </a></td><td>Virgin Islands, U.S.</td></tr><tr><td style=\"white-space:nowrap\">VNM<a name=\"codPaisesCS-VNM\"> </a></td><td>Viet Nam</td></tr><tr><td style=\"white-space:nowrap\">VUT<a name=\"codPaisesCS-VUT\"> </a></td><td>Vanuatu</td></tr><tr><td style=\"white-space:nowrap\">WLF<a name=\"codPaisesCS-WLF\"> </a></td><td>Wallis and Futuna</td></tr><tr><td style=\"white-space:nowrap\">WSM<a name=\"codPaisesCS-WSM\"> </a></td><td>Samoa</td></tr><tr><td style=\"white-space:nowrap\">YEM<a name=\"codPaisesCS-YEM\"> </a></td><td>Yemen</td></tr><tr><td style=\"white-space:nowrap\">ZAF<a name=\"codPaisesCS-ZAF\"> </a></td><td>South Africa</td></tr><tr><td style=\"white-space:nowrap\">ZMB<a name=\"codPaisesCS-ZMB\"> </a></td><td>Zambia</td></tr><tr><td style=\"white-space:nowrap\">ZWE<a name=\"codPaisesCS-ZWE\"> </a></td><td>Zimbabwe</td></tr></table></div>"
  },
  "url" : "https://paho.org/fhir/esavi/CodeSystem/codPaisesCS",
  "version" : "0.2.0",
  "name" : "CodPaisesCS",
  "title" : "Códigos de Paises",
  "status" : "active",
  "experimental" : false,
  "date" : "2021-03-11T00:00:00-03:00",
  "publisher" : "ESAVI -",
  "contact" : [{
    "name" : "ESAVI -",
    "telecom" : [{
      "system" : "url",
      "value" : "https://covid-19pharmacovigilance.paho.org/resources/updates-on-aefi"
    },
    {
      "system" : "email",
      "value" : "rizzatodan@paho.org"
    }]
  }],
  "description" : "Codigos definidos para la identificación de países segun norma ISO3166-3",
  "jurisdiction" : [{
    "coding" : [{
      "system" : "http://unstats.un.org/unsd/methods/m49/m49.htm",
      "code" : "001"
    }]
  }],
  "caseSensitive" : false,
  "content" : "complete",
  "count" : 249,
  "concept" : [{
    "code" : "ABW",
    "display" : "Aruba"
  },
  {
    "code" : "AFG",
    "display" : "Afghanistan"
  },
  {
    "code" : "AGO",
    "display" : "Angola"
  },
  {
    "code" : "AIA",
    "display" : "Anguilla"
  },
  {
    "code" : "ALA",
    "display" : "Eland Islands"
  },
  {
    "code" : "ALB",
    "display" : "Albania"
  },
  {
    "code" : "AND",
    "display" : "Andorra"
  },
  {
    "code" : "ARE",
    "display" : "United Arab Emirates"
  },
  {
    "code" : "ARG",
    "display" : "Argentina"
  },
  {
    "code" : "ARM",
    "display" : "Armenia"
  },
  {
    "code" : "ASM",
    "display" : "American Samoa"
  },
  {
    "code" : "ATA",
    "display" : "Antarctica"
  },
  {
    "code" : "ATF",
    "display" : "French Southern Territories"
  },
  {
    "code" : "ATG",
    "display" : "Antigua and Barbuda"
  },
  {
    "code" : "AUS",
    "display" : "Australia"
  },
  {
    "code" : "AUT",
    "display" : "Austria"
  },
  {
    "code" : "AZE",
    "display" : "Azerbaijan"
  },
  {
    "code" : "BDI",
    "display" : "Burundi"
  },
  {
    "code" : "BEL",
    "display" : "Belgium"
  },
  {
    "code" : "BEN",
    "display" : "Benin"
  },
  {
    "code" : "BES",
    "display" : "Bonaire, Sint Eustatius and Saba"
  },
  {
    "code" : "BFA",
    "display" : "Burkina Faso"
  },
  {
    "code" : "BGD",
    "display" : "Bangladesh"
  },
  {
    "code" : "BGR",
    "display" : "Bulgaria"
  },
  {
    "code" : "BHR",
    "display" : "Bahrain"
  },
  {
    "code" : "BHS",
    "display" : "Bahamas"
  },
  {
    "code" : "BIH",
    "display" : "Bosnia and Herzegovina"
  },
  {
    "code" : "BLM",
    "display" : "Saint Barthilemy"
  },
  {
    "code" : "BLR",
    "display" : "Belarus"
  },
  {
    "code" : "BLZ",
    "display" : "Belize"
  },
  {
    "code" : "BMU",
    "display" : "Bermuda"
  },
  {
    "code" : "BOL",
    "display" : "Bolivia, Plurinational State of"
  },
  {
    "code" : "BRA",
    "display" : "Brazil"
  },
  {
    "code" : "BRB",
    "display" : "Barbados"
  },
  {
    "code" : "BRN",
    "display" : "Brunei Darussalam"
  },
  {
    "code" : "BTN",
    "display" : "Bhutan"
  },
  {
    "code" : "BVT",
    "display" : "Bouvet Island"
  },
  {
    "code" : "BWA",
    "display" : "Botswana"
  },
  {
    "code" : "CAF",
    "display" : "Central African Republic"
  },
  {
    "code" : "CAN",
    "display" : "Canada"
  },
  {
    "code" : "CCK",
    "display" : "Cocos (Keeling) Islands"
  },
  {
    "code" : "CHE",
    "display" : "Switzerland"
  },
  {
    "code" : "CHL",
    "display" : "Chile"
  },
  {
    "code" : "CHN",
    "display" : "China"
  },
  {
    "code" : "CIV",
    "display" : "Ctte d'Ivoire"
  },
  {
    "code" : "CMR",
    "display" : "Cameroon"
  },
  {
    "code" : "COD",
    "display" : "Congo, the Democratic Republic of the"
  },
  {
    "code" : "COG",
    "display" : "Congo"
  },
  {
    "code" : "COK",
    "display" : "Cook Islands"
  },
  {
    "code" : "COL",
    "display" : "Colombia"
  },
  {
    "code" : "COM",
    "display" : "Comoros"
  },
  {
    "code" : "CPV",
    "display" : "Cabo Verde"
  },
  {
    "code" : "CRI",
    "display" : "Costa Rica"
  },
  {
    "code" : "CUB",
    "display" : "Cuba"
  },
  {
    "code" : "CUW",
    "display" : "Curagao"
  },
  {
    "code" : "CXR",
    "display" : "Christmas Island"
  },
  {
    "code" : "CYM",
    "display" : "Cayman Islands"
  },
  {
    "code" : "CYP",
    "display" : "Cyprus"
  },
  {
    "code" : "CZE",
    "display" : "Czechia"
  },
  {
    "code" : "DEU",
    "display" : "Germany"
  },
  {
    "code" : "DJI",
    "display" : "Djibouti"
  },
  {
    "code" : "DMA",
    "display" : "Dominica"
  },
  {
    "code" : "DNK",
    "display" : "Denmark"
  },
  {
    "code" : "DOM",
    "display" : "Dominican Republic"
  },
  {
    "code" : "DZA",
    "display" : "Algeria"
  },
  {
    "code" : "ECU",
    "display" : "Ecuador"
  },
  {
    "code" : "EGY",
    "display" : "Egypt"
  },
  {
    "code" : "ERI",
    "display" : "Eritrea"
  },
  {
    "code" : "ESH",
    "display" : "Western Sahara"
  },
  {
    "code" : "ESP",
    "display" : "Spain"
  },
  {
    "code" : "EST",
    "display" : "Estonia"
  },
  {
    "code" : "ETH",
    "display" : "Ethiopia"
  },
  {
    "code" : "FIN",
    "display" : "Finland"
  },
  {
    "code" : "FJI",
    "display" : "Fiji"
  },
  {
    "code" : "FLK",
    "display" : "Falkland Islands (Malvinas)"
  },
  {
    "code" : "FRA",
    "display" : "France"
  },
  {
    "code" : "FRO",
    "display" : "Faroe Islands"
  },
  {
    "code" : "FSM",
    "display" : "Micronesia, Federated States of"
  },
  {
    "code" : "GAB",
    "display" : "Gabon"
  },
  {
    "code" : "GBR",
    "display" : "United Kingdom"
  },
  {
    "code" : "GEO",
    "display" : "Georgia"
  },
  {
    "code" : "GGY",
    "display" : "Guernsey"
  },
  {
    "code" : "GHA",
    "display" : "Ghana"
  },
  {
    "code" : "GIB",
    "display" : "Gibraltar"
  },
  {
    "code" : "GIN",
    "display" : "Guinea"
  },
  {
    "code" : "GLP",
    "display" : "Guadeloupe"
  },
  {
    "code" : "GMB",
    "display" : "Gambia"
  },
  {
    "code" : "GNB",
    "display" : "Guinea-Bissau"
  },
  {
    "code" : "GNQ",
    "display" : "Equatorial Guinea"
  },
  {
    "code" : "GRC",
    "display" : "Greece"
  },
  {
    "code" : "GRD",
    "display" : "Grenada"
  },
  {
    "code" : "GRL",
    "display" : "Greenland"
  },
  {
    "code" : "GTM",
    "display" : "Guatemala"
  },
  {
    "code" : "GUF",
    "display" : "French Guiana"
  },
  {
    "code" : "GUM",
    "display" : "Guam"
  },
  {
    "code" : "GUY",
    "display" : "Guyana"
  },
  {
    "code" : "HKG",
    "display" : "Hong Kong"
  },
  {
    "code" : "HMD",
    "display" : "Heard Island and McDonald Islands"
  },
  {
    "code" : "HND",
    "display" : "Honduras"
  },
  {
    "code" : "HRV",
    "display" : "Croatia"
  },
  {
    "code" : "HTI",
    "display" : "Haiti"
  },
  {
    "code" : "HUN",
    "display" : "Hungary"
  },
  {
    "code" : "IDN",
    "display" : "Indonesia"
  },
  {
    "code" : "IMN",
    "display" : "Isle of Man"
  },
  {
    "code" : "IND",
    "display" : "India"
  },
  {
    "code" : "IOT",
    "display" : "British Indian Ocean Territory"
  },
  {
    "code" : "IRL",
    "display" : "Ireland"
  },
  {
    "code" : "IRN",
    "display" : "Iran, Islamic Republic of"
  },
  {
    "code" : "IRQ",
    "display" : "Iraq"
  },
  {
    "code" : "ISL",
    "display" : "Iceland"
  },
  {
    "code" : "ISR",
    "display" : "Israel"
  },
  {
    "code" : "ITA",
    "display" : "Italy"
  },
  {
    "code" : "JAM",
    "display" : "Jamaica"
  },
  {
    "code" : "JEY",
    "display" : "Jersey"
  },
  {
    "code" : "JOR",
    "display" : "Jordan"
  },
  {
    "code" : "JPN",
    "display" : "Japan"
  },
  {
    "code" : "KAZ",
    "display" : "Kazakhstan"
  },
  {
    "code" : "KEN",
    "display" : "Kenya"
  },
  {
    "code" : "KGZ",
    "display" : "Kyrgyzstan"
  },
  {
    "code" : "KHM",
    "display" : "Cambodia"
  },
  {
    "code" : "KIR",
    "display" : "Kiribati"
  },
  {
    "code" : "KNA",
    "display" : "Saint Kitts and Nevis"
  },
  {
    "code" : "KOR",
    "display" : "Korea, Republic of"
  },
  {
    "code" : "KWT",
    "display" : "Kuwait"
  },
  {
    "code" : "LAO",
    "display" : "Lao People's Democratic Republic"
  },
  {
    "code" : "LBN",
    "display" : "Lebanon"
  },
  {
    "code" : "LBR",
    "display" : "Liberia"
  },
  {
    "code" : "LBY",
    "display" : "Libya"
  },
  {
    "code" : "LCA",
    "display" : "Saint Lucia"
  },
  {
    "code" : "LIE",
    "display" : "Liechtenstein"
  },
  {
    "code" : "LKA",
    "display" : "Sri Lanka"
  },
  {
    "code" : "LSO",
    "display" : "Lesotho"
  },
  {
    "code" : "LTU",
    "display" : "Lithuania"
  },
  {
    "code" : "LUX",
    "display" : "Luxembourg"
  },
  {
    "code" : "LVA",
    "display" : "Latvia"
  },
  {
    "code" : "MAC",
    "display" : "Macao"
  },
  {
    "code" : "MAF",
    "display" : "Saint Martin (French part)"
  },
  {
    "code" : "MAR",
    "display" : "Morocco"
  },
  {
    "code" : "MCO",
    "display" : "Monaco"
  },
  {
    "code" : "MDA",
    "display" : "Moldova, Republic of"
  },
  {
    "code" : "MDG",
    "display" : "Madagascar"
  },
  {
    "code" : "MDV",
    "display" : "Maldives"
  },
  {
    "code" : "MEX",
    "display" : "Mexico"
  },
  {
    "code" : "MHL",
    "display" : "Marshall Islands"
  },
  {
    "code" : "MKD",
    "display" : "Macedonia, the former Yugoslav Republic of"
  },
  {
    "code" : "MLI",
    "display" : "Mali"
  },
  {
    "code" : "MLT",
    "display" : "Malta"
  },
  {
    "code" : "MMR",
    "display" : "Myanmar"
  },
  {
    "code" : "MNE",
    "display" : "Montenegro"
  },
  {
    "code" : "MNG",
    "display" : "Mongolia"
  },
  {
    "code" : "MNP",
    "display" : "Northern Mariana Islands"
  },
  {
    "code" : "MOZ",
    "display" : "Mozambique"
  },
  {
    "code" : "MRT",
    "display" : "Mauritania"
  },
  {
    "code" : "MSR",
    "display" : "Montserrat"
  },
  {
    "code" : "MTQ",
    "display" : "Martinique"
  },
  {
    "code" : "MUS",
    "display" : "Mauritius"
  },
  {
    "code" : "MWI",
    "display" : "Malawi"
  },
  {
    "code" : "MYS",
    "display" : "Malaysia"
  },
  {
    "code" : "MYT",
    "display" : "Mayotte"
  },
  {
    "code" : "NAM",
    "display" : "Namibia"
  },
  {
    "code" : "NCL",
    "display" : "New Caledonia"
  },
  {
    "code" : "NER",
    "display" : "Niger"
  },
  {
    "code" : "NFK",
    "display" : "Norfolk Island"
  },
  {
    "code" : "NGA",
    "display" : "Nigeria"
  },
  {
    "code" : "NIC",
    "display" : "Nicaragua"
  },
  {
    "code" : "NIU",
    "display" : "Niue"
  },
  {
    "code" : "NLD",
    "display" : "Netherlands"
  },
  {
    "code" : "NOR",
    "display" : "Norway"
  },
  {
    "code" : "NPL",
    "display" : "Nepal"
  },
  {
    "code" : "NRU",
    "display" : "Nauru"
  },
  {
    "code" : "NZL",
    "display" : "New Zealand"
  },
  {
    "code" : "OMN",
    "display" : "Oman"
  },
  {
    "code" : "PAK",
    "display" : "Pakistan"
  },
  {
    "code" : "PAN",
    "display" : "Panama"
  },
  {
    "code" : "PCN",
    "display" : "Pitcairn"
  },
  {
    "code" : "PER",
    "display" : "Peru"
  },
  {
    "code" : "PHL",
    "display" : "Philippines"
  },
  {
    "code" : "PLW",
    "display" : "Palau"
  },
  {
    "code" : "PNG",
    "display" : "Papua New Guinea"
  },
  {
    "code" : "POL",
    "display" : "Poland"
  },
  {
    "code" : "PRI",
    "display" : "Puerto Rico"
  },
  {
    "code" : "PRK",
    "display" : "Korea, Democratic People's Republic of"
  },
  {
    "code" : "PRT",
    "display" : "Portugal"
  },
  {
    "code" : "PRY",
    "display" : "Paraguay"
  },
  {
    "code" : "PSE",
    "display" : "Palestine, State of"
  },
  {
    "code" : "PYF",
    "display" : "French Polynesia"
  },
  {
    "code" : "QAT",
    "display" : "Qatar"
  },
  {
    "code" : "REU",
    "display" : "Riunion"
  },
  {
    "code" : "ROU",
    "display" : "Romania"
  },
  {
    "code" : "RUS",
    "display" : "Russian Federation"
  },
  {
    "code" : "RWA",
    "display" : "Rwanda"
  },
  {
    "code" : "SAU",
    "display" : "Saudi Arabia"
  },
  {
    "code" : "SDN",
    "display" : "Sudan"
  },
  {
    "code" : "SEN",
    "display" : "Senegal"
  },
  {
    "code" : "SGP",
    "display" : "Singapore"
  },
  {
    "code" : "SGS",
    "display" : "South Georgia and the South Sandwich Islands"
  },
  {
    "code" : "SHN",
    "display" : "Saint Helena, Ascension and Tristan da Cunha"
  },
  {
    "code" : "SJM",
    "display" : "Svalbard and Jan Mayen"
  },
  {
    "code" : "SLB",
    "display" : "Solomon Islands"
  },
  {
    "code" : "SLE",
    "display" : "Sierra Leone"
  },
  {
    "code" : "SLV",
    "display" : "El Salvador"
  },
  {
    "code" : "SMR",
    "display" : "San Marino"
  },
  {
    "code" : "SOM",
    "display" : "Somalia"
  },
  {
    "code" : "SPM",
    "display" : "Saint Pierre and Miquelon"
  },
  {
    "code" : "SRB",
    "display" : "Serbia"
  },
  {
    "code" : "SSD",
    "display" : "South Sudan"
  },
  {
    "code" : "STP",
    "display" : "Sao Tome and Principe"
  },
  {
    "code" : "SUR",
    "display" : "Suriname"
  },
  {
    "code" : "SVK",
    "display" : "Slovakia"
  },
  {
    "code" : "SVN",
    "display" : "Slovenia"
  },
  {
    "code" : "SWE",
    "display" : "Sweden"
  },
  {
    "code" : "SWZ",
    "display" : "Swaziland"
  },
  {
    "code" : "SXM",
    "display" : "Sint Maarten (Dutch part)"
  },
  {
    "code" : "SYC",
    "display" : "Seychelles"
  },
  {
    "code" : "SYR",
    "display" : "Syrian Arab Republic"
  },
  {
    "code" : "TCA",
    "display" : "Turks and Caicos Islands"
  },
  {
    "code" : "TCD",
    "display" : "Chad"
  },
  {
    "code" : "TGO",
    "display" : "Togo"
  },
  {
    "code" : "THA",
    "display" : "Thailand"
  },
  {
    "code" : "TJK",
    "display" : "Tajikistan"
  },
  {
    "code" : "TKL",
    "display" : "Tokelau"
  },
  {
    "code" : "TKM",
    "display" : "Turkmenistan"
  },
  {
    "code" : "TLS",
    "display" : "Timor-Leste"
  },
  {
    "code" : "TON",
    "display" : "Tonga"
  },
  {
    "code" : "TTO",
    "display" : "Trinidad and Tobago"
  },
  {
    "code" : "TUN",
    "display" : "Tunisia"
  },
  {
    "code" : "TUR",
    "display" : "Turkey"
  },
  {
    "code" : "TUV",
    "display" : "Tuvalu"
  },
  {
    "code" : "TWN",
    "display" : "Taiwan, Province of China"
  },
  {
    "code" : "TZA",
    "display" : "Tanzania, United Republic of"
  },
  {
    "code" : "UGA",
    "display" : "Uganda"
  },
  {
    "code" : "UKR",
    "display" : "Ukraine"
  },
  {
    "code" : "UMI",
    "display" : "United States Minor Outlying Islands"
  },
  {
    "code" : "URY",
    "display" : "Uruguay"
  },
  {
    "code" : "USA",
    "display" : "United States of America"
  },
  {
    "code" : "UZB",
    "display" : "Uzbekistan"
  },
  {
    "code" : "VAT",
    "display" : "Holy See"
  },
  {
    "code" : "VCT",
    "display" : "Saint Vincent and the Grenadines"
  },
  {
    "code" : "VEN",
    "display" : "Venezuela, Bolivarian Republic of"
  },
  {
    "code" : "VGB",
    "display" : "Virgin Islands, British"
  },
  {
    "code" : "VIR",
    "display" : "Virgin Islands, U.S."
  },
  {
    "code" : "VNM",
    "display" : "Viet Nam"
  },
  {
    "code" : "VUT",
    "display" : "Vanuatu"
  },
  {
    "code" : "WLF",
    "display" : "Wallis and Futuna"
  },
  {
    "code" : "WSM",
    "display" : "Samoa"
  },
  {
    "code" : "YEM",
    "display" : "Yemen"
  },
  {
    "code" : "ZAF",
    "display" : "South Africa"
  },
  {
    "code" : "ZMB",
    "display" : "Zambia"
  },
  {
    "code" : "ZWE",
    "display" : "Zimbabwe"
  }]
}