{
  "resourceType" : "CodeSystem",
  "id" : "MedDRACS",
  "meta" : {
    "versionId" : "1",
    "lastUpdated" : "2023-06-27T13:22:48.124+00:00"
  },
  "text" : {
    "status" : "generated",
    "div" : "<div xmlns=\"http://www.w3.org/1999/xhtml\"><p class=\"res-header-id\"><b>Generated Narrative: CodeSystem MedDRACS</b></p><a name=\"MedDRACS\"> </a><a name=\"hcMedDRACS\"> </a><a name=\"MedDRACS-en-US\"> </a><div style=\"display: inline-block; background-color: #d9e0e7; padding: 6px; margin: 4px; border: 1px solid #8da1b4; border-radius: 5px; line-height: 60%\"><p style=\"margin-bottom: 0px\">version: 1; Last updated: 2023-06-27 13:22:48+0000</p></div><p>This case-insensitive code system <code>https://paho.org/fhir/esavi/CodeSystem/MedDRACS</code> defines the following codes:</p><table class=\"codes\"><tr><td style=\"white-space:nowrap\"><b>Code</b></td><td><b>Display</b></td></tr><tr><td style=\"white-space:nowrap\">10000001<a name=\"MedDRACS-10000001\"> </a></td><td>Neumonitis de ventilación</td></tr><tr><td style=\"white-space:nowrap\">10000116<a name=\"MedDRACS-10000116\"> </a></td><td>Percepción auditiva anormal no especificada</td></tr><tr><td style=\"white-space:nowrap\">10000118<a name=\"MedDRACS-10000118\"> </a></td><td>Comportamiento anormal NEOM</td></tr><tr><td style=\"white-space:nowrap\">10000119<a name=\"MedDRACS-10000119\"> </a></td><td>Ruidos intestinales anormales</td></tr><tr><td style=\"white-space:nowrap\">10000120<a name=\"MedDRACS-10000120\"> </a></td><td>Ruidos torácicos anormales</td></tr><tr><td style=\"white-space:nowrap\">10000121<a name=\"MedDRACS-10000121\"> </a></td><td>Ruidos torácicos anormales NEOM</td></tr><tr><td style=\"white-space:nowrap\">10000122<a name=\"MedDRACS-10000122\"> </a></td><td>Perfil anormal de coagulación</td></tr><tr><td style=\"white-space:nowrap\">10000123<a name=\"MedDRACS-10000123\"> </a></td><td>Fijación anormal del complemento</td></tr><tr><td style=\"white-space:nowrap\">10000124<a name=\"MedDRACS-10000124\"> </a></td><td>Curva anormal de adaptación a la oscuridad</td></tr><tr><td style=\"white-space:nowrap\">10000125<a name=\"MedDRACS-10000125\"> </a></td><td>Sueños anormales</td></tr><tr><td style=\"white-space:nowrap\">10000126<a name=\"MedDRACS-10000126\"> </a></td><td>ECG anormal</td></tr><tr><td style=\"white-space:nowrap\">10000127<a name=\"MedDRACS-10000127\"> </a></td><td>EEG anormal</td></tr><tr><td style=\"white-space:nowrap\">10000128<a name=\"MedDRACS-10000128\"> </a></td><td>Eyaculación anormal</td></tr><tr><td style=\"white-space:nowrap\">10000129<a name=\"MedDRACS-10000129\"> </a></td><td>ECG anormal</td></tr><tr><td style=\"white-space:nowrap\">10000130<a name=\"MedDRACS-10000130\"> </a></td><td>Electroencefalograma anormal</td></tr><tr><td style=\"white-space:nowrap\">10000131<a name=\"MedDRACS-10000131\"> </a></td><td>EMG anormal</td></tr><tr><td style=\"white-space:nowrap\">10018766<a name=\"MedDRACS-10018766\"> </a></td><td>Síndrome de Guillain Barré</td></tr><tr><td style=\"white-space:nowrap\">10000269<a name=\"MedDRACS-10000269\"> </a></td><td>Absceso</td></tr><tr><td style=\"white-space:nowrap\">10000270<a name=\"MedDRACS-10000270\"> </a></td><td>Absceso anorrectal</td></tr><tr><td style=\"white-space:nowrap\">10001909<a name=\"MedDRACS-10001909\"> </a></td><td>Ambliopía ex anopsia</td></tr><tr><td style=\"white-space:nowrap\">10001911<a name=\"MedDRACS-10001911\"> </a></td><td>Ambliopía NEOM</td></tr><tr><td style=\"white-space:nowrap\">10001912<a name=\"MedDRACS-10001912\"> </a></td><td>Ambliopía estrábica</td></tr><tr><td style=\"white-space:nowrap\">10001913<a name=\"MedDRACS-10001913\"> </a></td><td>Ambliopía por supresión</td></tr><tr><td style=\"white-space:nowrap\">10003229<a name=\"MedDRACS-10003229\"> </a></td><td>Malformaciones arteriovenosas</td></tr><tr><td style=\"white-space:nowrap\">10003230<a name=\"MedDRACS-10003230\"> </a></td><td>Arteritis</td></tr><tr><td style=\"white-space:nowrap\">10003232<a name=\"MedDRACS-10003232\"> </a></td><td>Arteritis coronaria</td></tr><tr><td style=\"white-space:nowrap\">10003233<a name=\"MedDRACS-10003233\"> </a></td><td>Arteritis NEOM</td></tr><tr><td style=\"white-space:nowrap\">10003234<a name=\"MedDRACS-10003234\"> </a></td><td>Arteritis trombótica</td></tr><tr><td style=\"white-space:nowrap\">10003235<a name=\"MedDRACS-10003235\"> </a></td><td>Arteritis no especificada</td></tr><tr><td style=\"white-space:nowrap\">10003236<a name=\"MedDRACS-10003236\"> </a></td><td>Malformación de arteria</td></tr><tr><td style=\"white-space:nowrap\">10003237<a name=\"MedDRACS-10003237\"> </a></td><td>Rotura arterial</td></tr><tr><td style=\"white-space:nowrap\">10003238<a name=\"MedDRACS-10003238\"> </a></td><td>Artropatía no especificada, con afectación de la mano</td></tr><tr><td style=\"white-space:nowrap\">10003239<a name=\"MedDRACS-10003239\"> </a></td><td>Artralgia</td></tr><tr><td style=\"white-space:nowrap\">10003240<a name=\"MedDRACS-10003240\"> </a></td><td>Empeoramiento de la artralgia</td></tr><tr><td style=\"white-space:nowrap\">10005040<a name=\"MedDRACS-10005040\"> </a></td><td>Radioterapia de vejiga con radiación externa</td></tr><tr><td style=\"white-space:nowrap\">10005041<a name=\"MedDRACS-10005041\"> </a></td><td>Radioterapia de vejiga con radiación externa</td></tr><tr><td style=\"white-space:nowrap\">10005042<a name=\"MedDRACS-10005042\"> </a></td><td>Fibrosis vesical</td></tr><tr><td style=\"white-space:nowrap\">10005043<a name=\"MedDRACS-10005043\"> </a></td><td>Granuloma de vejiga</td></tr><tr><td style=\"white-space:nowrap\">10005044<a name=\"MedDRACS-10005044\"> </a></td><td>Hemorragia de la vejiga</td></tr><tr><td style=\"white-space:nowrap\">10005045<a name=\"MedDRACS-10005045\"> </a></td><td>Incapacidad para vaciar la vejiga</td></tr><tr><td style=\"white-space:nowrap\">10005046<a name=\"MedDRACS-10005046\"> </a></td><td>Incontinencia vesical</td></tr><tr><td style=\"white-space:nowrap\">10005047<a name=\"MedDRACS-10005047\"> </a></td><td>Infección vesical</td></tr><tr><td style=\"white-space:nowrap\">10008212<a name=\"MedDRACS-10008212\"> </a></td><td>Ciertas complicaciones precoces de los traumatismos</td></tr><tr><td style=\"white-space:nowrap\">10008213<a name=\"MedDRACS-10008213\"> </a></td><td>Ciertas secuelas del infarto de miocardio no clasificadas bajo otro concepto</td></tr><tr><td style=\"white-space:nowrap\">10008214<a name=\"MedDRACS-10008214\"> </a></td><td>Ciertos tipos de iridociclitis</td></tr><tr><td style=\"white-space:nowrap\">10008215<a name=\"MedDRACS-10008215\"> </a></td><td>Ciertos tipos de queratoconjuntivitis</td></tr><tr><td style=\"white-space:nowrap\">10008216<a name=\"MedDRACS-10008216\"> </a></td><td>Ceruloplasmina anormal</td></tr><tr><td style=\"white-space:nowrap\">10011307<a name=\"MedDRACS-10011307\"> </a></td><td>Lesión traumática de los pares craneales NEOM</td></tr><tr><td style=\"white-space:nowrap\">10011308<a name=\"MedDRACS-10011308\"> </a></td><td>Lesión traumática de pares craneales, secundaria a parto traumático</td></tr><tr><td style=\"white-space:nowrap\">10011309<a name=\"MedDRACS-10011309\"> </a></td><td>Lesión de los pares craneales</td></tr><tr><td style=\"white-space:nowrap\">10011333<a name=\"MedDRACS-10011333\"> </a></td><td>Creatina elevada</td></tr><tr><td style=\"white-space:nowrap\">10011334<a name=\"MedDRACS-10011334\"> </a></td><td>Creatina quinasa</td></tr><tr><td style=\"white-space:nowrap\">10011335<a name=\"MedDRACS-10011335\"> </a></td><td>Creatina quinasa alta</td></tr><tr><td style=\"white-space:nowrap\">10011336<a name=\"MedDRACS-10011336\"> </a></td><td>Creatina quinasa aumentada</td></tr><tr><td style=\"white-space:nowrap\">10011337<a name=\"MedDRACS-10011337\"> </a></td><td>Creatina quinasa MB</td></tr><tr><td style=\"white-space:nowrap\">10011338<a name=\"MedDRACS-10011338\"> </a></td><td>Creatina quinasa MB alta</td></tr><tr><td style=\"white-space:nowrap\">10011339<a name=\"MedDRACS-10011339\"> </a></td><td>Creatina quinasa MB elevada</td></tr></table></div>"
  },
  "url" : "https://paho.org/fhir/esavi/CodeSystem/MedDRACS",
  "version" : "0.2.0",
  "name" : "MedDRACS",
  "title" : "Fragmento de MedDRA en español",
  "status" : "active",
  "experimental" : false,
  "date" : "2023-06-27T00:00:00-04:00",
  "publisher" : "ESAVI -",
  "contact" : [{
    "name" : "ESAVI -",
    "telecom" : [{
      "system" : "url",
      "value" : "https://covid-19pharmacovigilance.paho.org/resources/updates-on-aefi"
    },
    {
      "system" : "email",
      "value" : "rizzatodan@paho.org"
    }]
  }],
  "description" : "Códigos MedDRA con descripción en español",
  "jurisdiction" : [{
    "coding" : [{
      "system" : "http://unstats.un.org/unsd/methods/m49/m49.htm",
      "code" : "001"
    }]
  }],
  "caseSensitive" : false,
  "content" : "complete",
  "count" : 57,
  "concept" : [{
    "code" : "10000001",
    "display" : "Neumonitis de ventilación"
  },
  {
    "code" : "10000116",
    "display" : "Percepción auditiva anormal no especificada"
  },
  {
    "code" : "10000118",
    "display" : "Comportamiento anormal NEOM"
  },
  {
    "code" : "10000119",
    "display" : "Ruidos intestinales anormales"
  },
  {
    "code" : "10000120",
    "display" : "Ruidos torácicos anormales"
  },
  {
    "code" : "10000121",
    "display" : "Ruidos torácicos anormales NEOM"
  },
  {
    "code" : "10000122",
    "display" : "Perfil anormal de coagulación"
  },
  {
    "code" : "10000123",
    "display" : "Fijación anormal del complemento"
  },
  {
    "code" : "10000124",
    "display" : "Curva anormal de adaptación a la oscuridad"
  },
  {
    "code" : "10000125",
    "display" : "Sueños anormales"
  },
  {
    "code" : "10000126",
    "display" : "ECG anormal"
  },
  {
    "code" : "10000127",
    "display" : "EEG anormal"
  },
  {
    "code" : "10000128",
    "display" : "Eyaculación anormal"
  },
  {
    "code" : "10000129",
    "display" : "ECG anormal"
  },
  {
    "code" : "10000130",
    "display" : "Electroencefalograma anormal"
  },
  {
    "code" : "10000131",
    "display" : "EMG anormal"
  },
  {
    "code" : "10018766",
    "display" : "Síndrome de Guillain Barré"
  },
  {
    "code" : "10000269",
    "display" : "Absceso"
  },
  {
    "code" : "10000270",
    "display" : "Absceso anorrectal"
  },
  {
    "code" : "10001909",
    "display" : "Ambliopía ex anopsia"
  },
  {
    "code" : "10001911",
    "display" : "Ambliopía NEOM"
  },
  {
    "code" : "10001912",
    "display" : "Ambliopía estrábica"
  },
  {
    "code" : "10001913",
    "display" : "Ambliopía por supresión"
  },
  {
    "code" : "10003229",
    "display" : "Malformaciones arteriovenosas"
  },
  {
    "code" : "10003230",
    "display" : "Arteritis"
  },
  {
    "code" : "10003232",
    "display" : "Arteritis coronaria"
  },
  {
    "code" : "10003233",
    "display" : "Arteritis NEOM"
  },
  {
    "code" : "10003234",
    "display" : "Arteritis trombótica"
  },
  {
    "code" : "10003235",
    "display" : "Arteritis no especificada"
  },
  {
    "code" : "10003236",
    "display" : "Malformación de arteria"
  },
  {
    "code" : "10003237",
    "display" : "Rotura arterial"
  },
  {
    "code" : "10003238",
    "display" : "Artropatía no especificada, con afectación de la mano"
  },
  {
    "code" : "10003239",
    "display" : "Artralgia"
  },
  {
    "code" : "10003240",
    "display" : "Empeoramiento de la artralgia"
  },
  {
    "code" : "10005040",
    "display" : "Radioterapia de vejiga con radiación externa"
  },
  {
    "code" : "10005041",
    "display" : "Radioterapia de vejiga con radiación externa"
  },
  {
    "code" : "10005042",
    "display" : "Fibrosis vesical"
  },
  {
    "code" : "10005043",
    "display" : "Granuloma de vejiga"
  },
  {
    "code" : "10005044",
    "display" : "Hemorragia de la vejiga"
  },
  {
    "code" : "10005045",
    "display" : "Incapacidad para vaciar la vejiga"
  },
  {
    "code" : "10005046",
    "display" : "Incontinencia vesical"
  },
  {
    "code" : "10005047",
    "display" : "Infección vesical"
  },
  {
    "code" : "10008212",
    "display" : "Ciertas complicaciones precoces de los traumatismos"
  },
  {
    "code" : "10008213",
    "display" : "Ciertas secuelas del infarto de miocardio no clasificadas bajo otro concepto"
  },
  {
    "code" : "10008214",
    "display" : "Ciertos tipos de iridociclitis"
  },
  {
    "code" : "10008215",
    "display" : "Ciertos tipos de queratoconjuntivitis"
  },
  {
    "code" : "10008216",
    "display" : "Ceruloplasmina anormal"
  },
  {
    "code" : "10011307",
    "display" : "Lesión traumática de los pares craneales NEOM"
  },
  {
    "code" : "10011308",
    "display" : "Lesión traumática de pares craneales, secundaria a parto traumático"
  },
  {
    "code" : "10011309",
    "display" : "Lesión de los pares craneales"
  },
  {
    "code" : "10011333",
    "display" : "Creatina elevada"
  },
  {
    "code" : "10011334",
    "display" : "Creatina quinasa"
  },
  {
    "code" : "10011335",
    "display" : "Creatina quinasa alta"
  },
  {
    "code" : "10011336",
    "display" : "Creatina quinasa aumentada"
  },
  {
    "code" : "10011337",
    "display" : "Creatina quinasa MB"
  },
  {
    "code" : "10011338",
    "display" : "Creatina quinasa MB alta"
  },
  {
    "code" : "10011339",
    "display" : "Creatina quinasa MB elevada"
  }]
}