{
  "resourceType" : "CodeSystem",
  "id" : "WHODrugDC",
  "meta" : {
    "versionId" : "1",
    "lastUpdated" : "2023-05-25T13:22:48.124+00:00"
  },
  "text" : {
    "status" : "generated",
    "div" : "<div xmlns=\"http://www.w3.org/1999/xhtml\"><p>This  code system <code>https://paho.org/fhir/esavi/CodeSystem/WHODrugDC</code> provides <b>a fragment</b> that includes following codes in an undefined heirarchy:</p><table class=\"codes\"><tr><td><b>Lvl</b></td><td style=\"white-space:nowrap\"><b>Code</b></td><td><b>Display</b></td></tr><tr><td>1</td><td style=\"white-space:nowrap\">00000101001<a name=\"WHODrugDC-00000101001\"> </a></td><td>Methyldopa</td></tr><tr><td>2</td><td style=\"white-space:nowrap\">\u00a0\u00a000000101002<a name=\"WHODrugDC-00000101002\"> </a></td><td>Aldomet</td></tr><tr><td>2</td><td style=\"white-space:nowrap\">\u00a0\u00a000000101041<a name=\"WHODrugDC-00000101041\"> </a></td><td>Alfametildopa</td></tr><tr><td>2</td><td style=\"white-space:nowrap\">\u00a0\u00a000000101044<a name=\"WHODrugDC-00000101044\"> </a></td><td>Almedop</td></tr><tr><td>2</td><td style=\"white-space:nowrap\">\u00a0\u00a000000101045<a name=\"WHODrugDC-00000101045\"> </a></td><td>Cardin</td></tr><tr><td>2</td><td style=\"white-space:nowrap\">\u00a0\u00a000000101046<a name=\"WHODrugDC-00000101046\"> </a></td><td>Methyldopum</td></tr><tr><td>2</td><td style=\"white-space:nowrap\">\u00a0\u00a000000101086<a name=\"WHODrugDC-00000101086\"> </a></td><td>Prodop</td></tr><tr><td>2</td><td style=\"white-space:nowrap\">\u00a0\u00a000000101087<a name=\"WHODrugDC-00000101087\"> </a></td><td>Hipermessel</td></tr><tr><td>2</td><td style=\"white-space:nowrap\">\u00a0\u00a000000101089<a name=\"WHODrugDC-00000101089\"> </a></td><td>Tensioval</td></tr><tr><td>2</td><td style=\"white-space:nowrap\">\u00a0\u00a000000101090<a name=\"WHODrugDC-00000101090\"> </a></td><td>Cardiodopa</td></tr><tr><td>2</td><td style=\"white-space:nowrap\">\u00a0\u00a000000101091<a name=\"WHODrugDC-00000101091\"> </a></td><td>Metildopa</td></tr><tr><td>2</td><td style=\"white-space:nowrap\">\u00a0\u00a000000101092<a name=\"WHODrugDC-00000101092\"> </a></td><td>Etildopanan</td></tr><tr><td>2</td><td style=\"white-space:nowrap\">\u00a0\u00a000000101093<a name=\"WHODrugDC-00000101093\"> </a></td><td>Aldotensin</td></tr><tr><td>2</td><td style=\"white-space:nowrap\">\u00a0\u00a000000101094<a name=\"WHODrugDC-00000101094\"> </a></td><td>Angimet</td></tr><tr><td>2</td><td style=\"white-space:nowrap\">\u00a0\u00a000000101095<a name=\"WHODrugDC-00000101095\"> </a></td><td>Metilcord</td></tr><tr><td>2</td><td style=\"white-space:nowrap\">\u00a0\u00a000000101096<a name=\"WHODrugDC-00000101096\"> </a></td><td>Metilprod</td></tr><tr><td>2</td><td style=\"white-space:nowrap\">\u00a0\u00a000000101097<a name=\"WHODrugDC-00000101097\"> </a></td><td>Pressomet</td></tr><tr><td>2</td><td style=\"white-space:nowrap\">\u00a0\u00a000000101098<a name=\"WHODrugDC-00000101098\"> </a></td><td>Metilpress</td></tr><tr><td>2</td><td style=\"white-space:nowrap\">\u00a0\u00a000000101099<a name=\"WHODrugDC-00000101099\"> </a></td><td>Ductomet</td></tr><tr><td>2</td><td style=\"white-space:nowrap\">\u00a0\u00a000000101100<a name=\"WHODrugDC-00000101100\"> </a></td><td>Tildomet</td></tr><tr><td>2</td><td style=\"white-space:nowrap\">\u00a0\u00a000000101101<a name=\"WHODrugDC-00000101101\"> </a></td><td>Kindomet</td></tr><tr><td>2</td><td style=\"white-space:nowrap\">\u00a0\u00a000000101102<a name=\"WHODrugDC-00000101102\"> </a></td><td>Dometil</td></tr><tr><td>2</td><td style=\"white-space:nowrap\">\u00a0\u00a000000101103<a name=\"WHODrugDC-00000101103\"> </a></td><td>Dopametil</td></tr><tr><td>2</td><td style=\"white-space:nowrap\">\u00a0\u00a000000101104<a name=\"WHODrugDC-00000101104\"> </a></td><td>Aldoless</td></tr><tr><td>2</td><td style=\"white-space:nowrap\">\u00a0\u00a000000101105<a name=\"WHODrugDC-00000101105\"> </a></td><td>Aldotil</td></tr><tr><td>2</td><td style=\"white-space:nowrap\">\u00a0\u00a000000101106<a name=\"WHODrugDC-00000101106\"> </a></td><td>Medpress</td></tr><tr><td>2</td><td style=\"white-space:nowrap\">\u00a0\u00a000000101107<a name=\"WHODrugDC-00000101107\"> </a></td><td>Gendomet</td></tr><tr><td>2</td><td style=\"white-space:nowrap\">\u00a0\u00a000000101108<a name=\"WHODrugDC-00000101108\"> </a></td><td>Metilvita</td></tr><tr><td>2</td><td style=\"white-space:nowrap\">\u00a0\u00a000000101109<a name=\"WHODrugDC-00000101109\"> </a></td><td>Dimipress</td></tr><tr><td>2</td><td style=\"white-space:nowrap\">\u00a0\u00a000000101110<a name=\"WHODrugDC-00000101110\"> </a></td><td>Dopatral</td></tr><tr><td>2</td><td style=\"white-space:nowrap\">\u00a0\u00a000000101111<a name=\"WHODrugDC-00000101111\"> </a></td><td>Dopagrand</td></tr><tr><td>2</td><td style=\"white-space:nowrap\">\u00a0\u00a000000101117<a name=\"WHODrugDC-00000101117\"> </a></td><td>Dopasan</td></tr><tr><td>2</td><td style=\"white-space:nowrap\">\u00a0\u00a000000101118<a name=\"WHODrugDC-00000101118\"> </a></td><td>Tensodopa</td></tr><tr><td>2</td><td style=\"white-space:nowrap\">\u00a0\u00a000000101121<a name=\"WHODrugDC-00000101121\"> </a></td><td>Aldopa</td></tr><tr><td>2</td><td style=\"white-space:nowrap\">\u00a0\u00a000000101124<a name=\"WHODrugDC-00000101124\"> </a></td><td>Coradopa</td></tr><tr><td>2</td><td style=\"white-space:nowrap\">\u00a0\u00a000000101135<a name=\"WHODrugDC-00000101135\"> </a></td><td>Tremesal</td></tr><tr><td>2</td><td style=\"white-space:nowrap\">\u00a0\u00a000000101158<a name=\"WHODrugDC-00000101158\"> </a></td><td>Metildopamek</td></tr><tr><td>2</td><td style=\"white-space:nowrap\">\u00a0\u00a000000101173<a name=\"WHODrugDC-00000101173\"> </a></td><td>Toparal</td></tr><tr><td>2</td><td style=\"white-space:nowrap\">\u00a0\u00a000000101178<a name=\"WHODrugDC-00000101178\"> </a></td><td>Hipermet</td></tr><tr><td>2</td><td style=\"white-space:nowrap\">\u00a0\u00a000000101179<a name=\"WHODrugDC-00000101179\"> </a></td><td>Metildopa ethical</td></tr><tr><td>2</td><td style=\"white-space:nowrap\">\u00a0\u00a000000101184<a name=\"WHODrugDC-00000101184\"> </a></td><td>Alpha-methyldopa</td></tr><tr><td>2</td><td style=\"white-space:nowrap\">\u00a0\u00a000000101185<a name=\"WHODrugDC-00000101185\"> </a></td><td>Methyldopum anhydricum</td></tr><tr><td>2</td><td style=\"white-space:nowrap\">\u00a0\u00a000000101187<a name=\"WHODrugDC-00000101187\"> </a></td><td>Metildopa icu-vita</td></tr><tr><td>2</td><td style=\"white-space:nowrap\">\u00a0\u00a000000101188<a name=\"WHODrugDC-00000101188\"> </a></td><td>Venopressin</td></tr><tr><td>2</td><td style=\"white-space:nowrap\">\u00a0\u00a000000101199<a name=\"WHODrugDC-00000101199\"> </a></td><td>Furp metildopa</td></tr><tr><td>2</td><td style=\"white-space:nowrap\">\u00a0\u00a000000101200<a name=\"WHODrugDC-00000101200\"> </a></td><td>Lfm metildopa</td></tr><tr><td>2</td><td style=\"white-space:nowrap\">\u00a0\u00a000000101223<a name=\"WHODrugDC-00000101223\"> </a></td><td>Alfametildopa dutriec</td></tr><tr><td>2</td><td style=\"white-space:nowrap\">\u00a0\u00a000000101224<a name=\"WHODrugDC-00000101224\"> </a></td><td>Dopa pres</td></tr><tr><td>2</td><td style=\"white-space:nowrap\">\u00a0\u00a000000101225<a name=\"WHODrugDC-00000101225\"> </a></td><td>Alfametildopa vivele</td></tr><tr><td>2</td><td style=\"white-space:nowrap\">\u00a0\u00a000000101226<a name=\"WHODrugDC-00000101226\"> </a></td><td>Alfametildopa phi</td></tr><tr><td>2</td><td style=\"white-space:nowrap\">\u00a0\u00a000000101227<a name=\"WHODrugDC-00000101227\"> </a></td><td>Alfametildopa heisecke</td></tr><tr><td>2</td><td style=\"white-space:nowrap\">\u00a0\u00a000000101228<a name=\"WHODrugDC-00000101228\"> </a></td><td>Aditol</td></tr><tr><td>2</td><td style=\"white-space:nowrap\">\u00a0\u00a000000101229<a name=\"WHODrugDC-00000101229\"> </a></td><td>Alfametildopa dallas</td></tr><tr><td>2</td><td style=\"white-space:nowrap\">\u00a0\u00a000000101230<a name=\"WHODrugDC-00000101230\"> </a></td><td>Alfametildopa avanova</td></tr><tr><td>2</td><td style=\"white-space:nowrap\">\u00a0\u00a000000101231<a name=\"WHODrugDC-00000101231\"> </a></td><td>Dopabrit</td></tr><tr><td>2</td><td style=\"white-space:nowrap\">\u00a0\u00a000000101236<a name=\"WHODrugDC-00000101236\"> </a></td><td>Aldoperten</td></tr><tr><td>1</td><td style=\"white-space:nowrap\">00000202001<a name=\"WHODrugDC-00000202001\"> </a></td><td>Orciprenaline sulfate</td></tr><tr><td>2</td><td style=\"white-space:nowrap\">\u00a0\u00a000000202002<a name=\"WHODrugDC-00000202002\"> </a></td><td>Alupent</td></tr><tr><td>2</td><td style=\"white-space:nowrap\">\u00a0\u00a000000202003<a name=\"WHODrugDC-00000202003\"> </a></td><td>Metaprel</td></tr><tr><td>2</td><td style=\"white-space:nowrap\">\u00a0\u00a000000202005<a name=\"WHODrugDC-00000202005\"> </a></td><td>Metaproterenol sulfate</td></tr><tr><td>2</td><td style=\"white-space:nowrap\">\u00a0\u00a000000202011<a name=\"WHODrugDC-00000202011\"> </a></td><td>Metaproterenol</td></tr><tr><td>2</td><td style=\"white-space:nowrap\">\u00a0\u00a000000202022<a name=\"WHODrugDC-00000202022\"> </a></td><td>Metaproternol sulfate</td></tr><tr><td>2</td><td style=\"white-space:nowrap\">\u00a0\u00a000000202023<a name=\"WHODrugDC-00000202023\"> </a></td><td>Orciprenalina</td></tr><tr><td>2</td><td style=\"white-space:nowrap\">\u00a0\u00a000000202030<a name=\"WHODrugDC-00000202030\"> </a></td><td>Orciprenalini sulfas</td></tr><tr><td>2</td><td style=\"white-space:nowrap\">\u00a0\u00a000000202032<a name=\"WHODrugDC-00000202032\"> </a></td><td>Orlin</td></tr><tr><td>1</td><td style=\"white-space:nowrap\">00000301001<a name=\"WHODrugDC-00000301001\"> </a></td><td>Aminosalicylic acid</td></tr><tr><td>2</td><td style=\"white-space:nowrap\">\u00a0\u00a000000301003<a name=\"WHODrugDC-00000301003\"> </a></td><td>Pas</td></tr><tr><td>2</td><td style=\"white-space:nowrap\">\u00a0\u00a000000301007<a name=\"WHODrugDC-00000301007\"> </a></td><td>Para-aminosalicylic acid</td></tr><tr><td>2</td><td style=\"white-space:nowrap\">\u00a0\u00a000000301008<a name=\"WHODrugDC-00000301008\"> </a></td><td>Aminosalylum</td></tr><tr><td>2</td><td style=\"white-space:nowrap\">\u00a0\u00a000000301014<a name=\"WHODrugDC-00000301014\"> </a></td><td>Paser</td></tr><tr><td>2</td><td style=\"white-space:nowrap\">\u00a0\u00a000000301023<a name=\"WHODrugDC-00000301023\"> </a></td><td>4-aminosalicylic acid</td></tr><tr><td>1</td><td style=\"white-space:nowrap\">00000304001<a name=\"WHODrugDC-00000304001\"> </a></td><td>Aminosalicylate sodium</td></tr><tr><td>2</td><td style=\"white-space:nowrap\">\u00a0\u00a000000304004<a name=\"WHODrugDC-00000304004\"> </a></td><td>Sodium pas</td></tr><tr><td>2</td><td style=\"white-space:nowrap\">\u00a0\u00a000000304018<a name=\"WHODrugDC-00000304018\"> </a></td><td>Monopas</td></tr><tr><td>2</td><td style=\"white-space:nowrap\">\u00a0\u00a000000304019<a name=\"WHODrugDC-00000304019\"> </a></td><td>Pas</td></tr><tr><td>2</td><td style=\"white-space:nowrap\">\u00a0\u00a000000304031<a name=\"WHODrugDC-00000304031\"> </a></td><td>Sodium aminosalicylate</td></tr><tr><td>2</td><td style=\"white-space:nowrap\">\u00a0\u00a000000304040<a name=\"WHODrugDC-00000304040\"> </a></td><td>Aminosalicylic acid sodium</td></tr><tr><td>2</td><td style=\"white-space:nowrap\">\u00a0\u00a000000304041<a name=\"WHODrugDC-00000304041\"> </a></td><td>Med pass</td></tr><tr><td>1</td><td style=\"white-space:nowrap\">15268603001<a name=\"WHODrugDC-15268603001\"> </a></td><td>COVID-19 vaccine NRVV Ad (ChAdOx1 nCoV-19)</td></tr><tr><td>2</td><td style=\"white-space:nowrap\">\u00a0\u00a015268603002<a name=\"WHODrugDC-15268603002\"> </a></td><td>AZD 1222</td></tr><tr><td>2</td><td style=\"white-space:nowrap\">\u00a0\u00a015268603003<a name=\"WHODrugDC-15268603003\"> </a></td><td>COVID-19 vaccine AstraZeneca</td></tr><tr><td>2</td><td style=\"white-space:nowrap\">\u00a0\u00a015268603004<a name=\"WHODrugDC-15268603004\"> </a></td><td>Covishield</td></tr><tr><td>2</td><td style=\"white-space:nowrap\">\u00a0\u00a015268603005<a name=\"WHODrugDC-15268603005\"> </a></td><td>ChAdOx1 nCoV-19</td></tr><tr><td>2</td><td style=\"white-space:nowrap\">\u00a0\u00a015268603007<a name=\"WHODrugDC-15268603007\"> </a></td><td>Vaxzevria</td></tr><tr><td>2</td><td style=\"white-space:nowrap\">\u00a0\u00a015268603009<a name=\"WHODrugDC-15268603009\"> </a></td><td>Vacuna COVID-19 AstraZeneca</td></tr><tr><td>2</td><td style=\"white-space:nowrap\">\u00a0\u00a015268603010<a name=\"WHODrugDC-15268603010\"> </a></td><td>Vacina COVID-19 (recombinante)</td></tr><tr><td>2</td><td style=\"white-space:nowrap\">\u00a0\u00a015268603012<a name=\"WHODrugDC-15268603012\"> </a></td><td>COVID-19 vacuna AstraZeneca</td></tr><tr><td>1</td><td style=\"white-space:nowrap\">15268604001<a name=\"WHODrugDC-15268604001\"> </a></td><td>Elasomeran</td></tr><tr><td>2</td><td style=\"white-space:nowrap\">\u00a0\u00a015268604002<a name=\"WHODrugDC-15268604002\"> </a></td><td>Moderna COVID-19 vaccine</td></tr><tr><td>2</td><td style=\"white-space:nowrap\">\u00a0\u00a015268604003<a name=\"WHODrugDC-15268604003\"> </a></td><td>COVID-19 vaccine Moderna</td></tr><tr><td>2</td><td style=\"white-space:nowrap\">\u00a0\u00a015268604004<a name=\"WHODrugDC-15268604004\"> </a></td><td>TAK 919</td></tr><tr><td>2</td><td style=\"white-space:nowrap\">\u00a0\u00a015268604005<a name=\"WHODrugDC-15268604005\"> </a></td><td>MRNA 1273</td></tr><tr><td>2</td><td style=\"white-space:nowrap\">\u00a0\u00a015268604006<a name=\"WHODrugDC-15268604006\"> </a></td><td>CX-024414</td></tr><tr><td>2</td><td style=\"white-space:nowrap\">\u00a0\u00a015268604007<a name=\"WHODrugDC-15268604007\"> </a></td><td>COVID-19 vaccine mRNA (mRNA 1273)</td></tr><tr><td>2</td><td style=\"white-space:nowrap\">\u00a0\u00a015268604008<a name=\"WHODrugDC-15268604008\"> </a></td><td>Spikevax</td></tr><tr><td>1</td><td style=\"white-space:nowrap\">15268607001<a name=\"WHODrugDC-15268607001\"> </a></td><td>COVID-19 vaccine NRVV Ad5 (Ad5-nCoV)</td></tr><tr><td>2</td><td style=\"white-space:nowrap\">\u00a0\u00a015268607002<a name=\"WHODrugDC-15268607002\"> </a></td><td>Ad5-nCoV</td></tr><tr><td>2</td><td style=\"white-space:nowrap\">\u00a0\u00a015268607005<a name=\"WHODrugDC-15268607005\"> </a></td><td>Convidecia</td></tr><tr><td>1</td><td style=\"white-space:nowrap\">15268614001<a name=\"WHODrugDC-15268614001\"> </a></td><td>COVID-19 vaccine inact w.virion NIV-2020-770</td></tr><tr><td>2</td><td style=\"white-space:nowrap\">\u00a0\u00a015268614002<a name=\"WHODrugDC-15268614002\"> </a></td><td>Covaxin</td></tr><tr><td>2</td><td style=\"white-space:nowrap\">\u00a0\u00a015268614003<a name=\"WHODrugDC-15268614003\"> </a></td><td>BBV152</td></tr><tr><td>1</td><td style=\"white-space:nowrap\">15268618001<a name=\"WHODrugDC-15268618001\"> </a></td><td>COVID-19 vaccine prot. subunit (MVC-COV1901)</td></tr><tr><td>2</td><td style=\"white-space:nowrap\">\u00a0\u00a015268618002<a name=\"WHODrugDC-15268618002\"> </a></td><td>Mvc covid-19 vaccine</td></tr><tr><td>2</td><td style=\"white-space:nowrap\">\u00a0\u00a015268618003<a name=\"WHODrugDC-15268618003\"> </a></td><td>MVC-COV1901</td></tr><tr><td>1</td><td style=\"white-space:nowrap\">15268620001<a name=\"WHODrugDC-15268620001\"> </a></td><td>COVID-19 vaccine NRVV Ad5 (Gam-Covid-Vac)</td></tr><tr><td>2</td><td style=\"white-space:nowrap\">\u00a0\u00a015268620002<a name=\"WHODrugDC-15268620002\"> </a></td><td>Gam-COVID-Vac component 2</td></tr><tr><td>2</td><td style=\"white-space:nowrap\">\u00a0\u00a015268620004<a name=\"WHODrugDC-15268620004\"> </a></td><td>Sputnik V component 2</td></tr><tr><td>1</td><td style=\"white-space:nowrap\">15268625001<a name=\"WHODrugDC-15268625001\"> </a></td><td>Tozinameran</td></tr><tr><td>2</td><td style=\"white-space:nowrap\">\u00a0\u00a015268625002<a name=\"WHODrugDC-15268625002\"> </a></td><td>BNT162b2</td></tr><tr><td>2</td><td style=\"white-space:nowrap\">\u00a0\u00a015268625003<a name=\"WHODrugDC-15268625003\"> </a></td><td>Pfizer BioNTech COVID-19 vaccine</td></tr><tr><td>2</td><td style=\"white-space:nowrap\">\u00a0\u00a015268625005<a name=\"WHODrugDC-15268625005\"> </a></td><td>Comirnaty</td></tr><tr><td>2</td><td style=\"white-space:nowrap\">\u00a0\u00a015268625006<a name=\"WHODrugDC-15268625006\"> </a></td><td>COVID-19 vaccine mRNA (BNT162b2)</td></tr><tr><td>2</td><td style=\"white-space:nowrap\">\u00a0\u00a015268625007<a name=\"WHODrugDC-15268625007\"> </a></td><td>Vacuna COVID-19 Pfizer BioNTech</td></tr><tr><td>2</td><td style=\"white-space:nowrap\">\u00a0\u00a015268625008<a name=\"WHODrugDC-15268625008\"> </a></td><td>PF 07305885</td></tr><tr><td>2</td><td style=\"white-space:nowrap\">\u00a0\u00a015268625009<a name=\"WHODrugDC-15268625009\"> </a></td><td>Vacuna Pfizer-BioNTech COVID-19</td></tr><tr><td>1</td><td style=\"white-space:nowrap\">15268628001<a name=\"WHODrugDC-15268628001\"> </a></td><td>COVID-19 vaccine prot. subunit (ZF 2001)</td></tr><tr><td>2</td><td style=\"white-space:nowrap\">\u00a0\u00a015268628003<a name=\"WHODrugDC-15268628003\"> </a></td><td>ZF 2001</td></tr><tr><td>2</td><td style=\"white-space:nowrap\">\u00a0\u00a015268628006<a name=\"WHODrugDC-15268628006\"> </a></td><td>Zifivax</td></tr><tr><td>1</td><td style=\"white-space:nowrap\">15268640001<a name=\"WHODrugDC-15268640001\"> </a></td><td>COVID-19 vaccine NRVV Ad26 (JNJ 78436735)</td></tr><tr><td>2</td><td style=\"white-space:nowrap\">\u00a0\u00a015268640002<a name=\"WHODrugDC-15268640002\"> </a></td><td>JNJ 78436735</td></tr><tr><td>2</td><td style=\"white-space:nowrap\">\u00a0\u00a015268640003<a name=\"WHODrugDC-15268640003\"> </a></td><td>Janssen COVID-19 vaccine</td></tr><tr><td>2</td><td style=\"white-space:nowrap\">\u00a0\u00a015268640004<a name=\"WHODrugDC-15268640004\"> </a></td><td>COVID-19 vaccine Janssen</td></tr><tr><td>2</td><td style=\"white-space:nowrap\">\u00a0\u00a015268640005<a name=\"WHODrugDC-15268640005\"> </a></td><td>Vacuna COVID-19 Janssen</td></tr><tr><td>2</td><td style=\"white-space:nowrap\">\u00a0\u00a015268640006<a name=\"WHODrugDC-15268640006\"> </a></td><td>Vacina COVID-19 (recombinante)</td></tr><tr><td>1</td><td style=\"white-space:nowrap\">15268643001<a name=\"WHODrugDC-15268643001\"> </a></td><td>COVID-19 vaccine inact (Vero) HB02</td></tr><tr><td>2</td><td style=\"white-space:nowrap\">\u00a0\u00a015268643003<a name=\"WHODrugDC-15268643003\"> </a></td><td>BBIBP-CorV</td></tr><tr><td>2</td><td style=\"white-space:nowrap\">\u00a0\u00a015268643005<a name=\"WHODrugDC-15268643005\"> </a></td><td>COVID-19 vaccine (vero cell), inactivated</td></tr><tr><td>2</td><td style=\"white-space:nowrap\">\u00a0\u00a015268643007<a name=\"WHODrugDC-15268643007\"> </a></td><td>Vacuna contra el SARS-COV-2 (Vero Cell), Inactivada</td></tr><tr><td>2</td><td style=\"white-space:nowrap\">\u00a0\u00a015268643009<a name=\"WHODrugDC-15268643009\"> </a></td><td>Hayat vax</td></tr><tr><td>2</td><td style=\"white-space:nowrap\">\u00a0\u00a015268643011<a name=\"WHODrugDC-15268643011\"> </a></td><td>Vacuna SARS-CoV-2 (celulas vero) inactivada</td></tr><tr><td>2</td><td style=\"white-space:nowrap\">\u00a0\u00a015268643012<a name=\"WHODrugDC-15268643012\"> </a></td><td>COVID-19 vaccine inact (Vero) 19nCoV-CDC-Tan-HB02</td></tr><tr><td>1</td><td style=\"white-space:nowrap\">15268644001<a name=\"WHODrugDC-15268644001\"> </a></td><td>COVID-19 vaccine inact (Vero) CZ02</td></tr><tr><td>2</td><td style=\"white-space:nowrap\">\u00a0\u00a015268644002<a name=\"WHODrugDC-15268644002\"> </a></td><td>CoronaVac</td></tr><tr><td>2</td><td style=\"white-space:nowrap\">\u00a0\u00a015268644004<a name=\"WHODrugDC-15268644004\"> </a></td><td>Vacina adsorvida COVID-19 (inativada)</td></tr><tr><td>1</td><td style=\"white-space:nowrap\">15268682001<a name=\"WHODrugDC-15268682001\"> </a></td><td>COVID-19 vaccine prot. subunit (CIGB 66)</td></tr><tr><td>2</td><td style=\"white-space:nowrap\">\u00a0\u00a015268682002<a name=\"WHODrugDC-15268682002\"> </a></td><td>Abdala</td></tr><tr><td>2</td><td style=\"white-space:nowrap\">\u00a0\u00a015268682003<a name=\"WHODrugDC-15268682003\"> </a></td><td>CIGB 66</td></tr><tr><td>1</td><td style=\"white-space:nowrap\">15268684001<a name=\"WHODrugDC-15268684001\"> </a></td><td>COVID-19 vaccine NRVV Ad26 (Gam-Covid-Vac);COVID-19 vaccine NRVV Ad5 (Gam-Covid-Vac)</td></tr><tr><td>2</td><td style=\"white-space:nowrap\">\u00a0\u00a015268684002<a name=\"WHODrugDC-15268684002\"> </a></td><td>Sputnik V</td></tr><tr><td>2</td><td style=\"white-space:nowrap\">\u00a0\u00a015268684003<a name=\"WHODrugDC-15268684003\"> </a></td><td>Gam-COVID-Vac</td></tr><tr><td>1</td><td style=\"white-space:nowrap\">152686A8001<a name=\"WHODrugDC-152686A8001\"> </a></td><td>Famtozinameran;Tozinameran</td></tr><tr><td>2</td><td style=\"white-space:nowrap\">\u00a0\u00a0152686A8004<a name=\"WHODrugDC-152686A8004\"> </a></td><td>Comirnaty bivalente BA.4/BA.5</td></tr><tr><td>1</td><td style=\"white-space:nowrap\">152686AA001<a name=\"WHODrugDC-152686AA001\"> </a></td><td>Riltozinameran;Tozinameran</td></tr><tr><td>2</td><td style=\"white-space:nowrap\">\u00a0\u00a0152686AA003<a name=\"WHODrugDC-152686AA003\"> </a></td><td>Comirnaty bivalente BA.1</td></tr></table></div>"
  },
  "url" : "https://paho.org/fhir/esavi/CodeSystem/WHODrugDC",
  "version" : "0.1.3409",
  "name" : "WHODrugDC",
  "title" : "WHODrug DrugCode",
  "status" : "active",
  "experimental" : true,
  "date" : "2023-05-25T00:00:00-04:00",
  "publisher" : "ESAVI -",
  "contact" : [{
    "name" : "ESAVI -",
    "telecom" : [{
      "system" : "url",
      "value" : "https://covid-19pharmacovigilance.paho.org/resources/updates-on-aefi"
    },
    {
      "system" : "email",
      "value" : "rizzatodan@paho.org"
    }]
  }],
  "description" : "Fragmento de WHODrug completo con nombres genéricos y comerciales en inglés mayormente codificados por drugcode",
  "jurisdiction" : [{
    "coding" : [{
      "system" : "http://unstats.un.org/unsd/methods/m49/m49.htm",
      "code" : "001"
    }]
  }],
  "content" : "fragment",
  "concept" : [{
    "code" : "00000101001",
    "display" : "Methyldopa",
    "concept" : [{
      "code" : "00000101002",
      "display" : "Aldomet"
    },
    {
      "code" : "00000101041",
      "display" : "Alfametildopa"
    },
    {
      "code" : "00000101044",
      "display" : "Almedop"
    },
    {
      "code" : "00000101045",
      "display" : "Cardin"
    },
    {
      "code" : "00000101046",
      "display" : "Methyldopum"
    },
    {
      "code" : "00000101086",
      "display" : "Prodop"
    },
    {
      "code" : "00000101087",
      "display" : "Hipermessel"
    },
    {
      "code" : "00000101089",
      "display" : "Tensioval"
    },
    {
      "code" : "00000101090",
      "display" : "Cardiodopa"
    },
    {
      "code" : "00000101091",
      "display" : "Metildopa"
    },
    {
      "code" : "00000101092",
      "display" : "Etildopanan"
    },
    {
      "code" : "00000101093",
      "display" : "Aldotensin"
    },
    {
      "code" : "00000101094",
      "display" : "Angimet"
    },
    {
      "code" : "00000101095",
      "display" : "Metilcord"
    },
    {
      "code" : "00000101096",
      "display" : "Metilprod"
    },
    {
      "code" : "00000101097",
      "display" : "Pressomet"
    },
    {
      "code" : "00000101098",
      "display" : "Metilpress"
    },
    {
      "code" : "00000101099",
      "display" : "Ductomet"
    },
    {
      "code" : "00000101100",
      "display" : "Tildomet"
    },
    {
      "code" : "00000101101",
      "display" : "Kindomet"
    },
    {
      "code" : "00000101102",
      "display" : "Dometil"
    },
    {
      "code" : "00000101103",
      "display" : "Dopametil"
    },
    {
      "code" : "00000101104",
      "display" : "Aldoless"
    },
    {
      "code" : "00000101105",
      "display" : "Aldotil"
    },
    {
      "code" : "00000101106",
      "display" : "Medpress"
    },
    {
      "code" : "00000101107",
      "display" : "Gendomet"
    },
    {
      "code" : "00000101108",
      "display" : "Metilvita"
    },
    {
      "code" : "00000101109",
      "display" : "Dimipress"
    },
    {
      "code" : "00000101110",
      "display" : "Dopatral"
    },
    {
      "code" : "00000101111",
      "display" : "Dopagrand"
    },
    {
      "code" : "00000101117",
      "display" : "Dopasan"
    },
    {
      "code" : "00000101118",
      "display" : "Tensodopa"
    },
    {
      "code" : "00000101121",
      "display" : "Aldopa"
    },
    {
      "code" : "00000101124",
      "display" : "Coradopa"
    },
    {
      "code" : "00000101135",
      "display" : "Tremesal"
    },
    {
      "code" : "00000101158",
      "display" : "Metildopamek"
    },
    {
      "code" : "00000101173",
      "display" : "Toparal"
    },
    {
      "code" : "00000101178",
      "display" : "Hipermet"
    },
    {
      "code" : "00000101179",
      "display" : "Metildopa ethical"
    },
    {
      "code" : "00000101184",
      "display" : "Alpha-methyldopa"
    },
    {
      "code" : "00000101185",
      "display" : "Methyldopum anhydricum"
    },
    {
      "code" : "00000101187",
      "display" : "Metildopa icu-vita"
    },
    {
      "code" : "00000101188",
      "display" : "Venopressin"
    },
    {
      "code" : "00000101199",
      "display" : "Furp metildopa"
    },
    {
      "code" : "00000101200",
      "display" : "Lfm metildopa"
    },
    {
      "code" : "00000101223",
      "display" : "Alfametildopa dutriec"
    },
    {
      "code" : "00000101224",
      "display" : "Dopa pres"
    },
    {
      "code" : "00000101225",
      "display" : "Alfametildopa vivele"
    },
    {
      "code" : "00000101226",
      "display" : "Alfametildopa phi"
    },
    {
      "code" : "00000101227",
      "display" : "Alfametildopa heisecke"
    },
    {
      "code" : "00000101228",
      "display" : "Aditol"
    },
    {
      "code" : "00000101229",
      "display" : "Alfametildopa dallas"
    },
    {
      "code" : "00000101230",
      "display" : "Alfametildopa avanova"
    },
    {
      "code" : "00000101231",
      "display" : "Dopabrit"
    },
    {
      "code" : "00000101236",
      "display" : "Aldoperten"
    }]
  },
  {
    "code" : "00000202001",
    "display" : "Orciprenaline sulfate",
    "concept" : [{
      "code" : "00000202002",
      "display" : "Alupent"
    },
    {
      "code" : "00000202003",
      "display" : "Metaprel"
    },
    {
      "code" : "00000202005",
      "display" : "Metaproterenol sulfate"
    },
    {
      "code" : "00000202011",
      "display" : "Metaproterenol"
    },
    {
      "code" : "00000202022",
      "display" : "Metaproternol sulfate"
    },
    {
      "code" : "00000202023",
      "display" : "Orciprenalina"
    },
    {
      "code" : "00000202030",
      "display" : "Orciprenalini sulfas"
    },
    {
      "code" : "00000202032",
      "display" : "Orlin"
    }]
  },
  {
    "code" : "00000301001",
    "display" : "Aminosalicylic acid",
    "concept" : [{
      "code" : "00000301003",
      "display" : "Pas"
    },
    {
      "code" : "00000301007",
      "display" : "Para-aminosalicylic acid"
    },
    {
      "code" : "00000301008",
      "display" : "Aminosalylum"
    },
    {
      "code" : "00000301014",
      "display" : "Paser"
    },
    {
      "code" : "00000301023",
      "display" : "4-aminosalicylic acid"
    }]
  },
  {
    "code" : "00000304001",
    "display" : "Aminosalicylate sodium",
    "concept" : [{
      "code" : "00000304004",
      "display" : "Sodium pas"
    },
    {
      "code" : "00000304018",
      "display" : "Monopas"
    },
    {
      "code" : "00000304019",
      "display" : "Pas"
    },
    {
      "code" : "00000304031",
      "display" : "Sodium aminosalicylate"
    },
    {
      "code" : "00000304040",
      "display" : "Aminosalicylic acid sodium"
    },
    {
      "code" : "00000304041",
      "display" : "Med pass"
    }]
  },
  {
    "code" : "15268603001",
    "display" : "COVID-19 vaccine NRVV Ad (ChAdOx1 nCoV-19)",
    "concept" : [{
      "code" : "15268603002",
      "display" : "AZD 1222"
    },
    {
      "code" : "15268603003",
      "display" : "COVID-19 vaccine AstraZeneca"
    },
    {
      "code" : "15268603004",
      "display" : "Covishield"
    },
    {
      "code" : "15268603005",
      "display" : "ChAdOx1 nCoV-19"
    },
    {
      "code" : "15268603007",
      "display" : "Vaxzevria"
    },
    {
      "code" : "15268603009",
      "display" : "Vacuna COVID-19 AstraZeneca"
    },
    {
      "code" : "15268603010",
      "display" : "Vacina COVID-19 (recombinante)"
    },
    {
      "code" : "15268603012",
      "display" : "COVID-19 vacuna AstraZeneca"
    }]
  },
  {
    "code" : "15268604001",
    "display" : "Elasomeran",
    "concept" : [{
      "code" : "15268604002",
      "display" : "Moderna COVID-19 vaccine"
    },
    {
      "code" : "15268604003",
      "display" : "COVID-19 vaccine Moderna"
    },
    {
      "code" : "15268604004",
      "display" : "TAK 919"
    },
    {
      "code" : "15268604005",
      "display" : "MRNA 1273"
    },
    {
      "code" : "15268604006",
      "display" : "CX-024414"
    },
    {
      "code" : "15268604007",
      "display" : "COVID-19 vaccine mRNA (mRNA 1273)"
    },
    {
      "code" : "15268604008",
      "display" : "Spikevax"
    }]
  },
  {
    "code" : "15268607001",
    "display" : "COVID-19 vaccine NRVV Ad5 (Ad5-nCoV)",
    "concept" : [{
      "code" : "15268607002",
      "display" : "Ad5-nCoV"
    },
    {
      "code" : "15268607005",
      "display" : "Convidecia"
    }]
  },
  {
    "code" : "15268614001",
    "display" : "COVID-19 vaccine inact w.virion NIV-2020-770",
    "concept" : [{
      "code" : "15268614002",
      "display" : "Covaxin"
    },
    {
      "code" : "15268614003",
      "display" : "BBV152"
    }]
  },
  {
    "code" : "15268618001",
    "display" : "COVID-19 vaccine prot. subunit (MVC-COV1901)",
    "concept" : [{
      "code" : "15268618002",
      "display" : "Mvc covid-19 vaccine"
    },
    {
      "code" : "15268618003",
      "display" : "MVC-COV1901"
    }]
  },
  {
    "code" : "15268620001",
    "display" : "COVID-19 vaccine NRVV Ad5 (Gam-Covid-Vac)",
    "concept" : [{
      "code" : "15268620002",
      "display" : "Gam-COVID-Vac component 2"
    },
    {
      "code" : "15268620004",
      "display" : "Sputnik V component 2"
    }]
  },
  {
    "code" : "15268625001",
    "display" : "Tozinameran",
    "concept" : [{
      "code" : "15268625002",
      "display" : "BNT162b2"
    },
    {
      "code" : "15268625003",
      "display" : "Pfizer BioNTech COVID-19 vaccine"
    },
    {
      "code" : "15268625005",
      "display" : "Comirnaty"
    },
    {
      "code" : "15268625006",
      "display" : "COVID-19 vaccine mRNA (BNT162b2)"
    },
    {
      "code" : "15268625007",
      "display" : "Vacuna COVID-19 Pfizer BioNTech"
    },
    {
      "code" : "15268625008",
      "display" : "PF 07305885"
    },
    {
      "code" : "15268625009",
      "display" : "Vacuna Pfizer-BioNTech COVID-19"
    }]
  },
  {
    "code" : "15268628001",
    "display" : "COVID-19 vaccine prot. subunit (ZF 2001)",
    "concept" : [{
      "code" : "15268628003",
      "display" : "ZF 2001"
    },
    {
      "code" : "15268628006",
      "display" : "Zifivax"
    }]
  },
  {
    "code" : "15268640001",
    "display" : "COVID-19 vaccine NRVV Ad26 (JNJ 78436735)",
    "concept" : [{
      "code" : "15268640002",
      "display" : "JNJ 78436735"
    },
    {
      "code" : "15268640003",
      "display" : "Janssen COVID-19 vaccine"
    },
    {
      "code" : "15268640004",
      "display" : "COVID-19 vaccine Janssen"
    },
    {
      "code" : "15268640005",
      "display" : "Vacuna COVID-19 Janssen"
    },
    {
      "code" : "15268640006",
      "display" : "Vacina COVID-19 (recombinante)"
    }]
  },
  {
    "code" : "15268643001",
    "display" : "COVID-19 vaccine inact (Vero) HB02",
    "concept" : [{
      "code" : "15268643003",
      "display" : "BBIBP-CorV"
    },
    {
      "code" : "15268643005",
      "display" : "COVID-19 vaccine (vero cell), inactivated"
    },
    {
      "code" : "15268643007",
      "display" : "Vacuna contra el SARS-COV-2 (Vero Cell), Inactivada"
    },
    {
      "code" : "15268643009",
      "display" : "Hayat vax"
    },
    {
      "code" : "15268643011",
      "display" : "Vacuna SARS-CoV-2 (celulas vero) inactivada"
    },
    {
      "code" : "15268643012",
      "display" : "COVID-19 vaccine inact (Vero) 19nCoV-CDC-Tan-HB02"
    }]
  },
  {
    "code" : "15268644001",
    "display" : "COVID-19 vaccine inact (Vero) CZ02",
    "concept" : [{
      "code" : "15268644002",
      "display" : "CoronaVac"
    },
    {
      "code" : "15268644004",
      "display" : "Vacina adsorvida COVID-19 (inativada)"
    }]
  },
  {
    "code" : "15268682001",
    "display" : "COVID-19 vaccine prot. subunit (CIGB 66)",
    "concept" : [{
      "code" : "15268682002",
      "display" : "Abdala"
    },
    {
      "code" : "15268682003",
      "display" : "CIGB 66"
    }]
  },
  {
    "code" : "15268684001",
    "display" : "COVID-19 vaccine NRVV Ad26 (Gam-Covid-Vac);COVID-19 vaccine NRVV Ad5 (Gam-Covid-Vac)",
    "concept" : [{
      "code" : "15268684002",
      "display" : "Sputnik V"
    },
    {
      "code" : "15268684003",
      "display" : "Gam-COVID-Vac"
    }]
  },
  {
    "code" : "152686A8001",
    "display" : "Famtozinameran;Tozinameran",
    "concept" : [{
      "code" : "152686A8004",
      "display" : "Comirnaty bivalente BA.4/BA.5"
    }]
  },
  {
    "code" : "152686AA001",
    "display" : "Riltozinameran;Tozinameran",
    "concept" : [{
      "code" : "152686AA003",
      "display" : "Comirnaty bivalente BA.1"
    }]
  }]
}