"Id","Path","Slice Name","Alias(s)","Label","Min","Max","Must Support?","Is Modifier?","Is Summary?","Type(s)","Short","Definition","Comments","Requirements","Default Value","Meaning When Missing","Fixed Value","Pattern","Example","Minimum Value","Maximum Value","Maximum Length","Binding Strength","Binding Description","Binding Value Set","Code","Slicing Discriminator","Slicing Description","Slicing Ordered","Slicing Rules","Base Path","Base Min","Base Max","Condition(s)","Constraint(s)","Mapping: Workflow Pattern","Mapping: RIM Mapping","Mapping: FiveWs Pattern Mapping"
"QuestionnaireResponse","QuestionnaireResponse","","Form
QuestionnaireAnswers","",0,*,"","","","null {[]} {[]}
","A structured set of questions and their answers","A structured set of questions and their answers. The questions are ordered and grouped into coherent subsets, corresponding to the structure of the grouping of the questionnaire being responded to.","The QuestionnaireResponse contains enough information about the questions asked and their organization that it can be interpreted somewhat independently from the Questionnaire it is based on.  I.e. You don't need access to the Questionnaire in order to extract basic information from a QuestionnaireResponse.","","","","","","","","",,,,,"",,,,"QuestionnaireResponse",0,*,"","dom-2:If the resource is contained in another resource, it SHALL NOT contain nested Resources {contained.contained.empty()}
dom-3:If the resource is contained in another resource, it SHALL be referred to from elsewhere in the resource or SHALL refer to the containing resource {contained.where((('#'+id in (%resource.descendants().reference | %resource.descendants().as(canonical) | %resource.descendants().as(uri) | %resource.descendants().as(url))) or descendants().where(reference = '#').exists() or descendants().where(as(canonical) = '#').exists() or descendants().where(as(canonical) = '#').exists()).not()).trace('unmatched', id).empty()}dom-4:If a resource is contained in another resource, it SHALL NOT have a meta.versionId or a meta.lastUpdated {contained.meta.versionId.empty() and contained.meta.lastUpdated.empty()}dom-5:If a resource is contained in another resource, it SHALL NOT have a security label {contained.meta.security.empty()}dom-6:A resource should have narrative for robust management {text.`div`.exists()}","Event","Entity. Role, or Act","Observation[moodCode=EVN]"
"QuestionnaireResponse.id","QuestionnaireResponse.id","","","",0,1,"","","Y","id {[]} {[]}
","Logical id of this artifact","The logical id of the resource, as used in the URL for the resource. Once assigned, this value never changes.","The only time that a resource does not have an id is when it is being submitted to the server using a create operation.","","","","","","","","",,,,,"",,,,"Resource.id",0,1,"",""
"QuestionnaireResponse.meta","QuestionnaireResponse.meta","","","",0,1,"","","Y","Meta {[]} {[]}
","Metadata about the resource","The metadata about the resource. This is content that is maintained by the infrastructure. Changes to the content might not always be associated with version changes to the resource.","","","","","","","","","",,,,,"",,,,"Resource.meta",0,1,"","ele-1:All FHIR elements must have a @value or children {hasValue() or (children().count() > id.count())}
"
"QuestionnaireResponse.implicitRules","QuestionnaireResponse.implicitRules","","","",0,1,"","Y","Y","uri {[]} {[]}
","A set of rules under which this content was created","A reference to a set of rules that were followed when the resource was constructed, and which must be understood when processing the content. Often, this is a reference to an implementation guide that defines the special rules along with other profiles etc.","Asserting this rule set restricts the content to be only understood by a limited set of trading partners. This inherently limits the usefulness of the data in the long term. However, the existing health eco-system is highly fractured, and not yet ready to define, collect, and exchange data in a generally computable sense. Wherever possible, implementers and/or specification writers should avoid using this element. Often, when used, the URL is a reference to an implementation guide that defines these special rules as part of it's narrative along with other profiles, value sets, etc.","","","","","","","","",,,,,"",,,,"Resource.implicitRules",0,1,"","ele-1:All FHIR elements must have a @value or children {hasValue() or (children().count() > id.count())}
"
"QuestionnaireResponse.language","QuestionnaireResponse.language","","","",0,1,"","","","code {[]} {[]}
","Language of the resource content","The base language in which the resource is written.","Language is provided to support indexing and accessibility (typically, services such as text to speech use the language tag). The html language tag in the narrative applies  to the narrative. The language tag on the resource may be used to specify the language of other presentations generated from the data in the resource. Not all the content has to be in the base language. The Resource.language should not be assumed to apply to the narrative automatically. If a language is specified, it should it also be specified on the div element in the html (see rules in HTML5 for information about the relationship between xml:lang and the html lang attribute).","","","","","","","","",,"preferred","A human language.","http://hl7.org/fhir/ValueSet/languages","",,,,"Resource.language",0,1,"","ele-1:All FHIR elements must have a @value or children {hasValue() or (children().count() > id.count())}
"
"QuestionnaireResponse.text","QuestionnaireResponse.text","","narrative
htmlxhtmldisplay","",0,1,"","","","Narrative {[]} {[]}
","Text summary of the resource, for human interpretation","A human-readable narrative that contains a summary of the resource and can be used to represent the content of the resource to a human. The narrative need not encode all the structured data, but is required to contain sufficient detail to make it ""clinically safe"" for a human to just read the narrative. Resource definitions may define what content should be represented in the narrative to ensure clinical safety.","Contained resources do not have narrative. Resources that are not contained SHOULD have a narrative. In some cases, a resource may only have text with little or no additional discrete data (as long as all minOccurs=1 elements are satisfied).  This may be necessary for data from legacy systems where information is captured as a ""text blob"" or where text is additionally entered raw or narrated and encoded information is added later.","","","","","","","","",,,,,"",,,,"DomainResource.text",0,1,"","ele-1:All FHIR elements must have a @value or children {hasValue() or (children().count() > id.count())}
","Act.text?"
"QuestionnaireResponse.contained","QuestionnaireResponse.contained","","inline resources
anonymous resourcescontained resources","",0,*,"","","","Resource {[]} {[]}
","Contained, inline Resources","These resources do not have an independent existence apart from the resource that contains them - they cannot be identified independently, and nor can they have their own independent transaction scope.","This should never be done when the content can be identified properly, as once identification is lost, it is extremely difficult (and context dependent) to restore it again. Contained resources may have profiles and tags In their meta elements, but SHALL NOT have security labels.","","","","","","","","",,,,,"",,,,"DomainResource.contained",0,*,"","","N/A"
"QuestionnaireResponse.extension","QuestionnaireResponse.extension","","extensions
user content","",0,*,"","","","Extension {[]} {[]}
","Additional content defined by implementations","May be used to represent additional information that is not part of the basic definition of the resource. To make the use of extensions safe and manageable, there is a strict set of governance  applied to the definition and use of extensions. Though any implementer can define an extension, there is a set of requirements that SHALL be met as part of the definition of the extension.","There can be no stigma associated with the use of extensions by any application, project, or standard - regardless of the institution or jurisdiction that uses or defines the extensions.  The use of extensions is what allows the FHIR specification to retain a core level of simplicity for everyone.","","","","","","","","",,,,,"",,,,"DomainResource.extension",0,*,"","ele-1:All FHIR elements must have a @value or children {hasValue() or (children().count() > id.count())}
ext-1:Must have either extensions or value[x], not both {extension.exists() != value.exists()}","N/A"
"QuestionnaireResponse.modifierExtension","QuestionnaireResponse.modifierExtension","","extensions
user content","",0,*,"","Y","","Extension {[]} {[]}
","Extensions that cannot be ignored","May be used to represent additional information that is not part of the basic definition of the resource and that modifies the understanding of the element that contains it and/or the understanding of the containing element's descendants. Usually modifier elements provide negation or qualification. To make the use of extensions safe and manageable, there is a strict set of governance applied to the definition and use of extensions. Though any implementer is allowed to define an extension, there is a set of requirements that SHALL be met as part of the definition of the extension. Applications processing a resource are required to check for modifier extensions.

Modifier extensions SHALL NOT change the meaning of any elements on Resource or DomainResource (including cannot change the meaning of modifierExtension itself).","There can be no stigma associated with the use of extensions by any application, project, or standard - regardless of the institution or jurisdiction that uses or defines the extensions.  The use of extensions is what allows the FHIR specification to retain a core level of simplicity for everyone.","Modifier extensions allow for extensions that *cannot* be safely ignored to be clearly distinguished from the vast majority of extensions which can be safely ignored.  This promotes interoperability by eliminating the need for implementers to prohibit the presence of extensions. For further information, see the [definition of modifier extensions](http://hl7.org/fhir/R4/extensibility.html#modifierExtension).","","","","","","","",,,,,"",,,,"DomainResource.modifierExtension",0,*,"","ele-1:All FHIR elements must have a @value or children {hasValue() or (children().count() > id.count())}
ext-1:Must have either extensions or value[x], not both {extension.exists() != value.exists()}","N/A"
"QuestionnaireResponse.identifier","QuestionnaireResponse.identifier","","","",1,1,"Y","","Y","Identifier {[]} {[]}
","Identificador único para este set de respuestas","Identificador único que será asignado a este set de respuestas, basado en un UUID","","Used for tracking, registration and other business purposes.","","","","","","","",,,,,"",,,,"QuestionnaireResponse.identifier",0,1,"","ele-1:All FHIR elements must have a @value or children {hasValue() or (children().count() > id.count())}
","Event.identifier",".id","FiveWs.identifier"
"QuestionnaireResponse.identifier.id","QuestionnaireResponse.identifier.id","","","",0,1,"","","","string {[]} {[]}
","Unique id for inter-element referencing","Unique id for the element within a resource (for internal references). This may be any string value that does not contain spaces.","","","","","","","","","",,,,,"",,,,"Element.id",0,1,"","","n/a"
"QuestionnaireResponse.identifier.extension","QuestionnaireResponse.identifier.extension","","extensions
user content","",0,*,"","","","Extension {[]} {[]}
","Additional content defined by implementations","May be used to represent additional information that is not part of the basic definition of the element. To make the use of extensions safe and manageable, there is a strict set of governance  applied to the definition and use of extensions. Though any implementer can define an extension, there is a set of requirements that SHALL be met as part of the definition of the extension.","There can be no stigma associated with the use of extensions by any application, project, or standard - regardless of the institution or jurisdiction that uses or defines the extensions.  The use of extensions is what allows the FHIR specification to retain a core level of simplicity for everyone.","","","","","","","","",,,,,"","value:url}
","Extensions are always sliced by (at least) url",,"open","Element.extension",0,*,"","ele-1:All FHIR elements must have a @value or children {hasValue() or (children().count() > id.count())}
ext-1:Must have either extensions or value[x], not both {extension.exists() != value.exists()}","n/a"
"QuestionnaireResponse.identifier.use","QuestionnaireResponse.identifier.use","","","",0,1,"","Y","Y","code {[]} {[]}
","usual | official | temp | secondary | old (If known)","The purpose of this identifier.","Applications can assume that an identifier is permanent unless it explicitly says that it is temporary.","Allows the appropriate identifier for a particular context of use to be selected from among a set of identifiers.","","","","","","","",,"required","Identifies the purpose for this identifier, if known .","http://hl7.org/fhir/ValueSet/identifier-use|4.0.1","",,,,"Identifier.use",0,1,"","ele-1:All FHIR elements must have a @value or children {hasValue() or (children().count() > id.count())}
","Role.code or implied by context"
"QuestionnaireResponse.identifier.type","QuestionnaireResponse.identifier.type","","","",0,1,"","","Y","CodeableConcept {[]} {[]}
","Description of identifier","A coded type for the identifier that can be used to determine which identifier to use for a specific purpose.","This element deals only with general categories of identifiers.  It SHOULD not be used for codes that correspond 1..1 with the Identifier.system. Some identifiers may fall into multiple categories due to common usage.   Where the system is known, a type is unnecessary because the type is always part of the system definition. However systems often need to handle identifiers where the system is not known. There is not a 1:1 relationship between type and system, since many different systems have the same type.","Allows users to make use of identifiers when the identifier system is not known.","","","","","","","",,"extensible","A coded type for an identifier that can be used to determine which identifier to use for a specific purpose.","http://hl7.org/fhir/ValueSet/identifier-type","",,,,"Identifier.type",0,1,"","ele-1:All FHIR elements must have a @value or children {hasValue() or (children().count() > id.count())}
","Role.code or implied by context"
"QuestionnaireResponse.identifier.system","QuestionnaireResponse.identifier.system","","","",0,1,"","","Y","uri {[]} {[]}
","Namespace del valor de identificación. http://ops.org/esavi/CodIsoPaís o  http://ops.org/esavi-CodPais/CodOrg o http://ops.org/esavi-CodPais/CodPais-CodOrg","Identifica la URL sobre la cual se describe el set de valores que es único. Sistem único para cada país en donde se genera la repesta","Identifier.system is always case sensitive.","There are many sets  of identifiers.  To perform matching of two identifiers, we need to know what set we're dealing with. The system identifies a particular set of unique identifiers.","","","","","<valueUri xmlns=""http://hl7.org/fhir"" value=""http://www.acme.com/identifiers/patient""/>","","",,,,,"",,,,"Identifier.system",0,1,"","ele-1:All FHIR elements must have a @value or children {hasValue() or (children().count() > id.count())}
","II.root or Role.id.root"
"QuestionnaireResponse.identifier.value","QuestionnaireResponse.identifier.value","","","",1,1,"Y","","Y","string {[]} {[]}
","Valor del identificador único. Número de Caso en UUID","Valor del identificador único. Número de Caso en UUID","If the value is a full URI, then the system SHALL be urn:ietf:rfc:3986.  The value's primary purpose is computational mapping.  As a result, it may be normalized for comparison purposes (e.g. removing non-significant whitespace, dashes, etc.)  A value formatted for human display can be conveyed using the [Rendered Value extension](http://hl7.org/fhir/R4/extension-rendered-value.html). Identifier.value is to be treated as case sensitive unless knowledge of the Identifier.system allows the processer to be confident that non-case-sensitive processing is safe.","","","","","","<valueString xmlns=""http://hl7.org/fhir"" value=""123456""/>","","",,,,,"",,,,"Identifier.value",0,1,"","ele-1:All FHIR elements must have a @value or children {hasValue() or (children().count() > id.count())}
","II.extension or II.root if system indicates OID or GUID (Or Role.id.extension or root)"
"QuestionnaireResponse.identifier.period","QuestionnaireResponse.identifier.period","","","",0,1,"","","Y","Period {[]} {[]}
","Time period when id is/was valid for use","Time period during which identifier is/was valid for use.","","","","","","","","","",,,,,"",,,,"Identifier.period",0,1,"","ele-1:All FHIR elements must have a @value or children {hasValue() or (children().count() > id.count())}
","Role.effectiveTime or implied by context"
"QuestionnaireResponse.identifier.assigner","QuestionnaireResponse.identifier.assigner","","","",0,1,"","","Y","Reference {[]} {[CanonicalType[http://hl7.org/fhir/StructureDefinition/Organization]]}
","Organization that issued id (may be just text)","Organization that issued/manages the identifier.","The Identifier.assigner may omit the .reference element and only contain a .display element reflecting the name or other textual information about the assigning organization.","","","","","","","","",,,,,"",,,,"Identifier.assigner",0,1,"","ele-1:All FHIR elements must have a @value or children {hasValue() or (children().count() > id.count())}
","II.assigningAuthorityName but note that this is an improper use by the definition of the field.  Also Role.scoper"
"QuestionnaireResponse.basedOn","QuestionnaireResponse.basedOn","","order
","",0,*,"","","Y","Reference {[]} {[CanonicalType[http://hl7.org/fhir/StructureDefinition/CarePlan], CanonicalType[http://hl7.org/fhir/StructureDefinition/ServiceRequest]]}
","Request fulfilled by this QuestionnaireResponse","The order, proposal or plan that is fulfilled in whole or in part by this QuestionnaireResponse.  For example, a ServiceRequest seeking an intake assessment or a decision support recommendation to assess for post-partum depression.","","Supports traceability of responsibility for the action and allows linkage of an action to the recommendations acted upon.","","","","","","","",,,,,"",,,,"QuestionnaireResponse.basedOn",0,*,"","ele-1:All FHIR elements must have a @value or children {hasValue() or (children().count() > id.count())}
","Event.basedOn",".outboundRelationship[typeCode=FLFS].target"
"QuestionnaireResponse.partOf","QuestionnaireResponse.partOf","","","",0,*,"","","Y","Reference {[]} {[CanonicalType[http://hl7.org/fhir/StructureDefinition/Observation], CanonicalType[http://hl7.org/fhir/StructureDefinition/Procedure]]}
","Part of this action","A procedure or observation that this questionnaire was performed as part of the execution of.  For example, the surgery a checklist was executed as part of.","Composition of questionnaire responses will be handled by the parent questionnaire having answers that reference the child questionnaire.  For relationships to referrals, and other types of requests, use basedOn.","","","","","","","","",,,,,"",,,,"QuestionnaireResponse.partOf",0,*,"","ele-1:All FHIR elements must have a @value or children {hasValue() or (children().count() > id.count())}
","Event.partOf",".inboundRelationship[typeCode=COMP].source[moodCode=EVN]"
"QuestionnaireResponse.questionnaire","QuestionnaireResponse.questionnaire","","Form
","",1,1,"Y","","Y","canonical {[]} {[CanonicalType[http://hl7.org/fhir/StructureDefinition/Questionnaire]]}
","Recurso Cuestionario al cual las respuestas hacen referencia","El cuestionario ESAVI se define como ejemplo en esta guía. Debe ser referenciado","Deb contener la URL Canónica del Questionario ","Needed to allow editing of the questionnaire response in a manner that enforces the constraints of the original form.","","","","<valueCanonical xmlns=""http://hl7.org/fhir"" value=""https://paho.org/fhir/esavi/Questionnaire/CuestionarioESAVI""/>","","","",,,,,"",,,,"QuestionnaireResponse.questionnaire",0,1,"","ele-1:All FHIR elements must have a @value or children {hasValue() or (children().count() > id.count())}
","Event.instantiates","./outboundRelationship[typeCode=INST]/target[classCode=OBS, moodCode=DEFN]"
"QuestionnaireResponse.status","QuestionnaireResponse.status","","","",1,1,"Y","Y","Y","code {[]} {[]}
","Estado en el cual se encuentra la respuesta.","El estado para los formularios ESAVI deben estar siempre en respuesta completed","This element is labeled as a modifier because the status contains codes that mark the resource as not currently valid.","The information on Questionnaire resources  may possibly be gathered during multiple sessions and altered after considered being finished.","","","","","","","",,"required","Se usará In-progress | completed","http://hl7.org/fhir/ValueSet/questionnaire-answers-status","",,,,"QuestionnaireResponse.status",1,1,"","ele-1:All FHIR elements must have a @value or children {hasValue() or (children().count() > id.count())}
","Event.status",".statusCode (also whether there's a revisionControlAct - and possibly mood to distinguish ""in-progress"" from ""published)","FiveWs.status"
"QuestionnaireResponse.subject","QuestionnaireResponse.subject","","Patient
Focus","",0,1,"","","Y","Reference {[]} {[CanonicalType[http://hl7.org/fhir/StructureDefinition/Resource]]}
","The subject of the questions","The subject of the questionnaire response.  This could be a patient, organization, practitioner, device, etc.  This is who/what the answers apply to, but is not necessarily the source of information.","If the Questionnaire declared a subjectType, the resource pointed to by this element must be an instance of one of the listed types.","Allows linking the answers to the individual the answers describe.  May also affect access control.","","","","","","","",,,,,"",,,,"QuestionnaireResponse.subject",0,1,"","ele-1:All FHIR elements must have a @value or children {hasValue() or (children().count() > id.count())}
","Event.subject",".participation[typeCode=SBJ].role","FiveWs.subject[x]","FiveWs.subject"
"QuestionnaireResponse.encounter","QuestionnaireResponse.encounter","","","",0,1,"","","Y","Reference {[]} {[CanonicalType[http://hl7.org/fhir/StructureDefinition/Encounter]]}
","Encounter created as part of","The Encounter during which this questionnaire response was created or to which the creation of this record is tightly associated.","This will typically be the encounter the event occurred within, but some activities may be initiated prior to or after the official completion of an encounter but still be tied to the context of the encounter. A questionnaire that was initiated during an encounter but not fully completed during the encounter would still generally be associated with the encounter.","Provides context for the information that was captured.  May also affect access control.","","","","","","","",,,,,"",,,,"QuestionnaireResponse.encounter",0,1,"","ele-1:All FHIR elements must have a @value or children {hasValue() or (children().count() > id.count())}
","Event.encounter",".inboundRelationship(typeCode=COMP].source[classCode<=PCPR, moodCode=EVN]","FiveWs.context"
"QuestionnaireResponse.authored","QuestionnaireResponse.authored","","Date Created
Date publishedDate IssuedDate updated","",1,1,"Y","","Y","dateTime {[]} {[]}
","Fecha llenado Ficha o Fecha Notificación o Fecha Repositorio Nacional","Fecha/hora en la cual las respuestas fueron llenadas como definitivas. En orden de preferecia: Fecha Llenado Ficha --> FEcha Notificación --> Fecha Repositorio Nacional "," En Orden de Preferencia usar el  linkid fechaLlenadoFicha si no fechaNotificacion y de no contar con ninguno de los ateriores fechaRepoNacional ","Clinicians need to be able to check the date that the information in the questionnaire was collected, to derive the context of the answers.","","","","","","","",,,,,"",,,,"QuestionnaireResponse.authored",0,1,"","ele-1:All FHIR elements must have a @value or children {hasValue() or (children().count() > id.count())}
","Event.occurrence[x]",".participation[typeCode=AUT].time","FiveWs.recorded"
"QuestionnaireResponse.author","QuestionnaireResponse.author","","Laboratory
ServicePractitionerDepartmentCompanyPerformer","",0,1,"","","Y","Reference {[]} {[CanonicalType[http://hl7.org/fhir/StructureDefinition/Device], CanonicalType[http://hl7.org/fhir/StructureDefinition/Practitioner], CanonicalType[http://hl7.org/fhir/StructureDefinition/PractitionerRole], CanonicalType[http://hl7.org/fhir/StructureDefinition/Patient], CanonicalType[http://hl7.org/fhir/StructureDefinition/RelatedPerson], CanonicalType[http://hl7.org/fhir/StructureDefinition/Organization]]}
","Person who received and recorded the answers","Person who received the answers to the questions in the QuestionnaireResponse and recorded them in the system.","Mapping a subject's answers to multiple choice options and determining what to put in the textual answer is a matter of interpretation.  Authoring by device would indicate that some portion of the questionnaire had been auto-populated.","Need to know who interpreted the subject's answers to the questions in the questionnaire, and selected the appropriate options for answers.","","","","","","","",,,,,"",,,,"QuestionnaireResponse.author",0,1,"","ele-1:All FHIR elements must have a @value or children {hasValue() or (children().count() > id.count())}
","Event.performer",".participation[typeCode=AUT].role","FiveWs.author"
"QuestionnaireResponse.source","QuestionnaireResponse.source","","","",0,1,"","","Y","Reference {[]} {[CanonicalType[http://hl7.org/fhir/StructureDefinition/Patient], CanonicalType[http://hl7.org/fhir/StructureDefinition/Practitioner], CanonicalType[http://hl7.org/fhir/StructureDefinition/PractitionerRole], CanonicalType[http://hl7.org/fhir/StructureDefinition/RelatedPerson]]}
","The person who answered the questions","The person who answered the questions about the subject.","If not specified, no inference can be made about who provided the data.","When answering questions about a subject that is minor, incapable of answering or an animal, another human source may answer the questions.","","","","","","","",,,,,"",,,,"QuestionnaireResponse.source",0,1,"","ele-1:All FHIR elements must have a @value or children {hasValue() or (children().count() > id.count())}
",".participation[typeCode=INF].role","FiveWs.source"
"QuestionnaireResponse.item","QuestionnaireResponse.item","","","",1,*,"Y","","","BackboneElement {[]} {[]}
","Grupos, subgrupos y preguntas a responder basadas en el Questionario","Grupos y preguntas. Las respuestas estan basadas en el cuestionario deben seguir linkId y tipo de datos","Las respuestas deben contar con el mismo linkId y tipo de datos del Questionnaire, al igual como deben respetar las restricciones generadas tanto para habilitar la respuesta, validar la respuesta o terminologías usadas","","","","","","","","",,,,,"",,,,"QuestionnaireResponse.item",0,*,"","ele-1:All FHIR elements must have a @value or children {hasValue() or (children().count() > id.count())}
qrs-1:Nested item can't be beneath both item and answer {(answer.exists() and item.exists()).not()}",".outboundRelationship[typeCode=COMP].target[classCode=OBS, moodCode=EVN]"
"QuestionnaireResponse.item.id","QuestionnaireResponse.item.id","","","",0,1,"","","","string {[]} {[]}
","Unique id for inter-element referencing","Unique id for the element within a resource (for internal references). This may be any string value that does not contain spaces.","","","","","","","","","",,,,,"",,,,"Element.id",0,1,"","","n/a"
"QuestionnaireResponse.item.extension","QuestionnaireResponse.item.extension","","extensions
user content","",0,*,"","","","Extension {[]} {[]}
","Additional content defined by implementations","May be used to represent additional information that is not part of the basic definition of the element. To make the use of extensions safe and manageable, there is a strict set of governance  applied to the definition and use of extensions. Though any implementer can define an extension, there is a set of requirements that SHALL be met as part of the definition of the extension.","There can be no stigma associated with the use of extensions by any application, project, or standard - regardless of the institution or jurisdiction that uses or defines the extensions.  The use of extensions is what allows the FHIR specification to retain a core level of simplicity for everyone.","","","","","","","","",,,,,"",,,,"Element.extension",0,*,"","ele-1:All FHIR elements must have a @value or children {hasValue() or (children().count() > id.count())}
ext-1:Must have either extensions or value[x], not both {extension.exists() != value.exists()}","n/a"
"QuestionnaireResponse.item.modifierExtension","QuestionnaireResponse.item.modifierExtension","","extensions
user contentmodifiers","",0,*,"","Y","Y","Extension {[]} {[]}
","Extensions that cannot be ignored even if unrecognized","May be used to represent additional information that is not part of the basic definition of the element and that modifies the understanding of the element in which it is contained and/or the understanding of the containing element's descendants. Usually modifier elements provide negation or qualification. To make the use of extensions safe and manageable, there is a strict set of governance applied to the definition and use of extensions. Though any implementer can define an extension, there is a set of requirements that SHALL be met as part of the definition of the extension. Applications processing a resource are required to check for modifier extensions.

Modifier extensions SHALL NOT change the meaning of any elements on Resource or DomainResource (including cannot change the meaning of modifierExtension itself).","There can be no stigma associated with the use of extensions by any application, project, or standard - regardless of the institution or jurisdiction that uses or defines the extensions.  The use of extensions is what allows the FHIR specification to retain a core level of simplicity for everyone.","Modifier extensions allow for extensions that *cannot* be safely ignored to be clearly distinguished from the vast majority of extensions which can be safely ignored.  This promotes interoperability by eliminating the need for implementers to prohibit the presence of extensions. For further information, see the [definition of modifier extensions](http://hl7.org/fhir/R4/extensibility.html#modifierExtension).","","","","","","","",,,,,"",,,,"BackboneElement.modifierExtension",0,*,"","ele-1:All FHIR elements must have a @value or children {hasValue() or (children().count() > id.count())}
ext-1:Must have either extensions or value[x], not both {extension.exists() != value.exists()}","N/A"
"QuestionnaireResponse.item.linkId","QuestionnaireResponse.item.linkId","","","",1,1,"","","","string {[]} {[]}
","Pointer to specific item from Questionnaire","The item from the Questionnaire that corresponds to this item in the QuestionnaireResponse resource.","","Items can repeat in the answers, so a direct 1..1 correspondence by position might not exist - requiring correspondence by identifier.","","","","","","","",,,,,"",,,,"QuestionnaireResponse.item.linkId",1,1,"","ele-1:All FHIR elements must have a @value or children {hasValue() or (children().count() > id.count())}
",".outboundRelationship[typeCode=DEFN].target[classCode=OBS, moodCode=DEFN].id"
"QuestionnaireResponse.item.definition","QuestionnaireResponse.item.definition","","","",0,1,"","","","uri {[]} {[]}
","ElementDefinition - details for the item","A reference to an [ElementDefinition](http://hl7.org/fhir/R4/elementdefinition.html) that provides the details for the item.","The ElementDefinition must be in a [StructureDefinition](structuredefinition.html#), and must have a fragment identifier that identifies the specific data element by its id (Element.id). E.g. http://hl7.org/fhir/StructureDefinition/Observation#Observation.value[x].

There is no need for this element if the item pointed to by the linkId has a definition listed.","A common pattern is to define a set of data elements, and then build multiple different questionnaires for different circumstances to gather the data. This element provides traceability to the common definition.","","","","","","","",,,,,"",,,,"QuestionnaireResponse.item.definition",0,1,"","ele-1:All FHIR elements must have a @value or children {hasValue() or (children().count() > id.count())}
",".outboundRelationship[typeCode=DEFN].target[classCode=OBS, moodCode=DEFN].code"
"QuestionnaireResponse.item.text","QuestionnaireResponse.item.text","","","",0,1,"","","","string {[]} {[]}
","Name for group or question text","Text that is displayed above the contents of the group or as the text of the question being answered.","","Allows the questionnaire response to be read without access to the questionnaire.","","","","","","","",,,,,"",,,,"QuestionnaireResponse.item.text",0,1,"","ele-1:All FHIR elements must have a @value or children {hasValue() or (children().count() > id.count())}
",".text"
"QuestionnaireResponse.item.answer","QuestionnaireResponse.item.answer","","","",0,*,"","","","BackboneElement {[]} {[]}
","The response(s) to the question","The respondent's answer(s) to the question.","The value is nested because we cannot have a repeating structure that has variable type.","","","","","","","","",,,,,"",,,,"QuestionnaireResponse.item.answer",0,*,"","ele-1:All FHIR elements must have a @value or children {hasValue() or (children().count() > id.count())}
",".value[type=LIST_ANY]"
"QuestionnaireResponse.item.answer.id","QuestionnaireResponse.item.answer.id","","","",0,1,"","","","string {[]} {[]}
","Unique id for inter-element referencing","Unique id for the element within a resource (for internal references). This may be any string value that does not contain spaces.","","","","","","","","","",,,,,"",,,,"Element.id",0,1,"","","n/a"
"QuestionnaireResponse.item.answer.extension","QuestionnaireResponse.item.answer.extension","","extensions
user content","",0,*,"","","","Extension {[]} {[]}
","Additional content defined by implementations","May be used to represent additional information that is not part of the basic definition of the element. To make the use of extensions safe and manageable, there is a strict set of governance  applied to the definition and use of extensions. Though any implementer can define an extension, there is a set of requirements that SHALL be met as part of the definition of the extension.","There can be no stigma associated with the use of extensions by any application, project, or standard - regardless of the institution or jurisdiction that uses or defines the extensions.  The use of extensions is what allows the FHIR specification to retain a core level of simplicity for everyone.","","","","","","","","",,,,,"",,,,"Element.extension",0,*,"","ele-1:All FHIR elements must have a @value or children {hasValue() or (children().count() > id.count())}
ext-1:Must have either extensions or value[x], not both {extension.exists() != value.exists()}","n/a"
"QuestionnaireResponse.item.answer.modifierExtension","QuestionnaireResponse.item.answer.modifierExtension","","extensions
user contentmodifiers","",0,*,"","Y","Y","Extension {[]} {[]}
","Extensions that cannot be ignored even if unrecognized","May be used to represent additional information that is not part of the basic definition of the element and that modifies the understanding of the element in which it is contained and/or the understanding of the containing element's descendants. Usually modifier elements provide negation or qualification. To make the use of extensions safe and manageable, there is a strict set of governance applied to the definition and use of extensions. Though any implementer can define an extension, there is a set of requirements that SHALL be met as part of the definition of the extension. Applications processing a resource are required to check for modifier extensions.

Modifier extensions SHALL NOT change the meaning of any elements on Resource or DomainResource (including cannot change the meaning of modifierExtension itself).","There can be no stigma associated with the use of extensions by any application, project, or standard - regardless of the institution or jurisdiction that uses or defines the extensions.  The use of extensions is what allows the FHIR specification to retain a core level of simplicity for everyone.","Modifier extensions allow for extensions that *cannot* be safely ignored to be clearly distinguished from the vast majority of extensions which can be safely ignored.  This promotes interoperability by eliminating the need for implementers to prohibit the presence of extensions. For further information, see the [definition of modifier extensions](http://hl7.org/fhir/R4/extensibility.html#modifierExtension).","","","","","","","",,,,,"",,,,"BackboneElement.modifierExtension",0,*,"","ele-1:All FHIR elements must have a @value or children {hasValue() or (children().count() > id.count())}
ext-1:Must have either extensions or value[x], not both {extension.exists() != value.exists()}","N/A"
"QuestionnaireResponse.item.answer.value[x]","QuestionnaireResponse.item.answer.value[x]","","","",0,1,"","","","boolean {[]} {[]}
decimal {[]} {[]}integer {[]} {[]}date {[]} {[]}dateTime {[]} {[]}time {[]} {[]}string {[]} {[]}uri {[]} {[]}Attachment {[]} {[]}Coding {[]} {[]}Quantity {[]} {[]}Reference {[]} {[CanonicalType[http://hl7.org/fhir/StructureDefinition/Resource]]}","Single-valued answer to the question","The answer (or one of the answers) provided by the respondent to the question.","More complex structures (Attachment, Resource and Quantity) will typically be limited to electronic forms that can expose an appropriate user interface to capture the components and enforce the constraints of a complex data type.  Additional complex types can be introduced through extensions. Must match the datatype specified by Questionnaire.item.type in the corresponding Questionnaire.","Ability to retain a single-valued answer to a question.","","","","","","","",,"example","Code indicating the response provided for a question.","http://hl7.org/fhir/ValueSet/questionnaire-answers","",,,,"QuestionnaireResponse.item.answer.value[x]",0,1,"","ele-1:All FHIR elements must have a @value or children {hasValue() or (children().count() > id.count())}
",".item"
"QuestionnaireResponse.item.answer.item","QuestionnaireResponse.item.answer.item","","","",0,*,"","","","null {[]} {[]}
","Nested groups and questions","Nested groups and/or questions found within this particular answer.","","It is useful to have ""sub-questions"", questions which normally appear when certain answers are given and which collect additional details.","","","","","","","",,,,,"",,,,"QuestionnaireResponse.item.answer.item",0,*,"","ele-1:All FHIR elements must have a @value or children {hasValue() or (children().count() > id.count())}
",".outboundRelationship[typeCode=COMP].target[classCode=OBS, moodCode=EVN]"
"QuestionnaireResponse.item.item","QuestionnaireResponse.item.item","","","",0,*,"","","","null {[]} {[]}
","Nested questionnaire response items","Questions or sub-groups nested beneath a question or group.","","Reports can consist of complex nested groups.","","","","","","","",,,,,"",,,,"QuestionnaireResponse.item.item",0,*,"","ele-1:All FHIR elements must have a @value or children {hasValue() or (children().count() > id.count())}
",".outboundRelationship[typeCode=COMP].target[classCode=OBS, moodCode=EVN]"
