{
  "codeSystems" : [
    {
      "url" : "http://hl7.org/fhir/ValueSet/administrative-gender",
      "version" : "4.0.1",
      "status" : "active",
      "name" : "AdministrativeGender",
      "title" : "AdministrativeGender",
      "description" : "The gender of a person used for administrative purposes.",
      "systems" : ["http://hl7.org/fhir/administrative-gender"],
      "oids" : ["2.16.840.1.113883.4.642.3.1"],
      "sources" : ["2.16.840.1.113883.4.642.3.1"],
      "uses" : {
      },
      "Questionnaire-CuestionarioESAVI.html" : "Questionario para ESAVI de OPS"
    },
    {
      "url" : "http://hl7.org/fhir/ValueSet/bundle-type",
      "version" : "4.0.1",
      "status" : "active",
      "name" : "BundleType",
      "title" : "BundleType",
      "description" : "Indicates the purpose of a bundle - how it is intended to be used.",
      "systems" : ["http://hl7.org/fhir/bundle-type"],
      "oids" : ["2.16.840.1.113883.4.642.3.620"],
      "sources" : ["2.16.840.1.113883.4.642.3.620"],
      "uses" : {
      },
      "StructureDefinition-BundleESAVI.html" : "Bundle Transacción de gupos de notificaciones"
    },
    {
      "url" : "http://hl7.org/fhir/ValueSet/http-verb",
      "version" : "4.0.1",
      "status" : "active",
      "name" : "HTTPVerb",
      "title" : "HTTPVerb",
      "description" : "HTTP verbs (in the HTTP command line). See [HTTP rfc](https://tools.ietf.org/html/rfc7231) for details.",
      "systems" : ["http://hl7.org/fhir/http-verb"],
      "oids" : ["2.16.840.1.113883.4.642.3.624"],
      "sources" : ["2.16.840.1.113883.4.642.3.624"],
      "uses" : {
      },
      "StructureDefinition-BundleESAVI.html" : "Bundle Transacción de gupos de notificaciones"
    },
    {
      "url" : "http://hl7.org/fhir/ValueSet/identifier-type",
      "version" : "4.0.1",
      "status" : "active",
      "name" : "Identifier Type Codes",
      "title" : "IdentifierType",
      "description" : "A coded type for an identifier that can be used to determine which identifier to use for a specific purpose.",
      "systems" : ["http://terminology.hl7.org/CodeSystem/v2-0203"],
      "oids" : ["2.16.840.1.113883.4.642.3.45"],
      "sources" : ["2.16.840.1.113883.4.642.3.45"],
      "uses" : {
      },
      "StructureDefinition-ESAVIQuestionnaireResponse.html" : "Respuesta de Cuestionario ESAVI"
    },
    {
      "url" : "http://hl7.org/fhir/ValueSet/identifier-use",
      "version" : "4.0.1",
      "status" : "active",
      "name" : "IdentifierUse",
      "title" : "IdentifierUse",
      "description" : "Identifies the purpose for this identifier, if known .",
      "systems" : ["http://hl7.org/fhir/identifier-use"],
      "oids" : ["2.16.840.1.113883.4.642.3.57"],
      "sources" : ["2.16.840.1.113883.4.642.3.57"],
      "uses" : {
      },
      "StructureDefinition-ESAVIQuestionnaireResponse.html" : "Respuesta de Cuestionario ESAVI"
    },
    {
      "url" : "http://hl7.org/fhir/ValueSet/languages",
      "version" : "4.0.1",
      "status" : "draft",
      "name" : "CommonLanguages",
      "title" : "Common Languages",
      "description" : "This value set includes common codes from BCP-47 (http://tools.ietf.org/html/bcp47)",
      "systems" : ["urn:ietf:bcp:47"],
      "oids" : ["2.16.840.1.113883.4.642.3.20"],
      "sources" : ["2.16.840.1.113883.4.642.3.20"],
      "uses" : {
      },
      "StructureDefinition-ESAVIQuestionnaireResponse.html" : "Respuesta de Cuestionario ESAVI",
      "StructureDefinition-BundleESAVI.html" : "Bundle Transacción de gupos de notificaciones"
    },
    {
      "url" : "http://hl7.org/fhir/ValueSet/questionnaire-answers",
      "version" : "4.0.1",
      "status" : "draft",
      "name" : "QuestionnaireAnswerCodes",
      "title" : "Questionnaire Answer Codes",
      "description" : "Example list of codes for answers to questions. (Not complete or necessarily appropriate.)",
      "systems" : ["http://snomed.info/sct"],
      "oids" : ["2.16.840.1.113883.4.642.3.446"],
      "sources" : ["2.16.840.1.113883.4.642.3.446"],
      "uses" : {
      },
      "StructureDefinition-ESAVIQuestionnaireResponse.html" : "Respuesta de Cuestionario ESAVI"
    },
    {
      "url" : "http://hl7.org/fhir/ValueSet/questionnaire-answers-status",
      "version" : "4.0.1",
      "status" : "draft",
      "name" : "QuestionnaireResponseStatus",
      "title" : "QuestionnaireResponseStatus",
      "description" : "Lifecycle status of the questionnaire response.",
      "systems" : ["http://hl7.org/fhir/questionnaire-answers-status"],
      "oids" : ["required"],
      "sources" : ["required"],
      "uses" : {
      },
      "StructureDefinition-ESAVIQuestionnaireResponse.html" : "Respuesta de Cuestionario ESAVI"
    },
    {
      "url" : "http://hl7.org/fhir/ValueSet/search-entry-mode",
      "version" : "4.0.1",
      "status" : "active",
      "name" : "SearchEntryMode",
      "title" : "SearchEntryMode",
      "description" : "Why an entry is in the result set - whether it's included as a match or because of an _include requirement, or to convey information or warning information about the search process.",
      "systems" : ["http://hl7.org/fhir/search-entry-mode"],
      "oids" : ["2.16.840.1.113883.4.642.3.622"],
      "sources" : ["2.16.840.1.113883.4.642.3.622"],
      "uses" : {
      },
      "StructureDefinition-BundleESAVI.html" : "Bundle Transacción de gupos de notificaciones"
    },
    {
      "url" : "https://paho.org/fhir/esavi/ValueSet/ClasificacionDesenlaceNaranjoVS",
      "version" : "0.2.0",
      "status" : "active",
      "name" : "ClasificacionDesenlaceNaranjoVS",
      "title" : "Clasificación de causalidad Naranjo",
      "description" : "Método de clasificación de causalidad Naranjo",
      "systems" : [
        "https://paho.org/fhir/esavi/CodeSystem/ClasificacionDesenlaceNaranjoCS"
      ],
      "uses" : {
      },
      "Questionnaire-CuestionarioESAVI.html" : "Questionario para ESAVI de OPS"
    },
    {
      "url" : "https://paho.org/fhir/esavi/ValueSet/ClasificacionDesenlaceVS",
      "version" : "0.2.0",
      "status" : "active",
      "name" : "ClasificacionDesenlaceVS",
      "title" : "Desenlaces Tras ESAVI",
      "description" : "Clasificación de Desenlace Tras Sufrir ESAVI",
      "systems" : [
        "https://paho.org/fhir/esavi/CodeSystem/ClasificacionDesenlaceCS"
      ],
      "uses" : {
      },
      "Questionnaire-CuestionarioESAVI.html" : "Questionario para ESAVI de OPS"
    },
    {
      "url" : "https://paho.org/fhir/esavi/ValueSet/ClasificacionDesenlaceWHOAEFIVS",
      "version" : "0.2.0",
      "status" : "active",
      "name" : "ClasificacionDesenlaceWHOAEFIVS",
      "title" : "Clasificación de causalidad WHO-AEFI",
      "description" : "Método de clasificación de causalidad WHO-AEFI",
      "systems" : [
        "https://paho.org/fhir/esavi/CodeSystem/ClasificacionDesenlaceWHOAEFICS"
      ],
      "uses" : {
      },
      "Questionnaire-CuestionarioESAVI.html" : "Questionario para ESAVI de OPS"
    },
    {
      "url" : "https://paho.org/fhir/esavi/ValueSet/ClasificacionDesenlaceWHOUMCVS",
      "version" : "0.2.0",
      "status" : "active",
      "name" : "ClasificacionDesenlaceWHOUMCVS",
      "title" : "Clasificación de causalidad WHO-UMC",
      "description" : "Método de clasificación de causalidad WHO-UMC",
      "systems" : [
        "https://paho.org/fhir/esavi/CodeSystem/ClasificacionDesenlaceWHOUMCCS"
      ],
      "uses" : {
      },
      "Questionnaire-CuestionarioESAVI.html" : "Questionario para ESAVI de OPS"
    },
    {
      "url" : "https://paho.org/fhir/esavi/ValueSet/CodigoMedDRAEnfPreviaVS",
      "version" : "0.2.0",
      "status" : "active",
      "name" : "CodigoMedDRAEnfPreviaVS",
      "title" : "Códigos de MedDRA para representar enfermedades previas en un ESAVI-PAHO",
      "description" : "Describe las enfermedades previas en un ESAVI codificadas en MedDRA",
      "systems" : ["https://paho.org/fhir/esavi/CodeSystem/MedDRACS"],
      "uses" : {
      },
      "Questionnaire-CuestionarioESAVI.html" : "Questionario para ESAVI de OPS"
    },
    {
      "url" : "https://paho.org/fhir/esavi/ValueSet/CodigoMedicamentoVS",
      "version" : "0.2.0",
      "status" : "active",
      "name" : "CodigoMedicamentoVS",
      "title" : "Codigo Medicamento",
      "description" : "Codigo Medicamento",
      "systems" : [
        "https://paho.org/fhir/esavi/CodeSystem/WHODrugDCCS",
        "http://snomed.info/sct"
      ],
      "uses" : {
      },
      "Questionnaire-CuestionarioESAVI.html" : "Questionario para ESAVI de OPS"
    },
    {
      "url" : "https://paho.org/fhir/esavi/ValueSet/CodigoNoWhoVacunaVS",
      "version" : "0.2.0",
      "status" : "active",
      "name" : "CodigoNoWhoVacunaVS",
      "title" : "Código no WHODrug de la Vacuna",
      "description" : "Código no WHODrug de la Vacuna",
      "systems" : ["http://snomed.info/sct"],
      "uses" : {
      },
      "Questionnaire-CuestionarioESAVI.html" : "Questionario para ESAVI de OPS"
    },
    {
      "url" : "https://paho.org/fhir/esavi/ValueSet/CodigoWhoFabricanteVS",
      "version" : "0.2.0",
      "status" : "active",
      "name" : "CodigoWhoFabricanteVS",
      "title" : "Fabricantes Vacuna",
      "description" : "Códigos Fabricantes Vacunas de WHO",
      "systems" : [
        "https://paho.org/fhir/esavi/CodeSystem/CodigoWhoFabricanteCS"
      ],
      "uses" : {
      },
      "Questionnaire-CuestionarioESAVI.html" : "Questionario para ESAVI de OPS"
    },
    {
      "url" : "https://paho.org/fhir/esavi/ValueSet/CodigoWhoVacunaVS",
      "version" : "0.2.0",
      "status" : "active",
      "name" : "CodigoWhoVacunaVS",
      "title" : "Codigo WHODrug de la vacuna",
      "description" : "Codificación Estandarizda del código de las Vacunas según WhoDrug",
      "systems" : ["https://paho.org/fhir/esavi/CodeSystem/WHODrugDCCS"],
      "uses" : {
      },
      "Questionnaire-CuestionarioESAVI.html" : "Questionario para ESAVI de OPS"
    },
    {
      "url" : "https://paho.org/fhir/esavi/ValueSet/ComplicacionEmbarazoMedDRAVS",
      "version" : "0.2.0",
      "status" : "active",
      "name" : "ComplicacionEmbarazoMedDRAVS",
      "title" : "Códigos MEDDRA Complicaciones en Embarazo ESAVI",
      "description" : "Codificacion Estandarizada de diagnóticos de complicaciones de embarazo mediante códigos MedDRA",
      "systems" : ["https://paho.org/fhir/esavi/CodeSystem/MedDRACS"],
      "uses" : {
      },
      "Questionnaire-CuestionarioESAVI.html" : "Questionario para ESAVI de OPS"
    },
    {
      "url" : "https://paho.org/fhir/esavi/ValueSet/ComplicacionEmbarazoOtroVS",
      "version" : "0.2.0",
      "status" : "active",
      "name" : "ComplicacionEmbarazoOtroVS",
      "title" : "Otros Códigos Complicaciones en Embarazo ESAVI",
      "description" : "Codificacion Estandarizada de diagnóticos de complicaciones de embarazo mediante códigos Snomed y CIE-10",
      "systems" : ["http://hl7.org/fhir/sid/icd-10", "http://snomed.info/sct"],
      "uses" : {
      },
      "Questionnaire-CuestionarioESAVI.html" : "Questionario para ESAVI de OPS"
    },
    {
      "url" : "https://paho.org/fhir/esavi/ValueSet/ComplicacionEmbarazoVS",
      "version" : "0.2.0",
      "status" : "active",
      "name" : "ComplicacionEmbarazoVS",
      "title" : "Complicaciones Embarazo",
      "description" : "Conjunto de Valores para la Sección de Complicaciones Embarazo ESAVI",
      "systems" : [
        "https://paho.org/fhir/esavi/CodeSystem/ComplicacionEmbarazoCS"
      ],
      "uses" : {
      },
      "Questionnaire-CuestionarioESAVI.html" : "Questionario para ESAVI de OPS"
    },
    {
      "url" : "https://paho.org/fhir/esavi/ValueSet/DirOrgNotiVS",
      "version" : "0.2.0",
      "status" : "active",
      "name" : "DirOrgNotiVS",
      "title" : "Códigos PAHO para Direcciones",
      "description" : "Conjunto de Valores para dirección según OPS",
      "systems" : ["https://paho.org/fhir/esavi/CodeSystem/DirOrgNotiCS"],
      "uses" : {
      },
      "Questionnaire-CuestionarioESAVI.html" : "Questionario para ESAVI de OPS"
    },
    {
      "url" : "https://paho.org/fhir/esavi/ValueSet/EnfermedadesPreviasCodificacionVS",
      "version" : "0.2.0",
      "status" : "active",
      "name" : "EnfermedadesPreviasCodificacionVS",
      "title" : "Enfermedades previas en un ESAVI-PAHO",
      "description" : "Describe las enfermedades previas en un ESAVI codificadas en CIE10, CIE11 o SNOMED CT",
      "systems" : ["http://hl7.org/fhir/sid/icd-10", "http://snomed.info/sct"],
      "uses" : {
      },
      "Questionnaire-CuestionarioESAVI.html" : "Questionario para ESAVI de OPS"
    },
    {
      "url" : "https://paho.org/fhir/esavi/ValueSet/EsaviMedDRAVS",
      "version" : "0.2.0",
      "status" : "active",
      "name" : "EsaviMedDRAVS",
      "title" : "Código MedDRA del Evento Adverso notificado",
      "description" : "Código MedDRA del Evento Adverso notificado",
      "systems" : ["https://paho.org/fhir/esavi/CodeSystem/MedDRACS"],
      "uses" : {
      },
      "Questionnaire-CuestionarioESAVI.html" : "Questionario para ESAVI de OPS"
    },
    {
      "url" : "https://paho.org/fhir/esavi/ValueSet/EsaviOtroVS",
      "version" : "0.2.0",
      "status" : "active",
      "name" : "EsaviOtroVS",
      "title" : "Otros Códigos Evento Adverso",
      "description" : "Evento Adverso en otro sistema según Snomed y CIE-10",
      "systems" : ["http://snomed.info/sct"],
      "uses" : {
      },
      "Questionnaire-CuestionarioESAVI.html" : "Questionario para ESAVI de OPS"
    },
    {
      "url" : "https://paho.org/fhir/esavi/ValueSet/FormaFarmaceuticaVS",
      "version" : "0.2.0",
      "status" : "active",
      "name" : "FormaFarmaceuticaVS",
      "title" : "Identificación Formas Farmacéuticas",
      "description" : "Describe y lista las formas farmaceuticas de medicamentos para registro en ESAVI segun SNOMED CT",
      "systems" : ["http://snomed.info/sct"],
      "uses" : {
      },
      "Questionnaire-CuestionarioESAVI.html" : "Questionario para ESAVI de OPS"
    },
    {
      "url" : "https://paho.org/fhir/esavi/ValueSet/ModoConfirmacionInfeccionVS",
      "version" : "0.2.0",
      "status" : "active",
      "name" : "ModoConfirmacionInfeccionVS",
      "title" : "Modos Confirmación Infección COVID-19",
      "description" : "Modos de Confirmacion de Infección por COVID-19",
      "systems" : [
        "https://paho.org/fhir/esavi/CodeSystem/ModoConfirmacionInfeccionCS"
      ],
      "uses" : {
      },
      "Questionnaire-CuestionarioESAVI.html" : "Questionario para ESAVI de OPS"
    },
    {
      "url" : "https://paho.org/fhir/esavi/ValueSet/ModoVerificacionVacunaVS",
      "version" : "0.2.0",
      "status" : "active",
      "name" : "ModoVerificacionVacunaVS",
      "title" : "Modos Verificación Vacuna Previa",
      "description" : "Modos de Verificacion de Vacuna o Esquema de Vacunación Completado",
      "systems" : [
        "https://paho.org/fhir/esavi/CodeSystem/ModoVerificacionVacunaCS"
      ],
      "uses" : {
      },
      "Questionnaire-CuestionarioESAVI.html" : "Questionario para ESAVI de OPS"
    },
    {
      "url" : "https://paho.org/fhir/esavi/ValueSet/ProfesionalNotificadorVS",
      "version" : "0.2.0",
      "status" : "active",
      "name" : "ProfesionalNotificadorVS",
      "title" : "Tipo de Profesional Notificador",
      "description" : "Códigos de Tipo de Notificadores de ESAVI para PAHO",
      "systems" : [
        "https://paho.org/fhir/esavi/CodeSystem/ProfesionalNotificadorCS"
      ],
      "uses" : {
      },
      "Questionnaire-CuestionarioESAVI.html" : "Questionario para ESAVI de OPS"
    },
    {
      "url" : "https://paho.org/fhir/esavi/ValueSet/RespuestaSiNoNosabeVS",
      "version" : "0.2.0",
      "status" : "active",
      "name" : "RespuestaSiNoNosabeVS",
      "title" : "Respuestas Simples",
      "description" : "Códigos para capturar respuestas simples si/no/no sabe",
      "systems" : [
        "https://paho.org/fhir/esavi/CodeSystem/RespuestaSiNoNosabeCS"
      ],
      "uses" : {
      },
      "Questionnaire-CuestionarioESAVI.html" : "Questionario para ESAVI de OPS"
    },
    {
      "url" : "https://paho.org/fhir/esavi/ValueSet/SistemaClasfCausalidadVS",
      "version" : "0.2.0",
      "status" : "active",
      "name" : "SistemaClasfCausalidadVS",
      "title" : "Tipo de Método de clasificación de causalidad",
      "description" : "Códigos para Tipos Métodos de Clasificación de Causalidad",
      "systems" : [
        "https://paho.org/fhir/esavi/CodeSystem/SistemaClasfCausalidadCS"
      ],
      "uses" : {
      },
      "Questionnaire-CuestionarioESAVI.html" : "Questionario para ESAVI de OPS"
    },
    {
      "url" : "https://paho.org/fhir/esavi/ValueSet/SistemasDeCodificacionVS",
      "version" : "0.2.0",
      "status" : "active",
      "name" : "SistemasDeCodificacionVS",
      "title" : "Sistemas De Codificacion",
      "description" : "Sistemas De Codificacion para Determinación de Códigos",
      "systems" : [
        "https://paho.org/fhir/esavi/CodeSystem/SistemasDeCodificacionCS"
      ],
      "uses" : {
      },
      "Questionnaire-CuestionarioESAVI.html" : "Questionario para ESAVI de OPS"
    },
    {
      "url" : "https://paho.org/fhir/esavi/ValueSet/ViaAdminMedicamentoVS",
      "version" : "0.2.0",
      "status" : "active",
      "name" : "ViaAdminMedicamentoVS",
      "title" : "Vías de Administración de Medicamentos",
      "description" : "Describe y lista las vías de administración de medicamentos para registro en ESAVI segun SNOMED CT",
      "systems" : ["http://snomed.info/sct"],
      "uses" : {
      },
      "Questionnaire-CuestionarioESAVI.html" : "Questionario para ESAVI de OPS"
    },
    {
      "url" : "https://paho.org/fhir/esavi/ValueSet/codPaises",
      "version" : "0.2.0",
      "status" : "active",
      "name" : "CodPaises",
      "title" : "Códigos de Países",
      "description" : "Codigos definidos para la identificación de países segun norma ISO3166-N",
      "systems" : ["https://paho.org/fhir/esavi/CodeSystem/codPaisesCS"],
      "uses" : {
      },
      "Questionnaire-CuestionarioESAVI.html" : "Questionario para ESAVI de OPS"
    }
  ]
}
