<?xml version="1.0" encoding="UTF-8"?>

<ValueSet xmlns="http://hl7.org/fhir">
  <id value="EnfermedadesPreviasCodificacionVS"/>
  <text>
    <status value="generated"/><div xmlns="http://www.w3.org/1999/xhtml"><p>This value set includes codes based on the following rules:</p><ul><li>Include codes from <a href="http://terminology.hl7.org/5.3.0/CodeSystem-icd10.html"><code>http://hl7.org/fhir/sid/icd-10</code></a> where concept  is-a  E03.9 (Hypothyroidism, unspecified)</li><li>Include codes from <a href="http://terminology.hl7.org/5.3.0/CodeSystem-icd10.html"><code>http://hl7.org/fhir/sid/icd-10</code></a> where concept  is-a  E66.9 (Obesity, unspecified)</li><li>Include codes from <a href="http://terminology.hl7.org/5.3.0/CodeSystem-icd10.html"><code>http://hl7.org/fhir/sid/icd-10</code></a> where concept  is-a  E10.9 (Type 1 diabetes mellitus : Without complications)</li><li>Include codes from <a href="http://terminology.hl7.org/5.3.0/CodeSystem-icd10.html"><code>http://hl7.org/fhir/sid/icd-10</code></a> where concept  is-a  O03.9 (Spontaneous abortion : Complete or unspecified, without complication)</li><li>Include codes from <a href="http://terminology.hl7.org/5.3.0/CodeSystem-icd10.html"><code>http://hl7.org/fhir/sid/icd-10</code></a> where concept  is-a  L53.9 (Erythematous condition, unspecified)</li><li>Include codes from <a href="http://terminology.hl7.org/5.3.0/CodeSystem-icd10.html"><code>http://hl7.org/fhir/sid/icd-10</code></a> where concept  is-a  R60.0 (Localized oedema)</li><li>Include codes from <a href="http://terminology.hl7.org/5.3.0/CodeSystem-icd10.html"><code>http://hl7.org/fhir/sid/icd-10</code></a> where concept  is-a  R52 (Pain, not elsewhere classified)</li><li>Include codes from <a href="http://terminology.hl7.org/5.3.0/CodeSystem-icd10.html"><code>http://hl7.org/fhir/sid/icd-10</code></a> where concept  is-a  R50 (Fever of other and unknown origin)</li><li>Include codes from <a href="http://terminology.hl7.org/5.3.0/CodeSystem-icd10.html"><code>http://hl7.org/fhir/sid/icd-10</code></a> where concept  is-a  G51.0 (Bell palsy)</li><li>Include codes from <a href="http://terminology.hl7.org/5.3.0/CodeSystem-icd10.html"><code>http://hl7.org/fhir/sid/icd-10</code></a> where concept  is-a  H92.0 (Otalgia)</li><li>Include codes from <a href="http://terminology.hl7.org/5.3.0/CodeSystem-icd10.html"><code>http://hl7.org/fhir/sid/icd-10</code></a> where concept  is-a  H93.1 (Tinnitus)</li><li>Include codes from <a href="http://www.snomed.org/"><code>http://snomed.info/sct</code></a> where concept  is-a  404684003 (Clinical finding (finding))</li></ul></div>
  </text>
  <url value="https://paho.org/fhir/esavi/ValueSet/EnfermedadesPreviasCodificacionVS"/>
  <version value="0.1.44"/>
  <name value="EnfermedadesPreviasCodificacionVS"/>
  <title value="Enfermedades previas en un ESAVI-PAHO"/>
  <status value="active"/>
  <experimental value="false"/>
  <date value="2021-03-11T00:00:00-03:00"/>
  <publisher value="ESAVI -"/>
  <contact>
    <name value="ESAVI -"/>
    <telecom>
      <system value="url"/>
      <value value="https://covid-19pharmacovigilance.paho.org/resources/updates-on-aefi"/>
    </telecom>
    <telecom>
      <system value="email"/>
      <value value="rizzatodan@paho.org"/>
    </telecom>
  </contact>
  <description value="Describe las enfermedades previas en un ESAVI codificadas en CIE10, CIE11 o SNOMED CT"/>
  <jurisdiction>
    <coding>
      <system value="http://unstats.un.org/unsd/methods/m49/m49.htm"/>
      <code value="001"/>
    </coding>
  </jurisdiction>
  <compose>
    <include>
      <system value="http://hl7.org/fhir/sid/icd-10"/>
      <filter>
        <property value="concept"/>
        <op value="is-a"/>
        <value value="E03.9"/>
      </filter>
    </include>
    <include>
      <system value="http://hl7.org/fhir/sid/icd-10"/>
      <filter>
        <property value="concept"/>
        <op value="is-a"/>
        <value value="E66.9"/>
      </filter>
    </include>
    <include>
      <system value="http://hl7.org/fhir/sid/icd-10"/>
      <filter>
        <property value="concept"/>
        <op value="is-a"/>
        <value value="E10.9"/>
      </filter>
    </include>
    <include>
      <system value="http://hl7.org/fhir/sid/icd-10"/>
      <filter>
        <property value="concept"/>
        <op value="is-a"/>
        <value value="O03.9"/>
      </filter>
    </include>
    <include>
      <system value="http://hl7.org/fhir/sid/icd-10"/>
      <filter>
        <property value="concept"/>
        <op value="is-a"/>
        <value value="L53.9"/>
      </filter>
    </include>
    <include>
      <system value="http://hl7.org/fhir/sid/icd-10"/>
      <filter>
        <property value="concept"/>
        <op value="is-a"/>
        <value value="R60.0"/>
      </filter>
    </include>
    <include>
      <system value="http://hl7.org/fhir/sid/icd-10"/>
      <filter>
        <property value="concept"/>
        <op value="is-a"/>
        <value value="R52"/>
      </filter>
    </include>
    <include>
      <system value="http://hl7.org/fhir/sid/icd-10"/>
      <filter>
        <property value="concept"/>
        <op value="is-a"/>
        <value value="R50"/>
      </filter>
    </include>
    <include>
      <system value="http://hl7.org/fhir/sid/icd-10"/>
      <filter>
        <property value="concept"/>
        <op value="is-a"/>
        <value value="G51.0"/>
      </filter>
    </include>
    <include>
      <system value="http://hl7.org/fhir/sid/icd-10"/>
      <filter>
        <property value="concept"/>
        <op value="is-a"/>
        <value value="H92.0"/>
      </filter>
    </include>
    <include>
      <system value="http://hl7.org/fhir/sid/icd-10"/>
      <filter>
        <property value="concept"/>
        <op value="is-a"/>
        <value value="H93.1"/>
      </filter>
    </include>
    <include>
      <system value="http://snomed.info/sct"/>
      <filter>
        <property value="concept"/>
        <op value="is-a"/>
        <value value="404684003"/>
      </filter>
    </include>
  </compose>
</ValueSet>