{
  "resourceType" : "ValueSet",
  "id" : "EsaviOtroVS",
  "text" : {
    "status" : "generated",
    "div" : "<div xmlns=\"http://www.w3.org/1999/xhtml\"><p class=\"res-header-id\"><b>Generated Narrative: ValueSet EsaviOtroVS</b></p><a name=\"EsaviOtroVS\"> </a><a name=\"hcEsaviOtroVS\"> </a><a name=\"EsaviOtroVS-en-US\"> </a><ul><li>Include codes from<a href=\"http://www.snomed.org/\"><code>http://snomed.info/sct</code></a> where concept  is-a 404684003 (Clinical finding (finding))</li></ul></div>"
  },
  "url" : "https://paho.org/fhir/esavi/ValueSet/EsaviOtroVS",
  "version" : "0.2.0",
  "name" : "EsaviOtroVS",
  "title" : "Otros Códigos Evento Adverso",
  "status" : "active",
  "experimental" : false,
  "date" : "2021-03-11T00:00:00-03:00",
  "publisher" : "ESAVI -",
  "contact" : [{
    "name" : "ESAVI -",
    "telecom" : [{
      "system" : "url",
      "value" : "https://covid-19pharmacovigilance.paho.org/resources/updates-on-aefi"
    },
    {
      "system" : "email",
      "value" : "rizzatodan@paho.org"
    }]
  }],
  "description" : "Evento Adverso en otro sistema según Snomed y CIE-10",
  "jurisdiction" : [{
    "coding" : [{
      "system" : "http://unstats.un.org/unsd/methods/m49/m49.htm",
      "code" : "001"
    }]
  }],
  "compose" : {
    "include" : [{
      "system" : "http://snomed.info/sct",
      "filter" : [{
        "property" : "concept",
        "op" : "is-a",
        "value" : "404684003"
      }]
    }]
  }
}