<?xml version="1.0" encoding="UTF-8"?>

<ValueSet xmlns="http://hl7.org/fhir">
  <id value="EsaviOtroVS"/>
  <text>
    <status value="generated"/><div xmlns="http://www.w3.org/1999/xhtml"><p>This value set includes codes based on the following rules:</p><ul><li>Include codes from <a href="http://www.snomed.org/"><code>http://snomed.info/sct</code></a> where concept  is-a  391103005</li><li>Include codes from <code>http://id.who.int/icd11/mms</code> where concept  is-a  XY0Y</li><li>Include codes from <a href="http://terminology.hl7.org/5.3.0/CodeSystem-icd10.html"><code>http://hl7.org/fhir/sid/icd-10</code></a> where concept  is-a  E03.9</li><li>Include codes from <a href="http://terminology.hl7.org/5.3.0/CodeSystem-icd10.html"><code>http://hl7.org/fhir/sid/icd-10</code></a> where concept  is-a  E66.9</li><li>Include codes from <a href="http://terminology.hl7.org/5.3.0/CodeSystem-icd10.html"><code>http://hl7.org/fhir/sid/icd-10</code></a> where concept  is-a  E10.9</li><li>Include codes from <a href="http://terminology.hl7.org/5.3.0/CodeSystem-icd10.html"><code>http://hl7.org/fhir/sid/icd-10</code></a> where concept  is-a  O03.9</li><li>Include codes from <a href="http://terminology.hl7.org/5.3.0/CodeSystem-icd10.html"><code>http://hl7.org/fhir/sid/icd-10</code></a> where concept  is-a  L53.9</li><li>Include codes from <a href="http://terminology.hl7.org/5.3.0/CodeSystem-icd10.html"><code>http://hl7.org/fhir/sid/icd-10</code></a> where concept  is-a  R60.0</li><li>Include codes from <a href="http://terminology.hl7.org/5.3.0/CodeSystem-icd10.html"><code>http://hl7.org/fhir/sid/icd-10</code></a> where concept  is-a  R52</li><li>Include codes from <a href="http://terminology.hl7.org/5.3.0/CodeSystem-icd10.html"><code>http://hl7.org/fhir/sid/icd-10</code></a> where concept  is-a  R50</li><li>Include codes from <a href="http://terminology.hl7.org/5.3.0/CodeSystem-icd10.html"><code>http://hl7.org/fhir/sid/icd-10</code></a> where concept  is-a  G51.0</li><li>Include codes from <a href="http://terminology.hl7.org/5.3.0/CodeSystem-icd10.html"><code>http://hl7.org/fhir/sid/icd-10</code></a> where concept  is-a  H92.0</li><li>Include codes from <a href="http://terminology.hl7.org/5.3.0/CodeSystem-icd10.html"><code>http://hl7.org/fhir/sid/icd-10</code></a> where concept  is-a  H93.1</li></ul></div>
  </text>
  <url value="https://paho.org/fhir/esavi/ValueSet/EsaviOtroVS"/>
  <version value="0.1.41"/>
  <name value="EsaviOtroVS"/>
  <title value="Otros Códigos Evento Adverso"/>
  <status value="active"/>
  <date value="2021-03-11T00:00:00-03:00"/>
  <publisher value="ESAVI -"/>
  <contact>
    <name value="ESAVI -"/>
    <telecom>
      <system value="url"/>
      <value value="https://covid-19pharmacovigilance.paho.org/resources/updates-on-aefi"/>
    </telecom>
    <telecom>
      <system value="email"/>
      <value value="rizzatodan@paho.org"/>
    </telecom>
  </contact>
  <description value="Evento Adverso en otro sistema según Snomed, ATC y CIE-10"/>
  <jurisdiction>
    <coding>
      <system value="http://unstats.un.org/unsd/methods/m49/m49.htm"/>
      <code value="001"/>
    </coding>
  </jurisdiction>
  <compose>
    <include>
      <system value="http://snomed.info/sct"/>
      <filter>
        <property value="concept"/>
        <op value="is-a"/>
        <value value="391103005"/>
      </filter>
    </include>
    <include>
      <system value="http://id.who.int/icd11/mms"/>
      <filter>
        <property value="concept"/>
        <op value="is-a"/>
        <value value="XY0Y"/>
      </filter>
    </include>
    <include>
      <system value="http://hl7.org/fhir/sid/icd-10"/>
      <filter>
        <property value="concept"/>
        <op value="is-a"/>
        <value value="E03.9"/>
      </filter>
    </include>
    <include>
      <system value="http://hl7.org/fhir/sid/icd-10"/>
      <filter>
        <property value="concept"/>
        <op value="is-a"/>
        <value value="E66.9"/>
      </filter>
    </include>
    <include>
      <system value="http://hl7.org/fhir/sid/icd-10"/>
      <filter>
        <property value="concept"/>
        <op value="is-a"/>
        <value value="E10.9"/>
      </filter>
    </include>
    <include>
      <system value="http://hl7.org/fhir/sid/icd-10"/>
      <filter>
        <property value="concept"/>
        <op value="is-a"/>
        <value value="O03.9"/>
      </filter>
    </include>
    <include>
      <system value="http://hl7.org/fhir/sid/icd-10"/>
      <filter>
        <property value="concept"/>
        <op value="is-a"/>
        <value value="L53.9"/>
      </filter>
    </include>
    <include>
      <system value="http://hl7.org/fhir/sid/icd-10"/>
      <filter>
        <property value="concept"/>
        <op value="is-a"/>
        <value value="R60.0"/>
      </filter>
    </include>
    <include>
      <system value="http://hl7.org/fhir/sid/icd-10"/>
      <filter>
        <property value="concept"/>
        <op value="is-a"/>
        <value value="R52"/>
      </filter>
    </include>
    <include>
      <system value="http://hl7.org/fhir/sid/icd-10"/>
      <filter>
        <property value="concept"/>
        <op value="is-a"/>
        <value value="R50"/>
      </filter>
    </include>
    <include>
      <system value="http://hl7.org/fhir/sid/icd-10"/>
      <filter>
        <property value="concept"/>
        <op value="is-a"/>
        <value value="G51.0"/>
      </filter>
    </include>
    <include>
      <system value="http://hl7.org/fhir/sid/icd-10"/>
      <filter>
        <property value="concept"/>
        <op value="is-a"/>
        <value value="H92.0"/>
      </filter>
    </include>
    <include>
      <system value="http://hl7.org/fhir/sid/icd-10"/>
      <filter>
        <property value="concept"/>
        <op value="is-a"/>
        <value value="H93.1"/>
      </filter>
    </include>
  </compose>
</ValueSet>