URL,Version,Status,OIDs,Name,Title,Descriptino,Uses,Used,Sources
https://paho.org/fhir/esavi/ValueSet/ClasificacionDesenlaceNaranjoVS,0.1.44,active,,ClasificacionDesenlaceNaranjoVS,Clasificación de causalidad Naranjo,"Método de clasificación de causalidad Naranjo",,"Internal"
https://paho.org/fhir/esavi/ValueSet/ClasificacionDesenlaceVS,0.1.44,active,,ClasificacionDesenlaceVS,Desenlaces Tras ESAVI,"Clasificación de Desenlace Tras Sufrir ESAVI",,"Internal"
https://paho.org/fhir/esavi/ValueSet/ClasificacionDesenlaceWHOAEFIVS,0.1.44,active,,ClasificacionDesenlaceWHOAEFIVS,Clasificación de causalidad WHO-AEFI,"Método de clasificación de causalidad WHO-AEFI",,"Internal"
https://paho.org/fhir/esavi/ValueSet/ClasificacionDesenlaceWHOUMCVS,0.1.44,active,,ClasificacionDesenlaceWHOUMCVS,Clasificación de causalidad WHO-UMC,"Método de clasificación de causalidad WHO-UMC",,"Internal"
https://paho.org/fhir/esavi/ValueSet/CodigoMedDRAEnfPreviaVS,0.1.44,active,,CodigoMedDRAEnfPreviaVS,Códigos de MedDRA para representar enfermedades previas en un ESAVI-PAHO,"Describe las enfermedades previas en un ESAVI codificadas en MedDRA",,"hl7.terminology.r4"
https://paho.org/fhir/esavi/ValueSet/CodigoMedicamentoVS,0.1.44,active,,CodigoMedicamentoVS,Codigo Medicamento,"Codigo Medicamento",,"SCT"
https://paho.org/fhir/esavi/ValueSet/CodigoNoWhoVacunaVS,0.1.44,active,,CodigoNoWhoVacunaVS,Código no WHODrug de la Vacuna,"Código no WHODrug de la Vacuna",,"SCT"
https://paho.org/fhir/esavi/ValueSet/CodigoWhoFabricanteVS,0.1.44,active,,CodigoWhoFabricanteVS,Fabricantes Vacuna,"Códigos Fabricantes Vacunas de WHO",,"Internal"
https://paho.org/fhir/esavi/ValueSet/CodigoWhoVacunaVS,0.1.44,active,,CodigoWhoVacunaVS,Codigo WHODrug de la vacuna,"Codificación Estandarizda del código de las Vacunas según WhoDrug",,"Other"
https://paho.org/fhir/esavi/ValueSet/ComplicacionEmbarazoMedDRAVS,0.1.44,active,,ComplicacionEmbarazoMedDRAVS,Códigos MEDDRA Complicaciones en Embarazo ESAVI,"Codificacion Estandarizada de diagnóticos de complicaciones de embarazo mediante códigos MedDRA",,"hl7.terminology.r4"
https://paho.org/fhir/esavi/ValueSet/ComplicacionEmbarazoOtroVS,0.1.44,active,,ComplicacionEmbarazoOtroVS,Otros Códigos Complicaciones en Embarazo ESAVI,"Codificacion Estandarizada de diagnóticos de complicaciones de embarazo mediante códigos Snomed y CIE-10",,"SCT,hl7.terminology.r4"
https://paho.org/fhir/esavi/ValueSet/ComplicacionEmbarazoVS,0.1.44,active,,ComplicacionEmbarazoVS,Complicaciones Embarazo,"Conjunto de Valores para la Sección de Complicaciones Embarazo ESAVI",,"Internal"
https://paho.org/fhir/esavi/ValueSet/DirOrgNotiVS,0.1.44,active,,DirOrgNotiVS,Códigos PAHO para Direcciones,"Conjunto de Valores para dirección según OPS",,"Internal"
https://paho.org/fhir/esavi/ValueSet/EnfermedadesPreviasCodificacionVS,0.1.44,active,,EnfermedadesPreviasCodificacionVS,Enfermedades previas en un ESAVI-PAHO,"Describe las enfermedades previas en un ESAVI codificadas en CIE10, CIE11 o SNOMED CT",,"SCT,hl7.terminology.r4"
https://paho.org/fhir/esavi/ValueSet/EsaviMedDRAVS,0.1.44,active,,EsaviMedDRAVS,Código MedDRA del Evento Adverso notificado,"Código MedDRA del Evento Adverso notificado",,"hl7.terminology.r4"
https://paho.org/fhir/esavi/ValueSet/EsaviOtroVS,0.1.44,active,,EsaviOtroVS,Otros Códigos Evento Adverso,"Evento Adverso en otro sistema según Snomed y CIE-10",,"SCT"
https://paho.org/fhir/esavi/ValueSet/FormaFarmaceuticaVS,0.1.44,active,,FormaFarmaceuticaVS,Identificación Formas Farmacéuticas,"Describe y lista las formas farmaceuticas de medicamentos para registro en ESAVI segun SNOMED CT",,"SCT"
https://paho.org/fhir/esavi/ValueSet/ModoConfirmacionInfeccionVS,0.1.44,active,,ModoConfirmacionInfeccionVS,Modos Confirmación Infección COVID-19,"Modos de Confirmacion de Infección por COVID-19",,"Internal"
https://paho.org/fhir/esavi/ValueSet/ModoVerificacionVacunaVS,0.1.44,active,,ModoVerificacionVacunaVS,Modos Verificación Vacuna Previa,"Modos de Verificacion de Vacuna o Esquema de Vacunación Completado",,"Internal"
https://paho.org/fhir/esavi/ValueSet/ProfesionalNotificadorVS,0.1.44,active,,ProfesionalNotificadorVS,Tipo de Profesional Notificador,"Códigos de Tipo de Notificadores de ESAVI para PAHO",,"Internal"
https://paho.org/fhir/esavi/ValueSet/RespuestaSiNoNosabeVS,0.1.44,active,,RespuestaSiNoNosabeVS,Respuestas Simples,"Códigos para capturar respuestas simples si/no/no sabe",,"Internal"
https://paho.org/fhir/esavi/ValueSet/SistemaClasfCausalidadVS,0.1.44,active,,SistemaClasfCausalidadVS,Tipo de Método de clasificación de causalidad,"Códigos para Tipos Métodos de Clasificación de Causalidad",,"Internal"
https://paho.org/fhir/esavi/ValueSet/SistemasDeCodificacionVS,0.1.44,active,,SistemasDeCodificacionVS,Sistemas De Codificacion,"Sistemas De Codificacion para Determinación de Códigos",,"Internal"
https://paho.org/fhir/esavi/ValueSet/ViaAdminMedicamentoVS,0.1.44,active,,ViaAdminMedicamentoVS,Vías de Administración de Medicamentos,"Describe y lista las vías de administración de medicamentos para registro en ESAVI segun SNOMED CT",,"SCT"
https://paho.org/fhir/esavi/ValueSet/codPaises,0.1.44,active,,CodPaises,Códigos de Países,"Codigos definidos para la identificación de países segun norma ISO3166-N",,"Internal"
