{
  "codeSystems" : [
    {
      "url" : "https://paho.org/fhir/esavi/ValueSet/ClasificacionDesenlaceNaranjoVS",
      "version" : "0.1.44",
      "status" : "active",
      "name" : "ClasificacionDesenlaceNaranjoVS",
      "title" : "Clasificación de causalidad Naranjo",
      "description" : "Método de clasificación de causalidad Naranjo",
      "systems" : [
        "https://paho.org/fhir/esavi/CodeSystem/ClasificacionDesenlaceNaranjoCS"
      ]
    },
    {
      "url" : "https://paho.org/fhir/esavi/ValueSet/ClasificacionDesenlaceVS",
      "version" : "0.1.44",
      "status" : "active",
      "name" : "ClasificacionDesenlaceVS",
      "title" : "Desenlaces Tras ESAVI",
      "description" : "Clasificación de Desenlace Tras Sufrir ESAVI",
      "systems" : [
        "https://paho.org/fhir/esavi/CodeSystem/ClasificacionDesenlaceCS"
      ]
    },
    {
      "url" : "https://paho.org/fhir/esavi/ValueSet/ClasificacionDesenlaceWHOAEFIVS",
      "version" : "0.1.44",
      "status" : "active",
      "name" : "ClasificacionDesenlaceWHOAEFIVS",
      "title" : "Clasificación de causalidad WHO-AEFI",
      "description" : "Método de clasificación de causalidad WHO-AEFI",
      "systems" : [
        "https://paho.org/fhir/esavi/CodeSystem/ClasificacionDesenlaceWHOAEFICS"
      ]
    },
    {
      "url" : "https://paho.org/fhir/esavi/ValueSet/ClasificacionDesenlaceWHOUMCVS",
      "version" : "0.1.44",
      "status" : "active",
      "name" : "ClasificacionDesenlaceWHOUMCVS",
      "title" : "Clasificación de causalidad WHO-UMC",
      "description" : "Método de clasificación de causalidad WHO-UMC",
      "systems" : [
        "https://paho.org/fhir/esavi/CodeSystem/ClasificacionDesenlaceWHOUMCCS"
      ]
    },
    {
      "url" : "https://paho.org/fhir/esavi/ValueSet/CodigoMedDRAEnfPreviaVS",
      "version" : "0.1.44",
      "status" : "active",
      "name" : "CodigoMedDRAEnfPreviaVS",
      "title" : "Códigos de MedDRA para representar enfermedades previas en un ESAVI-PAHO",
      "description" : "Describe las enfermedades previas en un ESAVI codificadas en MedDRA",
      "systems" : ["https://www.meddra.org"]
    },
    {
      "url" : "https://paho.org/fhir/esavi/ValueSet/CodigoMedicamentoVS",
      "version" : "0.1.44",
      "status" : "active",
      "name" : "CodigoMedicamentoVS",
      "title" : "Codigo Medicamento",
      "description" : "Codigo Medicamento",
      "systems" : ["http://snomed.info/sct"]
    },
    {
      "url" : "https://paho.org/fhir/esavi/ValueSet/CodigoNoWhoVacunaVS",
      "version" : "0.1.44",
      "status" : "active",
      "name" : "CodigoNoWhoVacunaVS",
      "title" : "Código no WHODrug de la Vacuna",
      "description" : "Código no WHODrug de la Vacuna",
      "systems" : ["http://snomed.info/sct"]
    },
    {
      "url" : "https://paho.org/fhir/esavi/ValueSet/CodigoWhoFabricanteVS",
      "version" : "0.1.44",
      "status" : "active",
      "name" : "CodigoWhoFabricanteVS",
      "title" : "Fabricantes Vacuna",
      "description" : "Códigos Fabricantes Vacunas de WHO",
      "systems" : [
        "https://paho.org/fhir/esavi/CodeSystem/CodigoWhoFabricanteCS"
      ]
    },
    {
      "url" : "https://paho.org/fhir/esavi/ValueSet/CodigoWhoVacunaVS",
      "version" : "0.1.44",
      "status" : "active",
      "name" : "CodigoWhoVacunaVS",
      "title" : "Codigo WHODrug de la vacuna",
      "description" : "Codificación Estandarizda del código de las Vacunas según WhoDrug",
      "systems" : ["https://apiportaldemo.who-umc.org"]
    },
    {
      "url" : "https://paho.org/fhir/esavi/ValueSet/ComplicacionEmbarazoMedDRAVS",
      "version" : "0.1.44",
      "status" : "active",
      "name" : "ComplicacionEmbarazoMedDRAVS",
      "title" : "Códigos MEDDRA Complicaciones en Embarazo ESAVI",
      "description" : "Codificacion Estandarizada de diagnóticos de complicaciones de embarazo mediante códigos MedDRA",
      "systems" : ["https://www.meddra.org"]
    },
    {
      "url" : "https://paho.org/fhir/esavi/ValueSet/ComplicacionEmbarazoOtroVS",
      "version" : "0.1.44",
      "status" : "active",
      "name" : "ComplicacionEmbarazoOtroVS",
      "title" : "Otros Códigos Complicaciones en Embarazo ESAVI",
      "description" : "Codificacion Estandarizada de diagnóticos de complicaciones de embarazo mediante códigos Snomed y CIE-10",
      "systems" : ["http://hl7.org/fhir/sid/icd-10", "http://snomed.info/sct"]
    },
    {
      "url" : "https://paho.org/fhir/esavi/ValueSet/ComplicacionEmbarazoVS",
      "version" : "0.1.44",
      "status" : "active",
      "name" : "ComplicacionEmbarazoVS",
      "title" : "Complicaciones Embarazo",
      "description" : "Conjunto de Valores para la Sección de Complicaciones Embarazo ESAVI",
      "systems" : [
        "https://paho.org/fhir/esavi/CodeSystem/ComplicacionEmbarazoCS"
      ]
    },
    {
      "url" : "https://paho.org/fhir/esavi/ValueSet/DirOrgNotiVS",
      "version" : "0.1.44",
      "status" : "active",
      "name" : "DirOrgNotiVS",
      "title" : "Códigos PAHO para Direcciones",
      "description" : "Conjunto de Valores para dirección según OPS",
      "systems" : ["https://paho.org/fhir/esavi/CodeSystem/DirOrgNotiCS"]
    },
    {
      "url" : "https://paho.org/fhir/esavi/ValueSet/EnfermedadesPreviasCodificacionVS",
      "version" : "0.1.44",
      "status" : "active",
      "name" : "EnfermedadesPreviasCodificacionVS",
      "title" : "Enfermedades previas en un ESAVI-PAHO",
      "description" : "Describe las enfermedades previas en un ESAVI codificadas en CIE10, CIE11 o SNOMED CT",
      "systems" : ["http://hl7.org/fhir/sid/icd-10", "http://snomed.info/sct"]
    },
    {
      "url" : "https://paho.org/fhir/esavi/ValueSet/EsaviMedDRAVS",
      "version" : "0.1.44",
      "status" : "active",
      "name" : "EsaviMedDRAVS",
      "title" : "Código MedDRA del Evento Adverso notificado",
      "description" : "Código MedDRA del Evento Adverso notificado",
      "systems" : ["https://www.meddra.org"]
    },
    {
      "url" : "https://paho.org/fhir/esavi/ValueSet/EsaviOtroVS",
      "version" : "0.1.44",
      "status" : "active",
      "name" : "EsaviOtroVS",
      "title" : "Otros Códigos Evento Adverso",
      "description" : "Evento Adverso en otro sistema según Snomed y CIE-10",
      "systems" : ["http://snomed.info/sct"]
    },
    {
      "url" : "https://paho.org/fhir/esavi/ValueSet/FormaFarmaceuticaVS",
      "version" : "0.1.44",
      "status" : "active",
      "name" : "FormaFarmaceuticaVS",
      "title" : "Identificación Formas Farmacéuticas",
      "description" : "Describe y lista las formas farmaceuticas de medicamentos para registro en ESAVI segun SNOMED CT",
      "systems" : ["http://snomed.info/sct"]
    },
    {
      "url" : "https://paho.org/fhir/esavi/ValueSet/ModoConfirmacionInfeccionVS",
      "version" : "0.1.44",
      "status" : "active",
      "name" : "ModoConfirmacionInfeccionVS",
      "title" : "Modos Confirmación Infección COVID-19",
      "description" : "Modos de Confirmacion de Infección por COVID-19",
      "systems" : [
        "https://paho.org/fhir/esavi/CodeSystem/ModoConfirmacionInfeccionCS"
      ]
    },
    {
      "url" : "https://paho.org/fhir/esavi/ValueSet/ModoVerificacionVacunaVS",
      "version" : "0.1.44",
      "status" : "active",
      "name" : "ModoVerificacionVacunaVS",
      "title" : "Modos Verificación Vacuna Previa",
      "description" : "Modos de Verificacion de Vacuna o Esquema de Vacunación Completado",
      "systems" : [
        "https://paho.org/fhir/esavi/CodeSystem/ModoVerificacionVacunaCS"
      ]
    },
    {
      "url" : "https://paho.org/fhir/esavi/ValueSet/ProfesionalNotificadorVS",
      "version" : "0.1.44",
      "status" : "active",
      "name" : "ProfesionalNotificadorVS",
      "title" : "Tipo de Profesional Notificador",
      "description" : "Códigos de Tipo de Notificadores de ESAVI para PAHO",
      "systems" : [
        "https://paho.org/fhir/esavi/CodeSystem/ProfesionalNotificadorCS"
      ]
    },
    {
      "url" : "https://paho.org/fhir/esavi/ValueSet/RespuestaSiNoNosabeVS",
      "version" : "0.1.44",
      "status" : "active",
      "name" : "RespuestaSiNoNosabeVS",
      "title" : "Respuestas Simples",
      "description" : "Códigos para capturar respuestas simples si/no/no sabe",
      "systems" : [
        "https://paho.org/fhir/esavi/CodeSystem/RespuestaSiNoNosabeCS"
      ]
    },
    {
      "url" : "https://paho.org/fhir/esavi/ValueSet/SistemaClasfCausalidadVS",
      "version" : "0.1.44",
      "status" : "active",
      "name" : "SistemaClasfCausalidadVS",
      "title" : "Tipo de Método de clasificación de causalidad",
      "description" : "Códigos para Tipos Métodos de Clasificación de Causalidad",
      "systems" : [
        "https://paho.org/fhir/esavi/CodeSystem/SistemaClasfCausalidadCS"
      ]
    },
    {
      "url" : "https://paho.org/fhir/esavi/ValueSet/SistemasDeCodificacionVS",
      "version" : "0.1.44",
      "status" : "active",
      "name" : "SistemasDeCodificacionVS",
      "title" : "Sistemas De Codificacion",
      "description" : "Sistemas De Codificacion para Determinación de Códigos",
      "systems" : [
        "https://paho.org/fhir/esavi/CodeSystem/SistemasDeCodificacionCS"
      ]
    },
    {
      "url" : "https://paho.org/fhir/esavi/ValueSet/ViaAdminMedicamentoVS",
      "version" : "0.1.44",
      "status" : "active",
      "name" : "ViaAdminMedicamentoVS",
      "title" : "Vías de Administración de Medicamentos",
      "description" : "Describe y lista las vías de administración de medicamentos para registro en ESAVI segun SNOMED CT",
      "systems" : ["http://snomed.info/sct"]
    },
    {
      "url" : "https://paho.org/fhir/esavi/ValueSet/codPaises",
      "version" : "0.1.44",
      "status" : "active",
      "name" : "CodPaises",
      "title" : "Códigos de Países",
      "description" : "Codigos definidos para la identificación de países segun norma ISO3166-N",
      "systems" : ["https://paho.org/fhir/esavi/CodeSystem/codPaisesCS"]
    }
  ]
}
