{
  "resourceType" : "ValueSet",
  "id" : "CodigoMedicamentoVS",
  "text" : {
    "status" : "generated",
    "div" : "<div xmlns=\"http://www.w3.org/1999/xhtml\"><p class=\"res-header-id\"><b>Generated Narrative: ValueSet CodigoMedicamentoVS</b></p><a name=\"CodigoMedicamentoVS\"> </a><a name=\"hcCodigoMedicamentoVS\"> </a><a name=\"CodigoMedicamentoVS-en-US\"> </a><p>This value set includes codes based on the following rules:</p><ul><li>Include codes from<a href=\"http://www.snomed.org/\"><code>http://snomed.info/sct</code></a> where concept  is-a 105590001 (Substance)</li><li>Include codes from<a href=\"http://www.snomed.org/\"><code>http://snomed.info/sct</code></a> where concept  is-a 105590001 (Substance)</li><li>Include all codes defined in <a href=\"CodeSystem-WHODrugDCCS.html\"><code>https://paho.org/fhir/esavi/CodeSystem/WHODrugDCCS</code></a></li></ul></div>"
  },
  "url" : "https://paho.org/fhir/esavi/ValueSet/CodigoMedicamentoVS",
  "version" : "0.2.0",
  "name" : "CodigoMedicamentoVS",
  "title" : "Codigo Medicamento",
  "status" : "active",
  "experimental" : false,
  "date" : "2021-03-11T00:00:00-03:00",
  "publisher" : "ESAVI -",
  "contact" : [{
    "name" : "ESAVI -",
    "telecom" : [{
      "system" : "url",
      "value" : "https://covid-19pharmacovigilance.paho.org/resources/updates-on-aefi"
    },
    {
      "system" : "email",
      "value" : "rizzatodan@paho.org"
    }]
  }],
  "description" : "Codigo Medicamento",
  "jurisdiction" : [{
    "coding" : [{
      "system" : "http://unstats.un.org/unsd/methods/m49/m49.htm",
      "code" : "001"
    }]
  }],
  "compose" : {
    "include" : [{
      "system" : "http://snomed.info/sct",
      "filter" : [{
        "property" : "concept",
        "op" : "is-a",
        "value" : "105590001"
      }]
    },
    {
      "system" : "http://snomed.info/sct",
      "filter" : [{
        "property" : "concept",
        "op" : "is-a",
        "value" : "105590001"
      }]
    },
    {
      "system" : "https://paho.org/fhir/esavi/CodeSystem/WHODrugDCCS"
    }]
  }
}