{"resourceType":"CodeSystem","id":"SeccionesNotificacionCS","text":{"status":"generated","div":"<div xmlns=\"http://www.w3.org/1999/xhtml\"><p>This code system <code>http://paho.org/esavi/CodeSystem/SeccionesNotificacionCS</code> defines the following codes:</p><table class=\"codes\"><tr><td style=\"white-space:nowrap\"><b>Code</b></td></tr><tr><td style=\"white-space:nowrap\">s_IdentificacionPersonaAfectada<a name=\"SeccionesNotificacionCS-s_IdentificacionPersonaAfectada\"> </a></td></tr><tr><td style=\"white-space:nowrap\">s_PersonaNotificadora<a name=\"SeccionesNotificacionCS-s_PersonaNotificadora\"> </a></td></tr><tr><td style=\"white-space:nowrap\">s_AntecedentesPersonaVacunada<a name=\"SeccionesNotificacionCS-s_AntecedentesPersonaVacunada\"> </a></td></tr><tr><td style=\"white-space:nowrap\">s_ParticipacionEnsayoClinico<a name=\"SeccionesNotificacionCS-s_ParticipacionEnsayoClinico\"> </a></td></tr><tr><td style=\"white-space:nowrap\">s_DetallesEmbarazo<a name=\"SeccionesNotificacionCS-s_DetallesEmbarazo\"> </a></td></tr><tr><td style=\"white-space:nowrap\">s_AdministracionVacuna<a name=\"SeccionesNotificacionCS-s_AdministracionVacuna\"> </a></td></tr><tr><td style=\"white-space:nowrap\">s_VacunacionPrevia<a name=\"SeccionesNotificacionCS-s_VacunacionPrevia\"> </a></td></tr><tr><td style=\"white-space:nowrap\">s_EventoAdverso<a name=\"SeccionesNotificacionCS-s_EventoAdverso\"> </a></td></tr><tr><td style=\"white-space:nowrap\">s_GravedadEventoAdverso<a name=\"SeccionesNotificacionCS-s_GravedadEventoAdverso\"> </a></td></tr><tr><td style=\"white-space:nowrap\">s_Desenlace<a name=\"SeccionesNotificacionCS-s_Desenlace\"> </a></td></tr><tr><td style=\"white-space:nowrap\">s_Conclusiones<a name=\"SeccionesNotificacionCS-s_Conclusiones\"> </a></td></tr></table></div>"},"url":"http://paho.org/esavi/CodeSystem/SeccionesNotificacionCS","version":"0.1.0","name":"SeccionesNotificacionCS","title":"Secciones Notificación ESAVI","status":"active","date":"2021-03-11T00:00:00-03:00","publisher":"ESAVI -","contact":[{"name":"ESAVI -","telecom":[{"system":"url","value":"https://covid-19pharmacovigilance.paho.org/resources/updates-on-aefi"},{"system":"email","value":"rizzatodan@paho.org"}]}],"description":"Conjunto de Valores para las Secciones de la Notificación","jurisdiction":[{"coding":[{"system":"http://unstats.un.org/unsd/methods/m49/m49.htm","code":"001"}]}],"content":"complete","count":11,"concept":[{"code":"s_IdentificacionPersonaAfectada"},{"code":"s_PersonaNotificadora"},{"code":"s_AntecedentesPersonaVacunada"},{"code":"s_ParticipacionEnsayoClinico"},{"code":"s_DetallesEmbarazo"},{"code":"s_AdministracionVacuna"},{"code":"s_VacunacionPrevia"},{"code":"s_EventoAdverso"},{"code":"s_GravedadEventoAdverso"},{"code":"s_Desenlace"},{"code":"s_Conclusiones"}]}