{"resourceType":"CodeSystem","id":"RespuestaVerdaderoFalsoCS","text":{"status":"generated","div":"<div xmlns=\"http://www.w3.org/1999/xhtml\"><p>This code system <code>http://paho.org/esavi/CodeSystem/RespuestaVerdaderoFalsoCS</code> defines the following codes:</p><table class=\"codes\"><tr><td style=\"white-space:nowrap\"><b>Code</b></td><td><b>Display</b></td></tr><tr><td style=\"white-space:nowrap\">1<a name=\"RespuestaVerdaderoFalsoCS-1\"> </a></td><td>Verdadero</td></tr><tr><td style=\"white-space:nowrap\">2<a name=\"RespuestaVerdaderoFalsoCS-2\"> </a></td><td>Falso</td></tr></table></div>"},"url":"http://paho.org/esavi/CodeSystem/RespuestaVerdaderoFalsoCS","version":"0.1.0","name":"RespuestaVerdaderoFalsoCS","title":"Códigos Booleanos","status":"active","date":"2021-03-11T00:00:00-03:00","publisher":"ESAVI -","contact":[{"name":"ESAVI -","telecom":[{"system":"url","value":"https://covid-19pharmacovigilance.paho.org/resources/updates-on-aefi"},{"system":"email","value":"rizzatodan@paho.org"}]}],"description":"Códigos respuestas simples Verdadero/Falso","jurisdiction":[{"coding":[{"system":"http://unstats.un.org/unsd/methods/m49/m49.htm","code":"001"}]}],"content":"complete","count":2,"concept":[{"code":"1","display":"Verdadero"},{"code":"2","display":"Falso"}]}