{"resourceType":"CodeSystem","id":"InvestigacionTipoCS","text":{"status":"generated","div":"<div xmlns=\"http://www.w3.org/1999/xhtml\"><p>This code system <code>http://paho.org/esavi/CodeSystem/InvestigacionTipoCS</code> defines the following codes:</p><table class=\"codes\"><tr><td style=\"white-space:nowrap\"><b>Code</b></td><td><b>Display</b></td></tr><tr><td style=\"white-space:nowrap\">1<a name=\"InvestigacionTipoCS-1\"> </a></td><td>Concisa</td></tr><tr><td style=\"white-space:nowrap\">2<a name=\"InvestigacionTipoCS-2\"> </a></td><td>Completa</td></tr></table></div>"},"url":"http://paho.org/esavi/CodeSystem/InvestigacionTipoCS","version":"0.1.0","name":"InvestigacionTipoCS","title":"Tipo de Investigación ESAVI","status":"active","date":"2021-03-11T00:00:00-03:00","publisher":"ESAVI -","contact":[{"name":"ESAVI -","telecom":[{"system":"url","value":"https://covid-19pharmacovigilance.paho.org/resources/updates-on-aefi"},{"system":"email","value":"rizzatodan@paho.org"}]}],"description":"Tipo de Investigación Generada tras Reporte de ESAVI","jurisdiction":[{"coding":[{"system":"http://unstats.un.org/unsd/methods/m49/m49.htm","code":"001"}]}],"content":"complete","count":2,"concept":[{"code":"1","display":"Concisa"},{"code":"2","display":"Completa"}]}