{"resourceType":"ValueSet","id":"EsaviMedDRAVS","text":{"status":"generated","div":"<div xmlns=\"http://www.w3.org/1999/xhtml\"><ul><li>Include all codes defined in <a href=\"http://terminology.hl7.org/4.0.0/CodeSystem-mdr.html\"><code>http://terminology.hl7.org/CodeSystem/mdr</code></a></li></ul></div>"},"url":"http://paho.org/esavi/ValueSet/EsaviMedDRAVS","version":"0.1.0","name":"EsaviMedDRAVS","title":"Códigos MedDRA Evento Adverso","status":"active","date":"2021-03-11T00:00:00-03:00","publisher":"ESAVI -","contact":[{"name":"ESAVI -","telecom":[{"system":"url","value":"https://covid-19pharmacovigilance.paho.org/resources/updates-on-aefi"},{"system":"email","value":"rizzatodan@paho.org"}]}],"description":"Codificacion Estandarizada de Evento Adverso en MedDRA","jurisdiction":[{"coding":[{"system":"http://unstats.un.org/unsd/methods/m49/m49.htm","code":"001"}]}],"compose":{"include":[{"system":"http://terminology.hl7.org/CodeSystem/mdr"}]}}