{"resourceType":"ValueSet","id":"InvestigacionTipoVS","text":{"status":"generated","div":"<div xmlns=\"http://www.w3.org/1999/xhtml\"><ul><li>Include all codes defined in <a href=\"CodeSystem-InvestigacionTipoCS.html\"><code>http://paho.org/esavi/CodeSystem/InvestigacionTipoCS</code></a></li></ul></div>"},"url":"http://paho.org/esavi/ValueSet/InvestigacionTipoVS","version":"0.1.0","name":"InvestigacionTipoVS","title":"Tipo de Investigación ESAVI","status":"active","date":"2022-09-19T00:01:02-03:00","publisher":"ESAVI -","contact":[{"name":"ESAVI -","telecom":[{"system":"url","value":"https://covid-19pharmacovigilance.paho.org/resources/updates-on-aefi"},{"system":"email","value":"rizzatodan@paho.org"}]}],"description":"Tipo de Investigación Generada tras Reporte de ESAVI","jurisdiction":[{"coding":[{"system":"http://unstats.un.org/unsd/methods/m49/m49.htm","code":"001"}]}],"compose":{"include":[{"system":"http://paho.org/esavi/CodeSystem/InvestigacionTipoCS"}]}}