{"resourceType":"ValueSet","id":"CodigoMedDRAEnfPreviaVS","text":{"status":"generated","div":"<div xmlns=\"http://www.w3.org/1999/xhtml\"><ul><li>Include all codes defined in <code>https://tools.meddra.org</code></li></ul></div>"},"url":"http://paho.org/esavi/ValueSet/CodigoMedDRAEnfPreviaVS","version":"0.1.0","name":"CodigoMedDRAEnfPreviaVS","title":"Enfermedades previas en un ESAVI-PAHO","status":"active","date":"2022-02-02","publisher":"ESAVI -","contact":[{"name":"ESAVI -","telecom":[{"system":"url","value":"https://covid-19pharmacovigilance.paho.org/resources/updates-on-aefi"},{"system":"email","value":"rizzatodan@paho.org"}]}],"description":"Describe las enfermedades previas en un ESAVI codificadas en MedDRA","jurisdiction":[{"coding":[{"system":"http://unstats.un.org/unsd/methods/m49/m49.htm","code":"001"}]}],"compose":{"include":[{"system":"https://tools.meddra.org"}]}}