{"resourceType":"ValueSet","id":"ComplicacionEmbarazoMedDRAVS","text":{"status":"generated","div":"<div xmlns=\"http://www.w3.org/1999/xhtml\"><ul><li>Include all codes defined in <a href=\"http://terminology.hl7.org/4.0.0/CodeSystem-mdr.html\"><code>http://terminology.hl7.org/CodeSystem/mdr</code></a></li></ul></div>"},"url":"http://paho.org/esavi/ValueSet/ComplicacionEmbarazoMedDRAVS","version":"0.1.0","name":"ComplicacionEmbarazoMedDRAVS","title":"Códigos MEDRA Complicaciones en Embarazo ESAVI ","status":"active","date":"2022-09-19T00:01:02-03:00","publisher":"ESAVI -","contact":[{"name":"ESAVI -","telecom":[{"system":"url","value":"https://covid-19pharmacovigilance.paho.org/resources/updates-on-aefi"},{"system":"email","value":"rizzatodan@paho.org"}]}],"description":"Codificacion Estandarizada de diagnóticos de complicaciones de embarazo mediante códigos MedDRA","jurisdiction":[{"coding":[{"system":"http://unstats.un.org/unsd/methods/m49/m49.htm","code":"001"}]}],"compose":{"include":[{"system":"http://terminology.hl7.org/CodeSystem/mdr"}]}}