{"resourceType":"ValueSet","id":"CodigoNoWhoVacunaVS","text":{"status":"generated","div":"<div xmlns=\"http://www.w3.org/1999/xhtml\"><ul><li>Include all codes defined in <a href=\"CodeSystem-CodigoNoWhoVacunaCS.html\"><code>http://paho.org/esavi/CodeSystem/CodigoNoWhoVacunaCS</code></a></li></ul></div>"},"url":"http://paho.org/esavi/ValueSet/CodigoNoWhoVacunaVS","version":"0.1.0","name":"CodigoNoWhoVacunaVS","title":"Código no WHODrug de la Vacuna","status":"active","date":"2021-03-11T00:00:00-03:00","publisher":"ESAVI -","contact":[{"name":"ESAVI -","telecom":[{"system":"url","value":"https://covid-19pharmacovigilance.paho.org/resources/updates-on-aefi"},{"system":"email","value":"rizzatodan@paho.org"}]}],"description":"Código no WHODrug de la Vacuna","jurisdiction":[{"coding":[{"system":"http://unstats.un.org/unsd/methods/m49/m49.htm","code":"001"}]}],"compose":{"include":[{"system":"http://paho.org/esavi/CodeSystem/CodigoNoWhoVacunaCS"}]}}