{
  "resourceType" : "CodeSystem",
  "id" : "CodigoWhoFabricanteCS",
  "text" : {
    "status" : "generated",
    "div" : "<div xmlns=\"http://www.w3.org/1999/xhtml\"><p>This  code system <code>https://paho.org/fhir/esavi/CodeSystem/CodigoWhoFabricanteCS</code> defines the following codes:</p><table class=\"codes\"><tr><td style=\"white-space:nowrap\"><b>Code</b></td><td><b>Display</b></td></tr><tr><td style=\"white-space:nowrap\">INP<a name=\"CodigoWhoFabricanteCS-INP\"> </a></td><td>Inovio Pharmaceuticals</td></tr><tr><td style=\"white-space:nowrap\">WIB<a name=\"CodigoWhoFabricanteCS-WIB\"> </a></td><td>Wuhan Institute of Biological Products (CNBG)</td></tr><tr><td style=\"white-space:nowrap\">SII<a name=\"CodigoWhoFabricanteCS-SII\"> </a></td><td>Serum Institute of India</td></tr><tr><td style=\"white-space:nowrap\">KBP<a name=\"CodigoWhoFabricanteCS-KBP\"> </a></td><td>Kentucky BioProcessing</td></tr><tr><td style=\"white-space:nowrap\">BWB<a name=\"CodigoWhoFabricanteCS-BWB\"> </a></td><td>Beijing WANTAI Biological</td></tr><tr><td style=\"white-space:nowrap\">CAB<a name=\"CodigoWhoFabricanteCS-CAB\"> </a></td><td>CanSino Biologicals</td></tr><tr><td style=\"white-space:nowrap\">MOD<a name=\"CodigoWhoFabricanteCS-MOD\"> </a></td><td>Moderna</td></tr><tr><td style=\"white-space:nowrap\">BMB<a name=\"CodigoWhoFabricanteCS-BMB\"> </a></td><td>Beijing Minhai Biotechnology</td></tr><tr><td style=\"white-space:nowrap\">IIB<a name=\"CodigoWhoFabricanteCS-IIB\"> </a></td><td>Israel Institute for Biological Research</td></tr><tr><td style=\"white-space:nowrap\">VID<a name=\"CodigoWhoFabricanteCS-VID\"> </a></td><td>VIDO-Intervac</td></tr><tr><td style=\"white-space:nowrap\">BIB<a name=\"CodigoWhoFabricanteCS-BIB\"> </a></td><td>Beijing Bio-Institute Biological Products (CNBG)</td></tr><tr><td style=\"white-space:nowrap\">GEN<a name=\"CodigoWhoFabricanteCS-GEN\"> </a></td><td>Genexine</td></tr><tr><td style=\"white-space:nowrap\">CEC<a name=\"CodigoWhoFabricanteCS-CEC\"> </a></td><td>Cellid Co</td></tr><tr><td style=\"white-space:nowrap\">JAP<a name=\"CodigoWhoFabricanteCS-JAP\"> </a></td><td>Janssen Pharmaceuticals</td></tr><tr><td style=\"white-space:nowrap\">COV<a name=\"CodigoWhoFabricanteCS-COV\"> </a></td><td>Vaxxinity Inc</td></tr><tr><td style=\"white-space:nowrap\">SIN<a name=\"CodigoWhoFabricanteCS-SIN\"> </a></td><td>Sinovac</td></tr><tr><td style=\"white-space:nowrap\">SRC<a name=\"CodigoWhoFabricanteCS-SRC\"> </a></td><td>State Research Center of Virology &amp; Biotechnology</td></tr><tr><td style=\"white-space:nowrap\">CHU<a name=\"CodigoWhoFabricanteCS-CHU\"> </a></td><td>Chumakov</td></tr><tr><td style=\"white-space:nowrap\">ART<a name=\"CodigoWhoFabricanteCS-ART\"> </a></td><td>Arcturus Therapeutics</td></tr><tr><td style=\"white-space:nowrap\">RIB<a name=\"CodigoWhoFabricanteCS-RIB\"> </a></td><td>Research Institute for Biological Safety Problems</td></tr><tr><td style=\"white-space:nowrap\">EUB<a name=\"CodigoWhoFabricanteCS-EUB\"> </a></td><td>EUBiologics</td></tr><tr><td style=\"white-space:nowrap\">IMB<a name=\"CodigoWhoFabricanteCS-IMB\"> </a></td><td>Insitute of Medical Biology</td></tr><tr><td style=\"white-space:nowrap\">SGM<a name=\"CodigoWhoFabricanteCS-SGM\"> </a></td><td>Shenzhen GenoImmune Medical Institute</td></tr><tr><td style=\"white-space:nowrap\">PFI<a name=\"CodigoWhoFabricanteCS-PFI\"> </a></td><td>Pfizer BioNTech</td></tr><tr><td style=\"white-space:nowrap\">AIV<a name=\"CodigoWhoFabricanteCS-AIV\"> </a></td><td>Aivita Biomedical</td></tr><tr><td style=\"white-space:nowrap\">NOV<a name=\"CodigoWhoFabricanteCS-NOV\"> </a></td><td>Novavax</td></tr><tr><td style=\"white-space:nowrap\">GRI<a name=\"CodigoWhoFabricanteCS-GRI\"> </a></td><td>Gamaleya Research Institute</td></tr><tr><td style=\"white-space:nowrap\">ANZ<a name=\"CodigoWhoFabricanteCS-ANZ\"> </a></td><td>Anhui Zhifei Longcom Biopharmaceutical</td></tr><tr><td style=\"white-space:nowrap\">SPG<a name=\"CodigoWhoFabricanteCS-SPG\"> </a></td><td>Sanofi Pasteur - GSK</td></tr><tr><td style=\"white-space:nowrap\">CGE<a name=\"CodigoWhoFabricanteCS-CGE\"> </a></td><td>Center for Genetic Engineering and Biotechnology</td></tr><tr><td style=\"white-space:nowrap\">AKB<a name=\"CodigoWhoFabricanteCS-AKB\"> </a></td><td>Akston Biosciences</td></tr><tr><td style=\"white-space:nowrap\">CUR<a name=\"CodigoWhoFabricanteCS-CUR\"> </a></td><td>Curevac</td></tr><tr><td style=\"white-space:nowrap\">SHI<a name=\"CodigoWhoFabricanteCS-SHI\"> </a></td><td>Shionogi</td></tr><tr><td style=\"white-space:nowrap\">MVB<a name=\"CodigoWhoFabricanteCS-MVB\"> </a></td><td>Medigen Vaccine Biologics</td></tr><tr><td style=\"white-space:nowrap\">ANB<a name=\"CodigoWhoFabricanteCS-ANB\"> </a></td><td>AnGes Biopharmaceutical</td></tr><tr><td style=\"white-space:nowrap\">ASZ<a name=\"CodigoWhoFabricanteCS-ASZ\"> </a></td><td>AstraZeneca</td></tr><tr><td style=\"white-space:nowrap\">NPB<a name=\"CodigoWhoFabricanteCS-NPB\"> </a></td><td>Nanogen Pharmaceutical Biotechnology</td></tr><tr><td style=\"white-space:nowrap\">BHB<a name=\"CodigoWhoFabricanteCS-BHB\"> </a></td><td>Bharat Biotech</td></tr><tr><td style=\"white-space:nowrap\">IFV<a name=\"CodigoWhoFabricanteCS-IFV\"> </a></td><td>Instituto Finlay de Vacunas</td></tr><tr><td style=\"white-space:nowrap\">VAL<a name=\"CodigoWhoFabricanteCS-VAL\"> </a></td><td>Valneva</td></tr><tr><td style=\"white-space:nowrap\">BIE<a name=\"CodigoWhoFabricanteCS-BIE\"> </a></td><td>Biological E</td></tr><tr><td style=\"white-space:nowrap\">MEI<a name=\"CodigoWhoFabricanteCS-MEI\"> </a></td><td>Medicago Inc</td></tr><tr><td style=\"white-space:nowrap\">GOL<a name=\"CodigoWhoFabricanteCS-GOL\"> </a></td><td>GeneOne LifeScience</td></tr><tr><td style=\"white-space:nowrap\">CLB<a name=\"CodigoWhoFabricanteCS-CLB\"> </a></td><td>Clover Biopharmaceuticals</td></tr><tr><td style=\"white-space:nowrap\">ZYC<a name=\"CodigoWhoFabricanteCS-ZYC\"> </a></td><td>Zydus Cadila</td></tr><tr><td style=\"white-space:nowrap\">SIU<a name=\"CodigoWhoFabricanteCS-SIU\"> </a></td><td>Sichuan University</td></tr><tr><td style=\"white-space:nowrap\">RET<a name=\"CodigoWhoFabricanteCS-RET\"> </a></td><td>ReiThera</td></tr><tr><td style=\"white-space:nowrap\">ERU<a name=\"CodigoWhoFabricanteCS-ERU\"> </a></td><td>Erciyes University</td></tr><tr><td style=\"white-space:nowrap\">WBI<a name=\"CodigoWhoFabricanteCS-WBI\"> </a></td><td>Walvax Biotech</td></tr><tr><td style=\"white-space:nowrap\">JUL<a name=\"CodigoWhoFabricanteCS-JUL\"> </a></td><td>Julphar</td></tr><tr><td style=\"white-space:nowrap\">SHP<a name=\"CodigoWhoFabricanteCS-SHP\"> </a></td><td>Shifa Pharmed</td></tr><tr><td style=\"white-space:nowrap\">VPL<a name=\"CodigoWhoFabricanteCS-VPL\"> </a></td><td>Vaxine Pty Ltd</td></tr><tr><td style=\"white-space:nowrap\">RAZ<a name=\"CodigoWhoFabricanteCS-RAZ\"> </a></td><td>Razi Vaccine and Serum Research Institute</td></tr><tr><td style=\"white-space:nowrap\">UNKNOWN<a name=\"CodigoWhoFabricanteCS-UNKNOWN\"> </a></td><td>Unknown</td></tr><tr><td style=\"white-space:nowrap\">HIT<a name=\"CodigoWhoFabricanteCS-HIT\"> </a></td><td>Health Institutes of Turkey</td></tr><tr><td style=\"white-space:nowrap\">NVSII<a name=\"CodigoWhoFabricanteCS-NVSII\"> </a></td><td>National Vaccine and Serum Institute, China</td></tr><tr><td style=\"white-space:nowrap\">ODIR<a name=\"CodigoWhoFabricanteCS-ODIR\"> </a></td><td>Organization of Defensive Innovation and Research</td></tr><tr><td style=\"white-space:nowrap\">PII<a name=\"CodigoWhoFabricanteCS-PII\"> </a></td><td>Pasteur Institute of Iran</td></tr><tr><td style=\"white-space:nowrap\">BUMS<a name=\"CodigoWhoFabricanteCS-BUMS\"> </a></td><td>Baqiyatallah University of Medical Sciences</td></tr></table></div>"
  },
  "url" : "https://paho.org/fhir/esavi/CodeSystem/CodigoWhoFabricanteCS",
  "version" : "0.1.3409",
  "name" : "CodigoWhoFabricanteCS",
  "title" : "Fabricante   Vacuna",
  "status" : "active",
  "date" : "2021-03-11T00:00:00-03:00",
  "publisher" : "ESAVI -",
  "contact" : [{
    "name" : "ESAVI -",
    "telecom" : [{
      "system" : "url",
      "value" : "https://covid-19pharmacovigilance.paho.org/resources/updates-on-aefi"
    },
    {
      "system" : "email",
      "value" : "rizzatodan@paho.org"
    }]
  }],
  "description" : "Códigos Fabricantes Vacunas de WHO",
  "jurisdiction" : [{
    "coding" : [{
      "system" : "http://unstats.un.org/unsd/methods/m49/m49.htm",
      "code" : "001"
    }]
  }],
  "content" : "complete",
  "count" : 59,
  "concept" : [{
    "code" : "INP",
    "display" : "Inovio Pharmaceuticals"
  },
  {
    "code" : "WIB",
    "display" : "Wuhan Institute of Biological Products (CNBG)"
  },
  {
    "code" : "SII",
    "display" : "Serum Institute of India"
  },
  {
    "code" : "KBP",
    "display" : "Kentucky BioProcessing"
  },
  {
    "code" : "BWB",
    "display" : "Beijing WANTAI Biological"
  },
  {
    "code" : "CAB",
    "display" : "CanSino Biologicals"
  },
  {
    "code" : "MOD",
    "display" : "Moderna"
  },
  {
    "code" : "BMB",
    "display" : "Beijing Minhai Biotechnology"
  },
  {
    "code" : "IIB",
    "display" : "Israel Institute for Biological Research"
  },
  {
    "code" : "VID",
    "display" : "VIDO-Intervac"
  },
  {
    "code" : "BIB",
    "display" : "Beijing Bio-Institute Biological Products (CNBG)"
  },
  {
    "code" : "GEN",
    "display" : "Genexine"
  },
  {
    "code" : "CEC",
    "display" : "Cellid Co"
  },
  {
    "code" : "JAP",
    "display" : "Janssen Pharmaceuticals"
  },
  {
    "code" : "COV",
    "display" : "Vaxxinity Inc"
  },
  {
    "code" : "SIN",
    "display" : "Sinovac"
  },
  {
    "code" : "SRC",
    "display" : "State Research Center of Virology & Biotechnology"
  },
  {
    "code" : "CHU",
    "display" : "Chumakov"
  },
  {
    "code" : "ART",
    "display" : "Arcturus Therapeutics"
  },
  {
    "code" : "RIB",
    "display" : "Research Institute for Biological Safety Problems"
  },
  {
    "code" : "EUB",
    "display" : "EUBiologics"
  },
  {
    "code" : "IMB",
    "display" : "Insitute of Medical Biology"
  },
  {
    "code" : "SGM",
    "display" : "Shenzhen GenoImmune Medical Institute"
  },
  {
    "code" : "PFI",
    "display" : "Pfizer BioNTech"
  },
  {
    "code" : "AIV",
    "display" : "Aivita Biomedical"
  },
  {
    "code" : "NOV",
    "display" : "Novavax"
  },
  {
    "code" : "GRI",
    "display" : "Gamaleya Research Institute"
  },
  {
    "code" : "ANZ",
    "display" : "Anhui Zhifei Longcom Biopharmaceutical"
  },
  {
    "code" : "SPG",
    "display" : "Sanofi Pasteur - GSK"
  },
  {
    "code" : "CGE",
    "display" : "Center for Genetic Engineering and Biotechnology"
  },
  {
    "code" : "AKB",
    "display" : "Akston Biosciences"
  },
  {
    "code" : "CUR",
    "display" : "Curevac"
  },
  {
    "code" : "SHI",
    "display" : "Shionogi"
  },
  {
    "code" : "MVB",
    "display" : "Medigen Vaccine Biologics"
  },
  {
    "code" : "ANB",
    "display" : "AnGes Biopharmaceutical"
  },
  {
    "code" : "ASZ",
    "display" : "AstraZeneca"
  },
  {
    "code" : "NPB",
    "display" : "Nanogen Pharmaceutical Biotechnology"
  },
  {
    "code" : "BHB",
    "display" : "Bharat Biotech"
  },
  {
    "code" : "IFV",
    "display" : "Instituto Finlay de Vacunas"
  },
  {
    "code" : "VAL",
    "display" : "Valneva"
  },
  {
    "code" : "BIE",
    "display" : "Biological E"
  },
  {
    "code" : "MEI",
    "display" : "Medicago Inc"
  },
  {
    "code" : "GOL",
    "display" : "GeneOne LifeScience"
  },
  {
    "code" : "CLB",
    "display" : "Clover Biopharmaceuticals"
  },
  {
    "code" : "ZYC",
    "display" : "Zydus Cadila"
  },
  {
    "code" : "SIU",
    "display" : "Sichuan University"
  },
  {
    "code" : "RET",
    "display" : "ReiThera"
  },
  {
    "code" : "ERU",
    "display" : "Erciyes University"
  },
  {
    "code" : "WBI",
    "display" : "Walvax Biotech"
  },
  {
    "code" : "JUL",
    "display" : "Julphar"
  },
  {
    "code" : "SHP",
    "display" : "Shifa Pharmed"
  },
  {
    "code" : "VPL",
    "display" : "Vaxine Pty Ltd"
  },
  {
    "code" : "RAZ",
    "display" : "Razi Vaccine and Serum Research Institute"
  },
  {
    "code" : "UNKNOWN",
    "display" : "Unknown"
  },
  {
    "code" : "HIT",
    "display" : "Health Institutes of Turkey"
  },
  {
    "code" : "NVSII",
    "display" : "National Vaccine and Serum Institute, China"
  },
  {
    "code" : "ODIR",
    "display" : "Organization of Defensive Innovation and Research"
  },
  {
    "code" : "PII",
    "display" : "Pasteur Institute of Iran"
  },
  {
    "code" : "BUMS",
    "display" : "Baqiyatallah University of Medical Sciences"
  }]
}